Ticket_ID,created_at,Channel,Customer_Name,Region,Plan,Assigned_Agent,CSAT_Score,Ticket_Text
TKT-2025-00001,01/01/2025 07:50,social_twitter,Grace Smith,Auckland,Unlimited Max,James T.,5,There's an unexpected roaming charge of $89 on my account for July. I did not travel internationally.
TKT-2025-00002,01/01/2025 09:02,live_chat,Ravi Tane,Rotorua,Family Share 60GB,Aroha N.,5,I ported my number last month and was charged by both carriers. I need a refund.
TKT-2025-00003,01/01/2025 09:21,social_twitter,Sione Nguyen,Invercargill,Essential 3GB,Ben H.,,I can't see my usage history beyond 60 days in the app. I need records for a dispute.
TKT-2025-00004,01/01/2025 10:01,email,Luisa Brown,Auckland,Unlimited Max,,3,Can you explain the 'network access charge' of $75 on my latest invoice? I don't know what this is.
TKT-2025-00005,01/01/2025 13:05,web_form,Luisa Smith,Wellington,Pro Unlimited,James T.,4,I believe I've been double-charged for my Pro Unlimited plan this month. Please investigate.
TKT-2025-00006,01/01/2025 14:43,phone_transcript,Mia Nguyen,Dunedin,Youth 15GB,Aroha N.,,I'm travelling to Napier next week and wanted to flag that I've had poor coverage there previously.
TKT-2025-00007,01/01/2025 15:34,web_form,Harper Wilson,Hamilton,Prepay 1GB,Amy S.,,My bill this month is $145 but I've been on the Prepay 1GB for 7 months and it's always been $89. Something looks off.
TKT-2025-00008,01/01/2025 15:54,live_chat,Mia Jones,Christchurch,Family Share 60GB,Aroha N.,5,I have a new 5G-capable phone but I'm not seeing 5G connectivity in Christchurch where it should be available.
TKT-2025-00009,01/01/2025 16:18,email,Sanjay Thomas,Gisborne,Youth 15GB,Mei W.,,I'm moving to Rotorua next month and would like to check coverage maps before deciding whether to stay with you.
TKT-2025-00010,01/01/2025 17:11,web_form,Ethan Parata,Christchurch,Business 30GB,Connor B.,,My account is locked after too many failed login attempts.
TKT-2025-00011,01/01/2025 17:59,chatbot,Dev Walker,Auckland,Youth 15GB,Amy S.,4,I've been charged $75 and I don't recognise this charge. Could a billing specialist please review my account?
TKT-2025-00012,01/01/2025 18:44,web_form,Aroha Martinez,Napier,Unlimited Max,Mei W.,3,My bill shows a late payment fee of $30 but I paid on time. I have bank confirmation.
TKT-2025-00013,01/01/2025 20:39,web_form,Mia Zhang,Hamilton,Unlimited Max,Fatima R.,,I was promised a discount when I signed up but my bill doesn't reflect it. I'm being charged $75 instead of $89.
TKT-2025-00014,01/01/2025 22:39,email,Luisa Davies,Auckland,Senior Easy Plan,Connor B.,4,I'd like to add a second SIM to my account for a tablet.
TKT-2025-00015,02/01/2025 06:47,web_form,Sione Parata,Dunedin,Youth 15GB,Jake S.,1,My bill this month is $60 but I've been on the Youth 15GB for 16 months and it's always been $49. Something looks off.
TKT-2025-00016,02/01/2025 09:05,social_facebook,Isabella Miller,Rotorua,Family Share 60GB,Connor B.,4,There's a $30 reconnection fee on my bill but I never requested a disconnection.
TKT-2025-00017,02/01/2025 09:32,web_form,Fatima Singh,Hamilton,Senior Easy Plan,Tom F.,4,Can you explain the 'network access charge' of $89 on my latest invoice? I don't know what this is.
TKT-2025-00018,02/01/2025 09:33,web_form,Xiao Zhang,Christchurch,Family Share 60GB,Connor B.,3,My bill shows a late payment fee of $120 but I paid on time. I have bank confirmation.
TKT-2025-00019,02/01/2025 10:47,social_twitter,Mere Jones,Dunedin,Business Unlimited,Amy S.,4,I need to transfer ownership of this account to my business.
TKT-2025-00020,02/01/2025 11:00,email,Noah Smith,Auckland,Essential 3GB,Fatima R.,2,My hotspot feature stopped working after I updated my phone. I've checked the settings.
TKT-2025-00021,02/01/2025 11:38,social_twitter,Pita Evans,Napier,Youth 15GB,Ben H.,1,There's an unexpected roaming charge of $45 on my account for May. I did not travel internationally.
TKT-2025-00022,02/01/2025 11:45,chatbot,Evelyn Johnson,Dunedin,Business Unlimited,Ben H.,4,Mobile data works but I can't make voice calls. I've tried restarting my phone multiple times.
TKT-2025-00023,02/01/2025 13:42,phone_transcript,Fatima Thompson,New Plymouth,Youth 15GB,James T.,1,My voicemail isn't recording messages. Callers say they hear the greeting but nothing is saved.
TKT-2025-00024,02/01/2025 14:32,web_form,Harper Lee,Christchurch,Prepay 1GB,Ngaio W.,3,I've forgotten my account PIN and I need to verify my identity to make changes.
TKT-2025-00025,02/01/2025 16:27,email,Jin Singh,Auckland,Unlimited Max,Ngaio W.,4,Can you explain the 'network access charge' of $210 on my latest invoice? I don't know what this is.
TKT-2025-00026,02/01/2025 16:46,phone_transcript,Daniel Ali,Blenheim,Senior Easy Plan,Raj P.,3,I switched from Senior Easy Plan to Unlimited Max mid-month and I think my pro-rata billing is wrong.
TKT-2025-00027,02/01/2025 17:37,web_form,Mere Jones,Wellington,Unlimited Max,,,I'd like an itemised bill for the last 3 months. The totals don't match what I expect.
TKT-2025-00028,02/01/2025 17:41,chatbot,George Evans,Wellington,Family Share 60GB,James T.,,I believe I've been double-charged for my Family Share 60GB plan this month. Please investigate.
TKT-2025-00029,02/01/2025 18:51,social_twitter,Charlie Kumar,Wellington,Pro Unlimited,Amy S.,4,I've been sent to the wrong department four times and nobody seems able to help.
TKT-2025-00030,02/01/2025 19:51,phone_transcript,Xiao Hassan,Hamilton,Business 30GB,Ben H.,3,Can I keep my number if I switch to a different plan? I've had this number for 10 years.
TKT-2025-00031,03/01/2025 05:33,live_chat,Daniel Mitchell,Christchurch,Business 30GB,,,I'd like to merge two accounts under my name into one.
TKT-2025-00032,03/01/2025 09:12,phone_transcript,Charlotte Evans,Auckland,Family Share 60GB,Aroha N.,,I have a new 5G-capable phone but I'm not seeing 5G connectivity in Auckland where it should be available.
TKT-2025-00033,03/01/2025 10:34,social_facebook,Emma Nguyen,Whangarei,Unlimited Max,Ngaio W.,5,There's an unexpected roaming charge of $120 on my account for December. I did not travel internationally.
TKT-2025-00034,03/01/2025 10:34,chatbot,Evelyn Parata,Christchurch,Unlimited Max,Fatima R.,5,My autopay failed this month and I was charged a $15 fee. I'd like this waived as a first-time issue.
TKT-2025-00035,03/01/2025 10:53,app_support,Luisa Smith,New Plymouth,Pro Unlimited,Auto-response,4,I've been charged for an international calling plan that I never added to my account.
TKT-2025-00036,03/01/2025 11:17,web_form,Liam Singh,Auckland,Youth 15GB,Fatima R.,4,I switched from Youth 15GB to Senior Easy Plan mid-month and I think my pro-rata billing is wrong.
TKT-2025-00037,03/01/2025 11:27,chatbot,Mere Heke,Auckland,Essential 3GB,Mei W.,4,I switched from Essential 3GB to Youth 15GB mid-month and I think my pro-rata billing is wrong.
TKT-2025-00038,03/01/2025 11:58,social_twitter,Jin Faleolo,Christchurch,Prepay 1GB,Connor B.,3,I switched from Prepay 1GB to Youth 15GB mid-month and I think my pro-rata billing is wrong.
TKT-2025-00039,03/01/2025 13:53,social_twitter,Harper Thomas,Auckland,Senior Easy Plan,Connor B.,4,There's an unexpected roaming charge of $60 on my account for December. I did not travel internationally.
TKT-2025-00040,03/01/2025 15:42,email,Harper Kumar,Rotorua,Prepay 1GB,Raj P.,,My bill this month is $126 but I've been on the Prepay 1GB for 5 months and it's always been $29. Something looks off.
TKT-2025-00041,03/01/2025 15:46,app_support,Dev Jones,Auckland,Family Share 60GB,Auto-response,4,Can you explain the 'network access charge' of $45 on my latest invoice? I don't know what this is.
TKT-2025-00042,03/01/2025 20:00,app_support,Mere Singh,Christchurch,Unlimited Max,Jake S.,2,I believe I've been double-charged for my Unlimited Max plan this month. Please investigate.
TKT-2025-00043,03/01/2025 20:41,chatbot,Ravi Thompson,Hamilton,Essential 3GB,Ben H.,5,My 4G signal keeps dropping to 3G at my home address even though coverage maps show 4G here.
TKT-2025-00044,03/01/2025 21:39,web_form,Olivia Taufa,Queenstown,Business Unlimited,Ben H.,3,I was offered a promotional rate when I renewed but my current bill is full price.
TKT-2025-00045,04/01/2025 13:09,social_twitter,Thomas Harris,Dunedin,SmartPlan 20GB,,4,I cancelled my international calling add-on last last month but I'm still being billed $75 for it.
TKT-2025-00046,04/01/2025 14:06,email,Faleolo Harris,Auckland,Youth 15GB,Jake S.,,I need to update the credit card on my account as my old card has expired.
TKT-2025-00047,04/01/2025 16:09,social_facebook,Sophie Lee,Whanganui,Senior Easy Plan,Auto-response,5,What is the difference between Senior Easy Plan and Business Unlimited? I'm considering switching.
TKT-2025-00048,05/01/2025 12:40,email,Liam Wright,Christchurch,SmartPlan 20GB,Sarah M.,2,My number isn't receiving calls from overseas. Domestic calls are fine.
TKT-2025-00049,05/01/2025 13:17,web_form,Faleolo Smith,Hamilton,Essential 3GB,Raj P.,3,I was given incorrect information by a customer service agent last week and it's caused real problems.
TKT-2025-00050,06/01/2025 10:41,email,Fatima Kumar,Rotorua,Business Unlimited,David L.,,My bill this month is $145 but I've been on the Business Unlimited for 9 months and it's always been $89. Something looks off.
TKT-2025-00051,06/01/2025 10:59,email,Ravi Harris,Gisborne,Business 30GB,Tom F.,,I switched from Business 30GB to SmartPlan 20GB mid-month and I think my pro-rata billing is wrong.
TKT-2025-00052,06/01/2025 16:32,phone_transcript,Thomas Walker,Wellington,Unlimited Max,Tom F.,,I'm experiencing intermittent data dropouts throughout the day in Wellington. This has been happening for 3 days.
TKT-2025-00053,06/01/2025 16:46,phone_transcript,Emma Hassan,Christchurch,Youth 15GB,Auto-response,4,I would like to change my current Youth 15GB plan and need to understand my options.
TKT-2025-00054,06/01/2025 18:30,phone_transcript,Luisa Miller,Wellington,Family Share 60GB,Auto-response,3,I'm considering switching providers after this experience. I'd like to know my early exit options.
TKT-2025-00055,07/01/2025 08:50,email,Xiao Faleolo,Gisborne,Unlimited Max,Connor B.,,Calls to landlines are cutting out after exactly 30 minutes every time.
TKT-2025-00056,07/01/2025 10:16,email,Sophie Tuimavave,Whangarei,Prepay 1GB,Priya K.,4,My Wi-Fi calling has stopped working and I need technical support.
TKT-2025-00057,07/01/2025 11:02,chatbot,Olivia Liu,Invercargill,SmartPlan 20GB,Connor B.,,My phone shows full signal but calls keep dropping mid-conversation.
TKT-2025-00058,07/01/2025 12:17,web_form,Harper Singh,Dunedin,SmartPlan 20GB,,,My account email address has changed and I can't receive verification codes anymore.
TKT-2025-00059,07/01/2025 13:21,app_support,Sophia Mitchell,Invercargill,Business 30GB,Tom F.,4,I want to escalate my complaint to a manager. My issue has been ongoing for 4 weeks.
TKT-2025-00060,07/01/2025 14:57,web_form,Aroha Thomas,Wellington,Unlimited Max,Raj P.,4,I want to pause my plan for 3 months while I'm overseas. Is that possible?
TKT-2025-00061,07/01/2025 18:19,web_form,Luisa Miller,Auckland,Unlimited Max,Jake S.,3,I'm moving to Christchurch next month and would like to check coverage maps before deciding whether to stay with you.
TKT-2025-00062,07/01/2025 19:53,email,Hassan Smith,Christchurch,SmartPlan 20GB,David L.,3,There's an unexpected roaming charge of $189 on my account for November. I did not travel internationally.
TKT-2025-00063,07/01/2025 21:28,social_facebook,Olivia Hassan,Wellington,Senior Easy Plan,Ben H.,1,I believe I've been double-charged for my Senior Easy Plan plan this month. Please investigate.
TKT-2025-00064,08/01/2025 08:04,social_twitter,Mia Thompson,Auckland,SmartPlan 20GB,Tom F.,4,I believe I've been double-charged for my SmartPlan 20GB plan this month. Please investigate.
TKT-2025-00065,08/01/2025 08:13,social_facebook,Grace Taylor,Hamilton,Essential 3GB,Priya K.,3,I'm experiencing intermittent data dropouts throughout the day in Hamilton. This has been happening for 7 days.
TKT-2025-00066,08/01/2025 08:26,social_facebook,Hemi Heke,Auckland,Essential 3GB,Aroha N.,,I'm unable to send MMS messages to other networks. Regular SMS works fine.
TKT-2025-00067,08/01/2025 17:04,app_support,Hemi Li,Auckland,Family Share 60GB,,4,"To Whom It May Concern,

I am writing to formally dispute a charge of $120 applied to my account on 13/12/2025. I have not received adequate explanation despite contacting support twice.

Yours sincerely,
Hemi Li"
TKT-2025-00068,08/01/2025 19:47,web_form,Dev Thompson,Auckland,Essential 3GB,,3,I can't make or receive calls while connected to Wi-Fi. The issue started 3 days ago.
TKT-2025-00069,09/01/2025 01:59,social_facebook,Fatima Heke,Auckland,Family Share 60GB,Auto-response,5,"I'm consistently getting poor signal in my new apartment in West, Auckland."
TKT-2025-00070,09/01/2025 07:03,chatbot,Fatima Martinez,Rotorua,Senior Easy Plan,,2,I'm travelling to Tauranga next week and wanted to flag that I've had poor coverage there previously.
TKT-2025-00071,09/01/2025 09:22,app_support,Sanjay Smith,Christchurch,Pro Unlimited,James T.,5,I've been a customer for 11 years and the service quality has dropped significantly.
TKT-2025-00072,09/01/2025 09:41,chatbot,Noah Wang,Christchurch,Business 30GB,Mei W.,,I want to downgrade my plan but I'm unsure of my contract obligations.
TKT-2025-00073,09/01/2025 14:32,live_chat,Pita Williams,Tauranga,Family Share 60GB,,4,"Dear Support Team,

I am the account holder for business number ending in 8780. I would like to request a full audit of charges for the past 6 months as part of a financial review.

Kind regards,
Pita Williams"
TKT-2025-00074,09/01/2025 16:15,live_chat,Aroha Singh,Wellington,Business Unlimited,Amy S.,3,"Dear Support Team,

I am the account holder for business number ending in 7359. I would like to request a full audit of charges for the past 6 months as part of a financial review.

Kind regards,
Aroha Singh"
TKT-2025-00075,09/01/2025 16:29,phone_transcript,Liam Zhang,New Plymouth,Business Unlimited,,,My data speed has been extremely slow recently - I'm getting under 1Mbps on Business Unlimited.
TKT-2025-00076,09/01/2025 16:50,web_form,Mere Heke,Christchurch,Essential 3GB,James T.,5,I'd like to add a data top-up to my Essential 3GB. How long does it last?
TKT-2025-00077,09/01/2025 23:32,web_form,Sophie Walker,Christchurch,Business Unlimited,Jake S.,2,"Since the network update last week, I've had no mobile coverage at my workplace."
TKT-2025-00078,10/01/2025 07:59,phone_transcript,Noah Roberts,New Plymouth,Youth 15GB,Sarah M.,2,My SIM card is damaged and I need a replacement sent to my address.
TKT-2025-00079,10/01/2025 08:33,social_twitter,Daniel Khalil,Whangarei,Youth 15GB,Jake S.,3,I switched from Youth 15GB to Family Share 60GB mid-month and I think my pro-rata billing is wrong.
TKT-2025-00080,10/01/2025 08:50,web_form,Sione Ali,Whanganui,Business Unlimited,David L.,,There's an unexpected roaming charge of $145 on my account for April. I did not travel internationally.
TKT-2025-00081,10/01/2025 09:33,phone_transcript,James Taylor,Blenheim,Business 30GB,Sarah M.,,I'd like to add a data top-up to my Business 30GB. How long does it last?
TKT-2025-00082,10/01/2025 09:42,web_form,Rangi Singh,Whanganui,Youth 15GB,Auto-response,,Can you explain the 'network access charge' of $120 on my latest invoice? I don't know what this is.
TKT-2025-00083,10/01/2025 10:43,web_form,Anika Nguyen,Wellington,Business 30GB,Sarah M.,5,I'm interested in switching my family of 4 to a shared plan. What are my options?
TKT-2025-00084,10/01/2025 11:38,chatbot,Pita Thompson,Auckland,Prepay 1GB,,1,I would like to add my partner to my account as an authorised person.
TKT-2025-00085,10/01/2025 12:52,web_form,Anika Lee,Dunedin,Prepay 1GB,Mei W.,,I'm moving to New Plymouth next month and would like to check coverage maps before deciding whether to stay with you.
TKT-2025-00086,10/01/2025 12:57,email,Tane Zhang,Wellington,Unlimited Max,,3,I've been charged $89 and I don't recognise this charge. Could a billing specialist please review my account?
TKT-2025-00087,10/01/2025 16:52,email,Oliver Wright,Auckland,Senior Easy Plan,Jake S.,3,My account shows I'm using Senior Easy Plan but I upgraded to Pro Unlimited last month.
TKT-2025-00088,10/01/2025 17:03,live_chat,George Singh,New Plymouth,Business Unlimited,Lisa C.,,I was told I could upgrade mid-contract without fees but now I'm being quoted a break fee.
TKT-2025-00089,10/01/2025 19:31,phone_transcript,Pita Wilson,Auckland,Essential 3GB,Tom F.,4,I want to remove an authorised user from my account.
TKT-2025-00090,10/01/2025 21:23,live_chat,Jack Kumar,Auckland,Senior Easy Plan,Raj P.,1,My bill this month is $15 but I've been on the Senior Easy Plan for 4 months and it's always been $59. Something looks off.
TKT-2025-00091,11/01/2025 09:17,web_form,James Heke,Auckland,Essential 3GB,,3,The agent I spoke to last Thursday was very unhelpful and dismissive of my issue.
TKT-2025-00092,11/01/2025 10:23,email,Oliver Kumar,Auckland,Youth 15GB,Jake S.,4,My account shows I'm using Youth 15GB but I upgraded to SmartPlan 20GB last month.
TKT-2025-00093,11/01/2025 13:04,web_form,Fatima Lee,Rotorua,Family Share 60GB,Amy S.,4,My data speed has been extremely slow recently - I'm getting under 1Mbps on Family Share 60GB.
TKT-2025-00094,11/01/2025 16:42,web_form,Charlotte Khan,Auckland,SmartPlan 20GB,,3,Can you explain the 'network access charge' of $126 on my latest invoice? I don't know what this is.
TKT-2025-00095,11/01/2025 16:52,phone_transcript,Jack Khan,Auckland,Prepay 1GB,,,I've lost my phone and need to suspend my service immediately.
TKT-2025-00096,11/01/2025 17:39,chatbot,George Taufa,Rotorua,Youth 15GB,David L.,3,Data works on 4G but switches off entirely when I move to a 5G area.
TKT-2025-00097,11/01/2025 20:15,chatbot,Olivia Miller,Auckland,Prepay 1GB,Auto-response,,I'm travelling to Palmerston North next week and wanted to flag that I've had poor coverage there previously.
TKT-2025-00098,12/01/2025 11:02,phone_transcript,George Kumar,Auckland,Business 30GB,David L.,4,What is the difference between Business 30GB and Youth 15GB? I'm considering switching.
TKT-2025-00099,12/01/2025 13:47,web_form,Grace Hassan,Auckland,Business 30GB,James T.,3,I've moved to a new country and want to check my device is unlocked before I leave.
TKT-2025-00100,12/01/2025 14:06,email,Henry Hassan,Tauranga,Youth 15GB,Fatima R.,3,I've been charged $20 and I don't recognise this charge. Could a billing specialist please review my account?
TKT-2025-00101,12/01/2025 18:09,phone_transcript,George Tuimavave,Auckland,Prepay 1GB,Fatima R.,,"I'm consistently getting poor signal in my new apartment in East, Auckland."
TKT-2025-00102,12/01/2025 19:58,email,Tane Miller,Auckland,Youth 15GB,,5,I'd like to add a data top-up to my Youth 15GB. How long does it last?
TKT-2025-00103,13/01/2025 12:39,email,Tane Tuimavave,Blenheim,SmartPlan 20GB,Amy S.,,I would like to change my current SmartPlan 20GB plan and need to understand my options.
TKT-2025-00104,13/01/2025 13:31,phone_transcript,Tane Faleolo,Christchurch,Essential 3GB,Lisa C.,3,I'm travelling to Wellington next week and wanted to flag that I've had poor coverage there previously.
TKT-2025-00105,13/01/2025 14:59,social_twitter,Faleolo Zhang,Dunedin,Youth 15GB,,2,I'm travelling to New Plymouth next week and wanted to flag that I've had poor coverage there previously.
TKT-2025-00106,13/01/2025 15:24,app_support,Charlotte Thompson,Auckland,Unlimited Max,Jake S.,3,Can you explain the 'network access charge' of $189 on my latest invoice? I don't know what this is.
TKT-2025-00107,13/01/2025 17:44,web_form,Dev Smith,Gisborne,Business Unlimited,Connor B.,1,I want to remove the insurance add-on from my plan. I've been paying for it for 2 years without using it.
TKT-2025-00108,13/01/2025 17:52,live_chat,Aroha Singh,Napier,Family Share 60GB,,3,I've called three times about the same billing issue and it still hasn't been resolved. This is unacceptable.
TKT-2025-00109,13/01/2025 22:37,phone_transcript,Aroha Taufa,Auckland,Essential 3GB,Tom F.,3,I'd like to add international roaming to my account for a trip to Australia next month.
TKT-2025-00110,14/01/2025 11:13,social_twitter,Mei Thomas,Palmerston North,Senior Easy Plan,Aroha N.,4,My bill shows a late payment fee of $210 but I paid on time. I have bank confirmation.
TKT-2025-00111,14/01/2025 12:18,chatbot,William Walker,Whangarei,Business 30GB,Mei W.,5,I have a new 5G-capable phone but I'm not seeing 5G connectivity in Whangarei where it should be available.
TKT-2025-00112,14/01/2025 14:22,email,George Smith,Napier,Unlimited Max,David L.,1,I want to make a formal complaint about the wait times on your phone line. I waited 50 minutes today.
TKT-2025-00113,14/01/2025 14:28,phone_transcript,Henry Smith,Christchurch,Essential 3GB,,2,My account shows I'm using Essential 3GB but I upgraded to Family Share 60GB last month.
TKT-2025-00114,14/01/2025 18:41,email,Mia Khalil,Christchurch,Prepay 1GB,,5,My bill shows a late payment fee of $60 but I paid on time. I have bank confirmation.
TKT-2025-00115,15/01/2025 09:18,social_twitter,Jack Smith,Auckland,Senior Easy Plan,Tom F.,,I cancelled my data boost add-on last last week but I'm still being billed $30 for it.
TKT-2025-00116,15/01/2025 12:24,social_facebook,William Heke,Christchurch,Pro Unlimited,Ben H.,1,"I'm consistently getting poor signal in my new apartment in Heights, Christchurch."
TKT-2025-00117,15/01/2025 14:22,live_chat,Ava Mitchell,Hamilton,Youth 15GB,Auto-response,4,I believe I've been double-charged for my Youth 15GB plan this month. Please investigate.
TKT-2025-00118,15/01/2025 15:05,phone_transcript,Ethan Nguyen,Hamilton,Business 30GB,Ngaio W.,,"I'm consistently getting poor signal in my new apartment in Central, Hamilton."
TKT-2025-00119,15/01/2025 17:34,web_form,Noah Hassan,Wellington,SmartPlan 20GB,,,I'd like to add a data top-up to my SmartPlan 20GB. How long does it last?
TKT-2025-00120,15/01/2025 17:47,social_facebook,Aroha Faleolo,Auckland,Pro Unlimited,Tom F.,,My bill shows a late payment fee of $45 but I paid on time. I have bank confirmation.
TKT-2025-00121,16/01/2025 08:29,phone_transcript,Aroha Tuimavave,Auckland,Youth 15GB,,3,I received no communication about a planned outage that affected my service for 5 hours.
TKT-2025-00122,16/01/2025 09:39,email,Charlie Wang,Auckland,Business Unlimited,Amy S.,4,I switched from Business Unlimited to Unlimited Max mid-month and I think my pro-rata billing is wrong.
TKT-2025-00123,16/01/2025 13:46,phone_transcript,Hemi Hassan,Auckland,Prepay 1GB,,,I was promised a callback within 24 hours and I'm still waiting after 6 days.
TKT-2025-00124,16/01/2025 16:11,web_form,Tane Taylor,Nelson,Business 30GB,Fatima R.,3,My bill this month is $145 but I've been on the Business 30GB for 15 months and it's always been $89. Something looks off.
TKT-2025-00125,16/01/2025 16:50,live_chat,Hassan Johnson,Auckland,Unlimited Max,Tom F.,,I'm travelling to Blenheim next week and wanted to flag that I've had poor coverage there previously.
TKT-2025-00126,16/01/2025 16:58,chatbot,Isabella Jones,Auckland,SmartPlan 20GB,,,There's an unexpected roaming charge of $89 on my account for November. I did not travel internationally.
TKT-2025-00127,16/01/2025 18:04,phone_transcript,Ava Wang,Tauranga,Business 30GB,Priya K.,4,I can't make or receive calls while connected to Wi-Fi. The issue started 8 days ago.
TKT-2025-00128,17/01/2025 07:39,email,Amelia Wright,Napier,Business Unlimited,Ben H.,,Can I get a SIM card for my elderly mother? She needs something very simple.
TKT-2025-00129,17/01/2025 08:10,email,Isabella Jones,Whangarei,Youth 15GB,Aroha N.,5,"Hello,

I've been attempting to resolve a technical issue with my Youth 15GB plan since October. Each time I call I'm told it will be escalated but I haven't heard back. Could a senior technician please contact me?

Thank you,
Isabella Jones"
TKT-2025-00130,17/01/2025 08:55,web_form,Jack Khalil,Auckland,Essential 3GB,Connor B.,2,I believe I've been double-charged for my Essential 3GB plan this month. Please investigate.
TKT-2025-00131,17/01/2025 09:30,email,Priya Garcia,Christchurch,Essential 3GB,Connor B.,3,My account is showing as suspended but I haven't missed a payment.
TKT-2025-00132,17/01/2025 09:54,phone_transcript,Charlie Mitchell,Auckland,Business 30GB,David L.,3,I need a copy of my last 6 months of bills for a visa application.
TKT-2025-00133,17/01/2025 13:25,web_form,Mia Williams,Wellington,Pro Unlimited,Raj P.,4,My account shows I'm using Pro Unlimited but I upgraded to Prepay 1GB last month.
TKT-2025-00134,17/01/2025 14:54,app_support,Ava Singh,Gisborne,Unlimited Max,Ben H.,,I want to switch to a business plan but I'm not sure which tier suits my usage.
TKT-2025-00135,17/01/2025 15:58,phone_transcript,Anika Martinez,Auckland,Prepay 1GB,Ngaio W.,5,My bill shows a late payment fee of $89 but I paid on time. I have bank confirmation.
TKT-2025-00136,17/01/2025 16:59,web_form,Grace Ngata,Auckland,Essential 3GB,Aroha N.,4,I'm experiencing intermittent data dropouts throughout the day in Auckland. This has been happening for 8 days.
TKT-2025-00137,17/01/2025 19:14,web_form,Grace Taylor,Christchurch,Prepay 1GB,Auto-response,,I believe I've been double-charged for my Prepay 1GB plan this month. Please investigate.
TKT-2025-00138,17/01/2025 19:29,social_facebook,Daniel Thomas,Queenstown,SmartPlan 20GB,Connor B.,2,International roaming isn't working in Australia even though I have the roaming add-on active.
TKT-2025-00139,18/01/2025 07:50,web_form,Evelyn Li,Auckland,Senior Easy Plan,Tom F.,2,I need a SIM card replacement for a trip abroad. My current one is too large for my new phone.
TKT-2025-00140,18/01/2025 11:38,email,Rangi Patel,Hamilton,Essential 3GB,,5,My bill shows a late payment fee of $20 but I paid on time. I have bank confirmation.
TKT-2025-00141,18/01/2025 17:45,phone_transcript,Thomas Martinez,Rotorua,Prepay 1GB,Connor B.,,I am unable to access my account online and need help resetting my login details.
TKT-2025-00142,18/01/2025 18:42,phone_transcript,Mei Kumar,Auckland,Business 30GB,James T.,,My student discount isn't being applied to my current bill. I submitted my student ID last month.
TKT-2025-00143,19/01/2025 08:26,live_chat,Jin Hassan,Auckland,Family Share 60GB,David L.,5,What is the difference between Family Share 60GB and Pro Unlimited? I'm considering switching.
TKT-2025-00144,19/01/2025 08:33,social_twitter,Olivia Martinez,Auckland,Business 30GB,Auto-response,3,I would like to change my current Business 30GB plan and need to understand my options.
TKT-2025-00145,19/01/2025 08:41,web_form,Mei Martin,Blenheim,Essential 3GB,Mei W.,3,I'd like to add international roaming to my account for a trip to the USA next month.
TKT-2025-00146,19/01/2025 13:34,chatbot,Hemi Jones,Hamilton,Business Unlimited,Tom F.,2,I've been charged $189 and I don't recognise this charge. Could a billing specialist please review my account?
TKT-2025-00147,19/01/2025 22:58,email,Sophie Thomas,Dunedin,Family Share 60GB,Connor B.,4,"I'm consistently getting poor signal in my new apartment in West, Dunedin."
TKT-2025-00148,20/01/2025 09:20,social_facebook,Jin Martin,Whangarei,Business 30GB,Tom F.,3,I need to update my direct debit bank account details.
TKT-2025-00149,20/01/2025 09:26,phone_transcript,Hemi Ali,Auckland,Youth 15GB,Raj P.,,My data speed has been extremely slow recently - I'm getting under 1Mbps on Youth 15GB.
TKT-2025-00150,20/01/2025 09:28,social_twitter,Chloe Roberts,Auckland,Business 30GB,,4,I've received a new phone but I'm having trouble transferring my number to the eSIM.
TKT-2025-00151,20/01/2025 12:16,web_form,Fatima Ali,Christchurch,Business Unlimited,Sarah M.,,My bill shows a late payment fee of $189 but I paid on time. I have bank confirmation.
TKT-2025-00152,20/01/2025 14:08,web_form,Liam Singh,Gisborne,SmartPlan 20GB,,1,I cancelled my roaming add-on last last month but I'm still being billed $89 for it.
TKT-2025-00153,21/01/2025 05:35,phone_transcript,Aroha Walker,Christchurch,Senior Easy Plan,Raj P.,3,My account shows I'm using Senior Easy Plan but I upgraded to Business 30GB last month.
TKT-2025-00154,21/01/2025 10:45,chatbot,Rangi Thomas,Napier,Unlimited Max,James T.,2,I've been a customer for 4 years and the service quality has dropped significantly.
TKT-2025-00155,21/01/2025 13:26,live_chat,Rangi Thompson,Wellington,Prepay 1GB,Priya K.,3,There's an unexpected roaming charge of $145 on my account for December. I did not travel internationally.
TKT-2025-00156,21/01/2025 13:46,phone_transcript,Amelia Taylor,New Plymouth,SmartPlan 20GB,Auto-response,4,My account shows I'm using SmartPlan 20GB but I upgraded to Prepay 1GB last month.
TKT-2025-00157,21/01/2025 17:56,live_chat,Sophia Khalil,Christchurch,Business Unlimited,Aroha N.,3,I've forgotten my account PIN and I need to verify my identity to make changes.
TKT-2025-00158,21/01/2025 19:23,web_form,Mei Harris,Wellington,Prepay 1GB,Ngaio W.,4,I need to transfer ownership of this account to my business.
TKT-2025-00159,22/01/2025 09:11,web_form,Jack Evans,Wellington,Essential 3GB,Aroha N.,4,I switched from Essential 3GB to Family Share 60GB mid-month and I think my pro-rata billing is wrong.
TKT-2025-00160,22/01/2025 09:28,phone_transcript,William Lee,Auckland,Unlimited Max,Amy S.,,My data speed has been extremely slow recently - I'm getting under 1Mbps on Unlimited Max.
TKT-2025-00161,22/01/2025 15:00,web_form,Hassan Liu,Auckland,Senior Easy Plan,Sarah M.,2,I found my phone after reporting it lost. Can you reactivate my service?
TKT-2025-00162,22/01/2025 20:03,chatbot,Sanjay Anderson,Auckland,Pro Unlimited,Priya K.,4,I cancelled my insurance add-on last two weeks ago but I'm still being billed $75 for it.
TKT-2025-00163,23/01/2025 08:13,phone_transcript,Luisa Zhang,Auckland,Family Share 60GB,Mei W.,,My account shows I'm using Family Share 60GB but I upgraded to Business 30GB last month.
TKT-2025-00164,23/01/2025 09:33,web_form,Xiao Thomas,Christchurch,Family Share 60GB,Sarah M.,3,I cancelled my insurance add-on last last week but I'm still being billed $210 for it.
TKT-2025-00165,23/01/2025 15:16,phone_transcript,Thomas Davies,Christchurch,Business 30GB,,4,I'd like to add international roaming to my account for a trip to Fiji next month.
TKT-2025-00166,23/01/2025 15:27,social_twitter,Ethan Thomas,Queenstown,Pro Unlimited,David L.,3,I was promised a callback within 24 hours and I'm still waiting after 3 days.
TKT-2025-00167,23/01/2025 16:00,web_form,Oliver Thompson,Dunedin,Family Share 60GB,Sarah M.,4,I'm experiencing intermittent data dropouts throughout the day in Dunedin. This has been happening for 14 days.
TKT-2025-00168,23/01/2025 20:36,email,James Johnson,Auckland,SmartPlan 20GB,Lisa C.,,"Hello,

I've been attempting to resolve a technical issue with my SmartPlan 20GB plan since September. Each time I call I'm told it will be escalated but I haven't heard back. Could a senior technician please contact me?

Thank you,
James Johnson"
TKT-2025-00169,23/01/2025 20:47,social_facebook,Ava Tuimavave,Auckland,Business Unlimited,Tom F.,3,I'd like to add international roaming to my account for a trip to the UK next month.
TKT-2025-00170,24/01/2025 09:05,web_form,Charlie Ngata,Tauranga,Pro Unlimited,Tom F.,,My bill this month is $89 but I've been on the Pro Unlimited for 12 months and it's always been $99. Something looks off.
TKT-2025-00171,24/01/2025 11:01,web_form,Evelyn Harris,Queenstown,Youth 15GB,Amy S.,,My bill this month is $20 but I've been on the Youth 15GB for 18 months and it's always been $99. Something looks off.
TKT-2025-00172,24/01/2025 11:03,email,Sione Taufa,New Plymouth,Youth 15GB,Amy S.,3,I have a new 5G-capable phone but I'm not seeing 5G connectivity in New Plymouth where it should be available.
TKT-2025-00173,24/01/2025 15:44,email,Sophie Nguyen,Wellington,SmartPlan 20GB,,4,I'm moving to Gisborne next month and would like to check coverage maps before deciding whether to stay with you.
TKT-2025-00174,24/01/2025 15:50,app_support,George Lee,Auckland,Essential 3GB,Mei W.,4,My account shows I'm using Essential 3GB but I upgraded to Unlimited Max last month.
TKT-2025-00175,25/01/2025 03:30,web_form,Amelia Patel,Wellington,Business Unlimited,Lisa C.,5,My eSIM profile disappeared after a factory reset. How do I restore it?
TKT-2025-00176,25/01/2025 21:38,email,Pita Faleolo,Auckland,Business Unlimited,Ben H.,2,I'm getting 'SIM not provisioned' errors intermittently. My SIM is less than 6 months old.
TKT-2025-00177,26/01/2025 05:50,email,Daniel Harris,Rotorua,Senior Easy Plan,Raj P.,4,My account shows I'm using Senior Easy Plan but I upgraded to Youth 15GB last month.
TKT-2025-00178,26/01/2025 07:09,chatbot,Liam Liu,Christchurch,Essential 3GB,Aroha N.,3,I've been a customer for 12 years and the service quality has dropped significantly.
TKT-2025-00179,26/01/2025 16:37,social_facebook,James Martin,Auckland,Prepay 1GB,Sarah M.,3,I'm travelling to Christchurch next week and wanted to flag that I've had poor coverage there previously.
TKT-2025-00180,27/01/2025 06:59,chatbot,Anika Khan,Auckland,Prepay 1GB,Sarah M.,,I'm moving to Nelson next month and would like to check coverage maps before deciding whether to stay with you.
TKT-2025-00181,27/01/2025 09:11,phone_transcript,Jin Nguyen,Tauranga,Unlimited Max,Fatima R.,3,I bought a new phone and I want to check it's compatible with your network.
TKT-2025-00182,27/01/2025 09:35,email,Thomas Thomas,Wellington,Youth 15GB,Amy S.,4,"To Whom It May Concern,

I am writing to formally dispute a charge of $189 applied to my account on 8/3/2025. I have not received adequate explanation despite contacting support twice.

Yours sincerely,
Thomas Thomas"
TKT-2025-00183,27/01/2025 11:07,email,Jin Mitchell,Christchurch,Pro Unlimited,Aroha N.,4,I've been a customer for 9 years and the service quality has dropped significantly.
TKT-2025-00184,27/01/2025 13:22,social_twitter,Daniel Smith,Whangarei,SmartPlan 20GB,Amy S.,,I need to change my SIM card size as I've upgraded my phone.
TKT-2025-00185,27/01/2025 13:53,social_facebook,Sophia Smith,Nelson,Business Unlimited,Raj P.,1,There's an unexpected roaming charge of $89 on my account for April. I did not travel internationally.
TKT-2025-00186,27/01/2025 15:43,phone_transcript,Thomas Heke,Christchurch,Essential 3GB,Aroha N.,4,My data speed has been extremely slow recently - I'm getting under 1Mbps on Essential 3GB.
TKT-2025-00187,27/01/2025 15:43,web_form,George Singh,Wellington,Unlimited Max,Aroha N.,4,I can't make or receive calls while connected to Wi-Fi. The issue started 12 days ago.
TKT-2025-00188,28/01/2025 06:07,email,Emma Miller,Tauranga,Youth 15GB,,,My account shows I'm using Youth 15GB but I upgraded to Prepay 1GB last month.
TKT-2025-00189,28/01/2025 08:20,web_form,Luisa Walker,Christchurch,Senior Easy Plan,Aroha N.,,I cancelled my international calling add-on last last week but I'm still being billed $126 for it.
TKT-2025-00190,28/01/2025 09:18,chatbot,Rangi Patel,Auckland,Senior Easy Plan,Priya K.,3,There's an unexpected roaming charge of $45 on my account for July. I did not travel internationally.
TKT-2025-00191,28/01/2025 09:39,social_facebook,Dev Xu,Auckland,Business Unlimited,Fatima R.,3,My bill shows a late payment fee of $126 but I paid on time. I have bank confirmation.
TKT-2025-00192,28/01/2025 11:14,live_chat,Amelia Kumar,Wellington,Prepay 1GB,Ben H.,4,Can you explain the 'network access charge' of $20 on my latest invoice? I don't know what this is.
TKT-2025-00193,28/01/2025 12:24,social_facebook,Sophie Patel,Palmerston North,Essential 3GB,Tom F.,3,What is the difference between Essential 3GB and Business 30GB? I'm considering switching.
TKT-2025-00194,28/01/2025 13:11,social_twitter,James Wang,New Plymouth,Business 30GB,Aroha N.,3,I'm experiencing intermittent data dropouts throughout the day in New Plymouth. This has been happening for 2 days.
TKT-2025-00195,28/01/2025 14:53,web_form,James Nguyen,Hamilton,Family Share 60GB,James T.,4,I cancelled my roaming add-on last last month but I'm still being billed $120 for it.
TKT-2025-00196,28/01/2025 15:23,email,Olivia Wright,Auckland,Business Unlimited,Ben H.,5,I can't make or receive calls while connected to Wi-Fi. The issue started 4 days ago.
TKT-2025-00197,28/01/2025 15:34,phone_transcript,Noah Hassan,Auckland,Business Unlimited,Raj P.,3,My bill this month is $145 but I've been on the Business Unlimited for 15 months and it's always been $29. Something looks off.
TKT-2025-00198,28/01/2025 19:34,social_twitter,Sanjay Miller,Napier,Business Unlimited,Sarah M.,,I switched from Business Unlimited to Prepay 1GB mid-month and I think my pro-rata billing is wrong.
TKT-2025-00199,28/01/2025 19:52,web_form,Sione Anderson,Dunedin,Business 30GB,Tom F.,1,Can you explain the 'network access charge' of $60 on my latest invoice? I don't know what this is.
TKT-2025-00200,28/01/2025 20:47,live_chat,William Kumar,Auckland,Essential 3GB,Auto-response,,I cancelled my insurance add-on last last month but I'm still being billed $60 for it.
TKT-2025-00201,28/01/2025 21:52,web_form,Chloe Ali,Christchurch,Business Unlimited,Priya K.,3,I cancelled my insurance add-on last last week but I'm still being billed $15 for it.
TKT-2025-00202,28/01/2025 22:56,chatbot,Raj Smith,Auckland,Business 30GB,Connor B.,4,My bill this month is $30 but I've been on the Business 30GB for 18 months and it's always been $79. Something looks off.
TKT-2025-00203,29/01/2025 06:22,web_form,Oliver Faleolo,Christchurch,Business Unlimited,Lisa C.,5,My device is asking me for an unlock code. I purchased it through you 2 years ago.
TKT-2025-00204,29/01/2025 08:31,chatbot,Aroha Patel,Hamilton,Pro Unlimited,Ben H.,2,There's an unexpected roaming charge of $189 on my account for May. I did not travel internationally.
TKT-2025-00205,29/01/2025 08:32,social_twitter,Olivia Liu,Tauranga,Prepay 1GB,Sarah M.,5,I'm experiencing intermittent data dropouts throughout the day in Tauranga. This has been happening for 11 days.
TKT-2025-00206,29/01/2025 09:50,phone_transcript,Anika Evans,Auckland,Essential 3GB,Tom F.,4,My bill this month is $75 but I've been on the Essential 3GB for 17 months and it's always been $99. Something looks off.
TKT-2025-00207,29/01/2025 10:30,social_facebook,Sione Nguyen,Auckland,SmartPlan 20GB,Priya K.,3,My bill this month is $126 but I've been on the SmartPlan 20GB for 17 months and it's always been $59. Something looks off.
TKT-2025-00208,29/01/2025 11:00,live_chat,Hassan Smith,Wellington,Business Unlimited,Amy S.,2,I believe I've been double-charged for my Business Unlimited plan this month. Please investigate.
TKT-2025-00209,29/01/2025 11:14,chatbot,Ethan Garcia,Timaru,Youth 15GB,James T.,2,My bill this month is $99 but I've been on the Youth 15GB for 12 months and it's always been $79. Something looks off.
TKT-2025-00210,29/01/2025 15:55,web_form,Olivia Lee,Christchurch,Business Unlimited,James T.,,I cancelled my insurance add-on last last month but I'm still being billed $89 for it.
TKT-2025-00211,29/01/2025 16:08,web_form,Tane Tane,Dunedin,Essential 3GB,Auto-response,,My bill this month is $189 but I've been on the Essential 3GB for 15 months and it's always been $59. Something looks off.
TKT-2025-00212,29/01/2025 20:50,chatbot,Rangi Taylor,Auckland,Family Share 60GB,Lisa C.,3,Can you explain the 'network access charge' of $145 on my latest invoice? I don't know what this is.
TKT-2025-00213,30/01/2025 07:32,web_form,Ava Evans,Auckland,Pro Unlimited,,4,My account shows I'm using Pro Unlimited but I upgraded to Essential 3GB last month.
TKT-2025-00214,30/01/2025 07:57,social_facebook,Priya Harris,Gisborne,Business Unlimited,Priya K.,5,I switched from Business Unlimited to Essential 3GB mid-month and I think my pro-rata billing is wrong.
TKT-2025-00215,30/01/2025 09:05,phone_transcript,Jin Roberts,Christchurch,Essential 3GB,Fatima R.,3,I cancelled my insurance add-on last last month but I'm still being billed $15 for it.
TKT-2025-00216,30/01/2025 10:05,web_form,James Heke,Whanganui,Pro Unlimited,Ngaio W.,4,My bill shows a late payment fee of $99 but I paid on time. I have bank confirmation.
TKT-2025-00217,30/01/2025 10:53,email,Fatima Walker,Christchurch,Unlimited Max,Tom F.,3,I'd like to add international roaming to my account for a trip to Singapore next month.
TKT-2025-00218,30/01/2025 12:25,email,Ethan Nguyen,Wellington,Family Share 60GB,Sarah M.,,My bill this month is $145 but I've been on the Family Share 60GB for 15 months and it's always been $59. Something looks off.
TKT-2025-00219,30/01/2025 17:01,email,Ethan Tane,Tauranga,Essential 3GB,Tom F.,5,I cancelled my international calling add-on last two weeks ago but I'm still being billed $89 for it.
TKT-2025-00220,30/01/2025 18:15,email,Harper Mitchell,Auckland,Essential 3GB,David L.,5,I would like to change my current Essential 3GB plan and need to understand my options.
TKT-2025-00221,30/01/2025 18:55,live_chat,Raj Xu,Christchurch,Senior Easy Plan,Priya K.,1,I've been charged $60 and I don't recognise this charge. Could a billing specialist please review my account?
TKT-2025-00222,30/01/2025 19:24,phone_transcript,Liam Zhang,Hamilton,Pro Unlimited,Amy S.,4,My bill this month is $126 but I've been on the Pro Unlimited for 2 months and it's always been $89. Something looks off.
TKT-2025-00223,30/01/2025 23:33,live_chat,William Heke,Christchurch,SmartPlan 20GB,Tom F.,,There's an unexpected roaming charge of $89 on my account for February. I did not travel internationally.
TKT-2025-00224,31/01/2025 00:23,app_support,Hemi Heke,Auckland,Business Unlimited,,,I need to update the credit card on my account as my old card has expired.
TKT-2025-00225,31/01/2025 07:09,app_support,Olivia Thompson,Christchurch,Unlimited Max,Aroha N.,2,I switched from Unlimited Max to Business Unlimited mid-month and I think my pro-rata billing is wrong.
TKT-2025-00226,31/01/2025 08:08,live_chat,Jin Nguyen,Hamilton,Senior Easy Plan,Raj P.,,My bill this month is $45 but I've been on the Senior Easy Plan for 7 months and it's always been $49. Something looks off.
TKT-2025-00227,31/01/2025 08:26,social_facebook,Aroha Lee,Christchurch,Unlimited Max,Tom F.,,There's an unexpected roaming charge of $75 on my account for February. I did not travel internationally.
TKT-2025-00228,31/01/2025 08:29,social_twitter,Amelia Mitchell,Auckland,Unlimited Max,Sarah M.,3,There's an unexpected roaming charge of $99 on my account for September. I did not travel internationally.
TKT-2025-00229,31/01/2025 08:39,social_twitter,Amelia Davies,Hamilton,Business 30GB,Mei W.,4,There's an unexpected roaming charge of $45 on my account for August. I did not travel internationally.
TKT-2025-00230,31/01/2025 09:32,social_twitter,Charlie Brown,Wellington,Pro Unlimited,Connor B.,,My bill this month is $60 but I've been on the Pro Unlimited for 6 months and it's always been $39. Something looks off.
TKT-2025-00231,31/01/2025 09:45,web_form,Ethan Mitchell,Christchurch,SmartPlan 20GB,Sarah M.,,What is the difference between SmartPlan 20GB and Youth 15GB? I'm considering switching.
TKT-2025-00232,31/01/2025 10:51,web_form,Sione Thompson,Christchurch,Business 30GB,Connor B.,5,I believe I've been double-charged for my Business 30GB plan this month. Please investigate.
TKT-2025-00233,31/01/2025 11:27,web_form,Jin Mitchell,Hamilton,SmartPlan 20GB,Tom F.,,My SIM card is damaged and I need a replacement sent to my address.
TKT-2025-00234,31/01/2025 13:00,web_form,Priya Jones,Palmerston North,SmartPlan 20GB,Ngaio W.,5,My bill this month is $30 but I've been on the SmartPlan 20GB for 15 months and it's always been $99. Something looks off.
TKT-2025-00235,31/01/2025 13:51,social_twitter,Amelia Garcia,Tauranga,Pro Unlimited,,5,What is the difference between Pro Unlimited and Family Share 60GB? I'm considering switching.
TKT-2025-00236,31/01/2025 18:07,web_form,Fatima Miller,Invercargill,Unlimited Max,Auto-response,,I'm moving to Tauranga next month and would like to check coverage maps before deciding whether to stay with you.
TKT-2025-00237,31/01/2025 19:08,chatbot,Liam Martin,Wellington,Business Unlimited,Tom F.,,My account shows I'm using Business Unlimited but I upgraded to Youth 15GB last month.
TKT-2025-00238,01/02/2025 00:16,social_facebook,James Wright,Rotorua,Unlimited Max,,5,I'm experiencing intermittent data dropouts throughout the day in Rotorua. This has been happening for 12 days.
TKT-2025-00239,01/02/2025 14:52,chatbot,Hassan Thompson,Dunedin,Essential 3GB,Jake S.,5,My bill this month is $20 but I've been on the Essential 3GB for 18 months and it's always been $89. Something looks off.
TKT-2025-00240,01/02/2025 15:28,social_twitter,Chloe Hassan,Wellington,Business Unlimited,Amy S.,4,My bill this month is $30 but I've been on the Business Unlimited for 2 months and it's always been $99. Something looks off.
TKT-2025-00241,01/02/2025 15:28,live_chat,Tane Singh,Hamilton,Prepay 1GB,Ngaio W.,3,I switched from Prepay 1GB to Essential 3GB mid-month and I think my pro-rata billing is wrong.
TKT-2025-00242,01/02/2025 16:46,web_form,Sophia Garcia,Whangarei,Business 30GB,Jake S.,2,My bill this month is $120 but I've been on the Business 30GB for 15 months and it's always been $49. Something looks off.
TKT-2025-00243,01/02/2025 19:37,email,Grace Li,Auckland,Unlimited Max,Ngaio W.,3,I'd like to add a data top-up to my Unlimited Max. How long does it last?
TKT-2025-00244,01/02/2025 19:42,chatbot,Priya Thompson,Napier,Essential 3GB,Auto-response,,What is the difference between Essential 3GB and SmartPlan 20GB? I'm considering switching.
TKT-2025-00245,01/02/2025 20:26,phone_transcript,Aroha Wilson,Rotorua,Business Unlimited,Fatima R.,5,The agent I spoke to last Monday was very unhelpful and dismissive of my issue.
TKT-2025-00246,01/02/2025 23:15,web_form,Aroha Thompson,Auckland,Pro Unlimited,,,I switched from Pro Unlimited to Prepay 1GB mid-month and I think my pro-rata billing is wrong.
TKT-2025-00247,02/02/2025 07:49,email,William Kumar,Tauranga,Family Share 60GB,Priya K.,3,I can't make or receive calls while connected to Wi-Fi. The issue started 11 days ago.
TKT-2025-00248,02/02/2025 20:22,web_form,Ava Thompson,Auckland,Business 30GB,Fatima R.,4,I found my phone after reporting it lost. Can you reactivate my service?
TKT-2025-00249,03/02/2025 06:42,email,Hassan Xu,Christchurch,Family Share 60GB,Lisa C.,,I switched from Family Share 60GB to Pro Unlimited mid-month and I think my pro-rata billing is wrong.
TKT-2025-00250,03/02/2025 08:42,social_twitter,Daniel Smith,Palmerston North,SmartPlan 20GB,Raj P.,4,I'm travelling to Rotorua next week and wanted to flag that I've had poor coverage there previously.
TKT-2025-00251,03/02/2025 08:50,email,Sione Roberts,Christchurch,Business 30GB,Mei W.,4,My bill this month is $30 but I've been on the Business 30GB for 13 months and it's always been $79. Something looks off.
TKT-2025-00252,03/02/2025 09:08,app_support,Daniel Tane,Nelson,SmartPlan 20GB,Ngaio W.,4,My bill this month is $99 but I've been on the SmartPlan 20GB for 5 months and it's always been $49. Something looks off.
TKT-2025-00253,03/02/2025 09:13,chatbot,Amelia Thompson,Palmerston North,Senior Easy Plan,Connor B.,3,I have a new 5G-capable phone but I'm not seeing 5G connectivity in Palmerston North where it should be available.
TKT-2025-00254,03/02/2025 11:48,phone_transcript,Amelia Ali,Blenheim,Essential 3GB,Fatima R.,3,There's an unexpected roaming charge of $189 on my account for October. I did not travel internationally.
TKT-2025-00255,03/02/2025 12:34,social_facebook,Sophie Brown,Wellington,Pro Unlimited,Lisa C.,2,My bill this month is $89 but I've been on the Pro Unlimited for 5 months and it's always been $49. Something looks off.
TKT-2025-00256,03/02/2025 12:52,live_chat,Emma Harris,Auckland,SmartPlan 20GB,Ngaio W.,4,There's an unexpected roaming charge of $30 on my account for February. I did not travel internationally.
TKT-2025-00257,03/02/2025 13:23,app_support,Anika Heke,Auckland,Essential 3GB,,,What is the difference between Essential 3GB and Youth 15GB? I'm considering switching.
TKT-2025-00258,03/02/2025 14:02,phone_transcript,Faleolo Khalil,Auckland,Business Unlimited,Connor B.,3,I've been a customer for 5 years and the service quality has dropped significantly.
TKT-2025-00259,03/02/2025 14:12,phone_transcript,Amelia Khalil,Napier,Senior Easy Plan,Priya K.,5,I'm moving to Hamilton next month and would like to check coverage maps before deciding whether to stay with you.
TKT-2025-00260,03/02/2025 17:08,phone_transcript,Mei Anderson,Napier,Business Unlimited,Ben H.,3,I've been charged $126 and I don't recognise this charge. Could a billing specialist please review my account?
TKT-2025-00261,03/02/2025 21:38,web_form,Ethan Thompson,Auckland,Senior Easy Plan,Auto-response,,I can't make or receive calls while connected to Wi-Fi. The issue started 14 days ago.
TKT-2025-00262,04/02/2025 06:11,web_form,Ethan Martinez,Auckland,Pro Unlimited,Connor B.,5,"I'm consistently getting poor signal in my new apartment in CBD, Auckland."
TKT-2025-00263,04/02/2025 12:09,email,Jack Liu,Auckland,Unlimited Max,James T.,1,There's an unexpected roaming charge of $15 on my account for May. I did not travel internationally.
TKT-2025-00264,04/02/2025 12:48,chatbot,Jack Li,Invercargill,Unlimited Max,,3,I can't make or receive calls while connected to Wi-Fi. The issue started 10 days ago.
TKT-2025-00265,04/02/2025 17:48,email,Hassan Khalil,Auckland,Business Unlimited,Ben H.,4,I've moved to a new country and want to check my device is unlocked before I leave.
TKT-2025-00266,05/02/2025 08:04,web_form,Raj Jones,Auckland,Essential 3GB,Ben H.,4,I'm travelling to Whanganui next week and wanted to flag that I've had poor coverage there previously.
TKT-2025-00267,05/02/2025 08:26,email,Xiao Jones,Queenstown,Senior Easy Plan,Ngaio W.,2,I have a new 5G-capable phone but I'm not seeing 5G connectivity in Queenstown where it should be available.
TKT-2025-00268,05/02/2025 09:30,web_form,Hemi Heke,Dunedin,Business Unlimited,Priya K.,5,My bill this month is $45 but I've been on the Business Unlimited for 18 months and it's always been $49. Something looks off.
TKT-2025-00269,05/02/2025 10:30,email,Dev Garcia,Auckland,Business Unlimited,James T.,,I'd like to add a data top-up to my Business Unlimited. How long does it last?
TKT-2025-00270,05/02/2025 16:27,chatbot,Amelia Xu,Auckland,Prepay 1GB,Aroha N.,3,I cancelled my data boost add-on last two weeks ago but I'm still being billed $210 for it.
TKT-2025-00271,05/02/2025 19:51,app_support,Emma Liu,Queenstown,Unlimited Max,David L.,5,I need to change my SIM card size as I've upgraded my phone.
TKT-2025-00272,06/02/2025 06:20,app_support,Ava Nguyen,Christchurch,Essential 3GB,Tom F.,4,Can you explain the 'network access charge' of $15 on my latest invoice? I don't know what this is.
TKT-2025-00273,06/02/2025 08:44,social_facebook,Chloe Taufa,Rotorua,Senior Easy Plan,James T.,4,I switched from Senior Easy Plan to SmartPlan 20GB mid-month and I think my pro-rata billing is wrong.
TKT-2025-00274,06/02/2025 12:42,phone_transcript,Sophie Harris,New Plymouth,Business Unlimited,,1,"To Whom It May Concern,

I am writing to formally dispute a charge of $89 applied to my account on 22/9/2025. I have not received adequate explanation despite contacting support twice.

Yours sincerely,
Sophie Harris"
TKT-2025-00275,06/02/2025 13:51,app_support,Dev Evans,Auckland,SmartPlan 20GB,Connor B.,,I'm travelling to Queenstown next week and wanted to flag that I've had poor coverage there previously.
TKT-2025-00276,06/02/2025 13:55,phone_transcript,Rangi Parata,Auckland,Youth 15GB,Connor B.,,What is the difference between Youth 15GB and SmartPlan 20GB? I'm considering switching.
TKT-2025-00277,06/02/2025 14:42,email,George Smith,Invercargill,Business 30GB,Lisa C.,3,I need a copy of my last 6 months of bills for a visa application.
TKT-2025-00278,06/02/2025 15:40,web_form,Ravi Singh,Nelson,Pro Unlimited,Ben H.,3,I'm travelling to Invercargill next week and wanted to flag that I've had poor coverage there previously.
TKT-2025-00279,06/02/2025 15:47,live_chat,Rangi Miller,Auckland,Family Share 60GB,Lisa C.,2,I was promised a callback within 24 hours and I'm still waiting after 7 days.
TKT-2025-00280,06/02/2025 15:56,email,Isabella Smith,Wellington,Unlimited Max,,,I was promised a callback within 24 hours and I'm still waiting after 10 days.
TKT-2025-00281,06/02/2025 16:20,email,Henry Davies,Invercargill,Pro Unlimited,Ben H.,3,I want to escalate my complaint to a manager. My issue has been ongoing for 5 weeks.
TKT-2025-00282,06/02/2025 17:19,social_twitter,Sophia Taylor,Auckland,Family Share 60GB,Amy S.,4,I want to escalate my complaint to a manager. My issue has been ongoing for 2 weeks.
TKT-2025-00283,06/02/2025 18:01,social_facebook,Anika Lee,Auckland,Family Share 60GB,James T.,,"I'm consistently getting poor signal in my new apartment in Heights, Auckland."
TKT-2025-00284,06/02/2025 18:13,chatbot,James Tuimavave,Auckland,Business 30GB,David L.,3,My bill this month is $45 but I've been on the Business 30GB for 11 months and it's always been $99. Something looks off.
TKT-2025-00285,06/02/2025 21:59,phone_transcript,Raj Lee,Auckland,Prepay 1GB,Sarah M.,,My bill this month is $145 but I've been on the Prepay 1GB for 16 months and it's always been $29. Something looks off.
TKT-2025-00286,07/02/2025 08:19,web_form,Rangi Parata,Invercargill,Unlimited Max,Tom F.,,I cancelled my insurance add-on last last month but I'm still being billed $126 for it.
TKT-2025-00287,07/02/2025 09:28,social_facebook,Jin Thomas,Auckland,Essential 3GB,Connor B.,4,What is the difference between Essential 3GB and Family Share 60GB? I'm considering switching.
TKT-2025-00288,07/02/2025 11:20,app_support,Isabella Roberts,Wellington,Family Share 60GB,Fatima R.,5,I've been charged $30 and I don't recognise this charge. Could a billing specialist please review my account?
TKT-2025-00289,07/02/2025 12:02,chatbot,Faleolo Thompson,Hamilton,Prepay 1GB,Lisa C.,4,I have a new 5G-capable phone but I'm not seeing 5G connectivity in Hamilton where it should be available.
TKT-2025-00290,07/02/2025 15:18,social_twitter,Mere Thomas,Dunedin,Essential 3GB,,3,My bill this month is $126 but I've been on the Essential 3GB for 15 months and it's always been $79. Something looks off.
TKT-2025-00291,07/02/2025 16:15,web_form,Ravi Khan,Auckland,Family Share 60GB,,4,I'm travelling to Nelson next week and wanted to flag that I've had poor coverage there previously.
TKT-2025-00292,07/02/2025 18:04,chatbot,Hemi Ali,Auckland,Family Share 60GB,Auto-response,3,I can't make or receive calls while connected to Wi-Fi. The issue started 2 days ago.
TKT-2025-00293,07/02/2025 18:53,web_form,Liam Tuimavave,Palmerston North,Unlimited Max,Lisa C.,,I'm moving to Auckland next month and would like to check coverage maps before deciding whether to stay with you.
TKT-2025-00294,08/02/2025 10:45,email,Charlie Wang,Auckland,Family Share 60GB,Ngaio W.,3,I can't make or receive calls while connected to Wi-Fi. The issue started 7 days ago.
TKT-2025-00295,08/02/2025 13:10,phone_transcript,James Thomas,Whanganui,Youth 15GB,Jake S.,4,I found my phone after reporting it lost. Can you reactivate my service?
TKT-2025-00296,08/02/2025 13:21,app_support,Jin Khalil,Napier,Unlimited Max,,4,There's an unexpected roaming charge of $60 on my account for February. I did not travel internationally.
TKT-2025-00297,08/02/2025 15:49,phone_transcript,Charlie Miller,Napier,Prepay 1GB,David L.,3,I need to update my direct debit bank account details.
TKT-2025-00298,08/02/2025 17:23,web_form,Ravi Tuimavave,Auckland,Business 30GB,James T.,,"I'm consistently getting poor signal in my new apartment in South, Auckland."
TKT-2025-00299,09/02/2025 01:12,social_twitter,Rangi Evans,Palmerston North,Family Share 60GB,Connor B.,4,I'm experiencing intermittent data dropouts throughout the day in Palmerston North. This has been happening for 8 days.
TKT-2025-00300,09/02/2025 09:03,phone_transcript,Raj Nguyen,Christchurch,Business Unlimited,Amy S.,3,My bill this month is $99 but I've been on the Business Unlimited for 6 months and it's always been $89. Something looks off.
TKT-2025-00301,09/02/2025 09:43,social_facebook,Thomas Singh,Timaru,Family Share 60GB,Ngaio W.,4,My account shows I'm using Family Share 60GB but I upgraded to Prepay 1GB last month.
TKT-2025-00302,09/02/2025 10:34,app_support,Priya Nguyen,Tauranga,Essential 3GB,Connor B.,3,I cancelled my insurance add-on last two weeks ago but I'm still being billed $60 for it.
TKT-2025-00303,09/02/2025 11:50,web_form,Sanjay Taufa,Dunedin,Prepay 1GB,Sarah M.,3,I'm travelling to Auckland next week and wanted to flag that I've had poor coverage there previously.
TKT-2025-00304,09/02/2025 16:09,email,Oliver Tane,Auckland,Unlimited Max,Mei W.,,I'm travelling to Blenheim next week and wanted to flag that I've had poor coverage there previously.
TKT-2025-00305,10/02/2025 06:24,live_chat,William Faleolo,Auckland,Youth 15GB,Ngaio W.,4,I cancelled my data boost add-on last last week but I'm still being billed $145 for it.
TKT-2025-00306,10/02/2025 06:59,social_facebook,Xiao Harris,Auckland,Unlimited Max,Aroha N.,3,I can't make or receive calls while connected to Wi-Fi. The issue started 13 days ago.
TKT-2025-00307,10/02/2025 08:05,phone_transcript,Daniel Wang,Palmerston North,Business 30GB,Amy S.,2,There's an unexpected roaming charge of $20 on my account for August. I did not travel internationally.
TKT-2025-00308,10/02/2025 09:31,web_form,Dev Nguyen,Queenstown,Family Share 60GB,Ben H.,4,My account shows I'm using Family Share 60GB but I upgraded to Senior Easy Plan last month.
TKT-2025-00309,10/02/2025 09:52,phone_transcript,Oliver Nguyen,Christchurch,Unlimited Max,Aroha N.,,My account shows I'm using Unlimited Max but I upgraded to Business 30GB last month.
TKT-2025-00310,10/02/2025 10:02,email,Mia Jones,Auckland,Business Unlimited,Priya K.,4,The agent I spoke to last Tuesday was very unhelpful and dismissive of my issue.
TKT-2025-00311,10/02/2025 10:11,live_chat,Ava Thompson,Auckland,Unlimited Max,Aroha N.,3,My account shows I'm using Unlimited Max but I upgraded to Essential 3GB last month.
TKT-2025-00312,10/02/2025 10:33,phone_transcript,Fatima Singh,Rotorua,Pro Unlimited,,4,I'd like to add a data top-up to my Pro Unlimited. How long does it last?
TKT-2025-00313,10/02/2025 11:02,web_form,Dev Lee,New Plymouth,Business Unlimited,Connor B.,,I've moved to a new country and want to check my device is unlocked before I leave.
TKT-2025-00314,10/02/2025 13:06,web_form,Olivia Williams,Napier,Business Unlimited,Amy S.,4,"I'm consistently getting poor signal in my new apartment in North, Napier."
TKT-2025-00315,10/02/2025 20:33,email,Mia Tuimavave,Tauranga,Unlimited Max,Jake S.,5,I have a new 5G-capable phone but I'm not seeing 5G connectivity in Tauranga where it should be available.
TKT-2025-00316,10/02/2025 21:49,phone_transcript,Rangi Tuimavave,Palmerston North,Business 30GB,Ngaio W.,5,What is the difference between Business 30GB and Pro Unlimited? I'm considering switching.
TKT-2025-00317,11/02/2025 07:34,app_support,Ravi Taufa,Auckland,Pro Unlimited,,5,I'm travelling to Hamilton next week and wanted to flag that I've had poor coverage there previously.
TKT-2025-00318,11/02/2025 09:21,web_form,Anika Taufa,Christchurch,Pro Unlimited,David L.,4,My bill this month is $60 but I've been on the Pro Unlimited for 10 months and it's always been $49. Something looks off.
TKT-2025-00319,11/02/2025 10:41,phone_transcript,Grace Zhang,Palmerston North,Pro Unlimited,Priya K.,4,My account shows I'm using Pro Unlimited but I upgraded to Business 30GB last month.
TKT-2025-00320,11/02/2025 12:17,web_form,Noah Ali,Christchurch,Pro Unlimited,Mei W.,4,"I'm consistently getting poor signal in my new apartment in South, Christchurch."
TKT-2025-00321,11/02/2025 13:06,chatbot,Henry Brown,Auckland,Pro Unlimited,Tom F.,3,My bill this month is $89 but I've been on the Pro Unlimited for 6 months and it's always been $29. Something looks off.
TKT-2025-00322,11/02/2025 14:04,web_form,Thomas Khan,Palmerston North,Family Share 60GB,Mei W.,,My account email address has changed and I can't receive verification codes anymore.
TKT-2025-00323,11/02/2025 15:10,email,Oliver Thomas,Auckland,Business 30GB,David L.,,My bill this month is $75 but I've been on the Business 30GB for 8 months and it's always been $59. Something looks off.
TKT-2025-00324,11/02/2025 16:27,phone_transcript,Luisa Anderson,Queenstown,Prepay 1GB,Amy S.,,I found my phone after reporting it lost. Can you reactivate my service?
TKT-2025-00325,11/02/2025 17:35,web_form,Charlie Anderson,Napier,Business 30GB,Aroha N.,4,My account shows I'm using Business 30GB but I upgraded to Family Share 60GB last month.
TKT-2025-00326,11/02/2025 21:53,chatbot,Raj Thompson,Auckland,Prepay 1GB,Jake S.,,"I'm consistently getting poor signal in my new apartment in North, Auckland."
TKT-2025-00327,12/02/2025 08:41,chatbot,Xiao Jones,Auckland,Unlimited Max,Amy S.,5,My bill this month is $99 but I've been on the Unlimited Max for 4 months and it's always been $39. Something looks off.
TKT-2025-00328,12/02/2025 09:03,phone_transcript,Grace Davies,Auckland,Family Share 60GB,Raj P.,3,My bill shows a late payment fee of $15 but I paid on time. I have bank confirmation.
TKT-2025-00329,12/02/2025 11:59,phone_transcript,Hassan Lee,Tauranga,SmartPlan 20GB,Priya K.,3,I've been charged $15 and I don't recognise this charge. Could a billing specialist please review my account?
TKT-2025-00330,12/02/2025 13:36,web_form,Aroha Heke,Tauranga,Unlimited Max,Amy S.,2,I would like to change my current Unlimited Max plan and need to understand my options.
TKT-2025-00331,12/02/2025 15:19,email,Hemi Roberts,Whanganui,Unlimited Max,David L.,2,I'm experiencing intermittent data dropouts throughout the day in Whanganui. This has been happening for 12 days.
TKT-2025-00332,12/02/2025 16:25,email,Rangi Mitchell,Auckland,Prepay 1GB,David L.,4,What is the difference between Prepay 1GB and SmartPlan 20GB? I'm considering switching.
TKT-2025-00333,12/02/2025 17:21,social_twitter,Grace Taylor,Christchurch,Youth 15GB,Tom F.,4,I'm experiencing intermittent data dropouts throughout the day in Christchurch. This has been happening for 13 days.
TKT-2025-00334,12/02/2025 17:23,email,Jin Tane,Napier,Family Share 60GB,Sarah M.,5,I would like to change my current Family Share 60GB plan and need to understand my options.
TKT-2025-00335,12/02/2025 17:43,social_facebook,Liam Taylor,Christchurch,Unlimited Max,Ben H.,,My device is asking me for an unlock code. I purchased it through you 2 years ago.
TKT-2025-00336,12/02/2025 19:04,phone_transcript,Tane Wright,Christchurch,Business 30GB,David L.,3,I switched from Business 30GB to Prepay 1GB mid-month and I think my pro-rata billing is wrong.
TKT-2025-00337,12/02/2025 19:37,live_chat,Sione Anderson,Auckland,Essential 3GB,Ngaio W.,,There's an unexpected roaming charge of $145 on my account for February. I did not travel internationally.
TKT-2025-00338,13/02/2025 02:53,chatbot,Fatima Harris,Wellington,Youth 15GB,James T.,4,I can't make or receive calls while connected to Wi-Fi. The issue started 6 days ago.
TKT-2025-00339,13/02/2025 10:07,email,Mere Li,Auckland,Pro Unlimited,Fatima R.,5,There's an unexpected roaming charge of $99 on my account for October. I did not travel internationally.
TKT-2025-00340,13/02/2025 10:54,email,Luisa Faleolo,Auckland,SmartPlan 20GB,Priya K.,4,"Dear Support Team,

I am the account holder for business number ending in 5218. I would like to request a full audit of charges for the past 6 months as part of a financial review.

Kind regards,
Luisa Faleolo"
TKT-2025-00341,13/02/2025 11:12,live_chat,Noah Kumar,Auckland,Pro Unlimited,,3,I've been a customer for 8 years and the service quality has dropped significantly.
TKT-2025-00342,13/02/2025 11:13,phone_transcript,Ethan Mitchell,Wellington,Unlimited Max,,4,Can you explain the 'network access charge' of $99 on my latest invoice? I don't know what this is.
TKT-2025-00343,13/02/2025 12:12,app_support,Tane Thomas,Wellington,Unlimited Max,Mei W.,,"I'm consistently getting poor signal in my new apartment in East, Wellington."
TKT-2025-00344,13/02/2025 12:18,chatbot,Priya Taufa,Nelson,Business 30GB,Amy S.,5,"I'm consistently getting poor signal in my new apartment in South, Nelson."
TKT-2025-00345,13/02/2025 12:44,email,Daniel Roberts,Queenstown,Essential 3GB,Sarah M.,2,What is the difference between Essential 3GB and Unlimited Max? I'm considering switching.
TKT-2025-00346,13/02/2025 13:53,social_facebook,Chloe Taylor,Dunedin,Family Share 60GB,Tom F.,,My bill this month is $20 but I've been on the Family Share 60GB for 9 months and it's always been $49. Something looks off.
TKT-2025-00347,13/02/2025 14:34,web_form,Chloe Miller,Auckland,Unlimited Max,Ngaio W.,4,I'm moving to Palmerston North next month and would like to check coverage maps before deciding whether to stay with you.
TKT-2025-00348,13/02/2025 14:50,chatbot,Henry Faleolo,Christchurch,Unlimited Max,Sarah M.,3,My account shows I'm using Unlimited Max but I upgraded to Senior Easy Plan last month.
TKT-2025-00349,13/02/2025 16:48,chatbot,Faleolo Roberts,Nelson,Youth 15GB,Connor B.,4,I'm experiencing intermittent data dropouts throughout the day in Nelson. This has been happening for 11 days.
TKT-2025-00350,13/02/2025 17:36,live_chat,Sanjay Patel,New Plymouth,Essential 3GB,Fatima R.,4,What is the difference between Essential 3GB and Senior Easy Plan? I'm considering switching.
TKT-2025-00351,13/02/2025 18:14,social_facebook,Sanjay Martin,Auckland,Senior Easy Plan,Raj P.,4,My eSIM profile disappeared after a factory reset. How do I restore it?
TKT-2025-00352,13/02/2025 18:58,email,Sione Xu,Auckland,Family Share 60GB,,4,My account shows I'm using Family Share 60GB but I upgraded to Business Unlimited last month.
TKT-2025-00353,13/02/2025 19:45,phone_transcript,Jin Harris,Christchurch,SmartPlan 20GB,Lisa C.,4,"I'm consistently getting poor signal in my new apartment in CBD, Christchurch."
TKT-2025-00354,14/02/2025 07:21,web_form,Ava Liu,Nelson,Essential 3GB,David L.,,What is the difference between Essential 3GB and Pro Unlimited? I'm considering switching.
TKT-2025-00355,14/02/2025 08:39,chatbot,William Ali,Auckland,Business 30GB,Priya K.,3,My account shows I'm using Business 30GB but I upgraded to Prepay 1GB last month.
TKT-2025-00356,14/02/2025 11:59,live_chat,Ethan Martinez,Auckland,Youth 15GB,Amy S.,5,"I'm consistently getting poor signal in my new apartment in Central, Auckland."
TKT-2025-00357,14/02/2025 13:50,social_facebook,Aroha Tuimavave,Christchurch,Prepay 1GB,James T.,1,My data speed has been extremely slow recently - I'm getting under 1Mbps on Prepay 1GB.
TKT-2025-00358,14/02/2025 17:14,live_chat,Hassan Thompson,Christchurch,Unlimited Max,Priya K.,3,"Dear Support Team,

I am the account holder for business number ending in 2190. I would like to request a full audit of charges for the past 6 months as part of a financial review.

Kind regards,
Hassan Thompson"
TKT-2025-00359,14/02/2025 19:40,phone_transcript,Pita Anderson,Auckland,Business Unlimited,Lisa C.,4,The agent I spoke to last Wednesday was very unhelpful and dismissive of my issue.
TKT-2025-00360,14/02/2025 22:06,live_chat,Charlotte Jones,Auckland,Pro Unlimited,Priya K.,3,There's an unexpected roaming charge of $145 on my account for October. I did not travel internationally.
TKT-2025-00361,14/02/2025 23:02,social_twitter,George Faleolo,Auckland,Essential 3GB,Jake S.,3,I want to downgrade my plan but I'm unsure of my contract obligations.
TKT-2025-00362,14/02/2025 23:49,web_form,Liam Li,Hamilton,Senior Easy Plan,Jake S.,3,I can't make or receive calls while connected to Wi-Fi. The issue started 5 days ago.
TKT-2025-00363,15/02/2025 12:44,email,Amelia Tane,Christchurch,Pro Unlimited,Raj P.,3,I'm moving to Blenheim next month and would like to check coverage maps before deciding whether to stay with you.
TKT-2025-00364,15/02/2025 14:20,phone_transcript,Ravi Smith,Christchurch,Prepay 1GB,Ngaio W.,3,What is the difference between Prepay 1GB and Pro Unlimited? I'm considering switching.
TKT-2025-00365,16/02/2025 10:40,chatbot,Hemi Brown,Hamilton,Prepay 1GB,Connor B.,4,I'd like to add a data top-up to my Prepay 1GB. How long does it last?
TKT-2025-00366,16/02/2025 13:14,email,Grace Garcia,Christchurch,Senior Easy Plan,Sarah M.,5,I cancelled my data boost add-on last last week but I'm still being billed $60 for it.
TKT-2025-00367,16/02/2025 16:06,email,Ethan Khan,Invercargill,Youth 15GB,,,I've received a new phone but I'm having trouble transferring my number to the eSIM.
TKT-2025-00368,17/02/2025 03:00,chatbot,Sione Jones,Christchurch,Prepay 1GB,Auto-response,4,My account shows I'm using Prepay 1GB but I upgraded to SmartPlan 20GB last month.
TKT-2025-00369,17/02/2025 07:15,email,Evelyn Davies,Timaru,Pro Unlimited,Ben H.,4,I'm experiencing intermittent data dropouts throughout the day in Timaru. This has been happening for 6 days.
TKT-2025-00370,17/02/2025 07:24,email,Isabella Davies,Christchurch,Prepay 1GB,Amy S.,,Mobile data works but I can't make voice calls. I've tried restarting my phone multiple times.
TKT-2025-00371,17/02/2025 08:17,web_form,Mia Zhang,Auckland,Business Unlimited,David L.,4,My account shows I'm using Business Unlimited but I upgraded to Essential 3GB last month.
TKT-2025-00372,17/02/2025 08:45,phone_transcript,Olivia Khalil,Auckland,Youth 15GB,Sarah M.,2,I need to change my SIM card size as I've upgraded my phone.
TKT-2025-00373,17/02/2025 12:08,app_support,Rangi Roberts,Christchurch,Pro Unlimited,Amy S.,,I switched from Pro Unlimited to Essential 3GB mid-month and I think my pro-rata billing is wrong.
TKT-2025-00374,17/02/2025 13:56,web_form,James Faleolo,Christchurch,Senior Easy Plan,Raj P.,,My account shows I'm using Senior Easy Plan but I upgraded to Essential 3GB last month.
TKT-2025-00375,17/02/2025 15:17,social_facebook,Ravi Li,Christchurch,Essential 3GB,Ngaio W.,3,My voicemail isn't recording messages. Callers say they hear the greeting but nothing is saved.
TKT-2025-00376,17/02/2025 18:20,web_form,Pita Roberts,Palmerston North,SmartPlan 20GB,Connor B.,5,What is the difference between SmartPlan 20GB and Unlimited Max? I'm considering switching.
TKT-2025-00377,17/02/2025 20:27,email,Charlie Li,Napier,Family Share 60GB,Ngaio W.,,I'd like to add a data top-up to my Family Share 60GB. How long does it last?
TKT-2025-00378,17/02/2025 20:46,web_form,Aroha Kumar,Christchurch,Pro Unlimited,Sarah M.,5,"I'm consistently getting poor signal in my new apartment in North, Christchurch."
TKT-2025-00379,17/02/2025 21:30,chatbot,Pita Martin,Palmerston North,SmartPlan 20GB,James T.,4,I switched from SmartPlan 20GB to Pro Unlimited mid-month and I think my pro-rata billing is wrong.
TKT-2025-00380,18/02/2025 07:42,chatbot,James Mitchell,Auckland,Unlimited Max,,3,My account shows I'm using Unlimited Max but I upgraded to Prepay 1GB last month.
TKT-2025-00381,18/02/2025 07:59,chatbot,Anika Jones,Tauranga,Business Unlimited,Priya K.,,"Dear Network Team,

We have been experiencing intermittent data outages at our office in Tauranga since October. We have 28 staff who rely on mobile data. Could someone please call me to discuss a solution?

Regards,
Anika Jones"
TKT-2025-00382,18/02/2025 10:17,phone_transcript,Mere Wright,Gisborne,Unlimited Max,Amy S.,4,My bill this month is $60 but I've been on the Unlimited Max for 12 months and it's always been $29. Something looks off.
TKT-2025-00383,18/02/2025 15:20,web_form,Hassan Davies,Tauranga,Essential 3GB,Amy S.,4,I need a SIM card replacement for a trip abroad. My current one is too large for my new phone.
TKT-2025-00384,18/02/2025 17:47,live_chat,Raj Ali,Wellington,Family Share 60GB,Ben H.,3,My account shows I'm using Family Share 60GB but I upgraded to SmartPlan 20GB last month.
TKT-2025-00385,19/02/2025 01:41,web_form,Evelyn Roberts,Auckland,Prepay 1GB,Priya K.,3,I would like to change my current Prepay 1GB plan and need to understand my options.
TKT-2025-00386,19/02/2025 08:09,email,Olivia Xu,Wellington,Business 30GB,Auto-response,5,"Dear Support Team,

I am the account holder for business number ending in 5152. I would like to request a full audit of charges for the past 6 months as part of a financial review.

Kind regards,
Olivia Xu"
TKT-2025-00387,19/02/2025 10:03,web_form,Ethan Johnson,Nelson,Essential 3GB,Ngaio W.,5,My account shows I'm using Essential 3GB but I upgraded to Business 30GB last month.
TKT-2025-00388,19/02/2025 10:43,web_form,Sophie Parata,Auckland,Unlimited Max,Priya K.,3,My student discount isn't being applied to my current bill. I submitted my student ID last month.
TKT-2025-00389,19/02/2025 11:37,live_chat,Ravi Faleolo,Invercargill,Family Share 60GB,Ngaio W.,2,I switched from Family Share 60GB to Business 30GB mid-month and I think my pro-rata billing is wrong.
TKT-2025-00390,19/02/2025 12:44,email,Sophie Garcia,Timaru,SmartPlan 20GB,Aroha N.,4,I want to remove an authorised user from my account.
TKT-2025-00391,19/02/2025 13:39,social_facebook,Jack Jones,Palmerston North,Prepay 1GB,Auto-response,3,I was promised a callback within 24 hours and I'm still waiting after 2 days.
TKT-2025-00392,19/02/2025 13:49,app_support,Sione Kumar,Dunedin,Business 30GB,Ngaio W.,5,My account shows I'm using Business 30GB but I upgraded to Pro Unlimited last month.
TKT-2025-00393,19/02/2025 14:28,live_chat,Mei Thompson,Palmerston North,Pro Unlimited,Aroha N.,5,I would like to change my current Pro Unlimited plan and need to understand my options.
TKT-2025-00394,19/02/2025 15:38,web_form,Aroha Patel,Auckland,Unlimited Max,Tom F.,4,"Dear Support Team,

I am the account holder for business number ending in 8212. I would like to request a full audit of charges for the past 6 months as part of a financial review.

Kind regards,
Aroha Patel"
TKT-2025-00395,19/02/2025 16:59,phone_transcript,Mere Ali,Dunedin,Senior Easy Plan,Fatima R.,4,My bill this month is $89 but I've been on the Senior Easy Plan for 12 months and it's always been $99. Something looks off.
TKT-2025-00396,19/02/2025 20:19,email,Emma Garcia,Rotorua,Prepay 1GB,Connor B.,2,My bill this month is $120 but I've been on the Prepay 1GB for 15 months and it's always been $49. Something looks off.
TKT-2025-00397,19/02/2025 21:58,email,Daniel Tane,Tauranga,Family Share 60GB,,3,"I'm consistently getting poor signal in my new apartment in Valley, Tauranga."
TKT-2025-00398,20/02/2025 08:47,web_form,Jack Lee,Tauranga,SmartPlan 20GB,Jake S.,3,There's an unexpected roaming charge of $30 on my account for November. I did not travel internationally.
TKT-2025-00399,20/02/2025 09:01,app_support,George Thomas,Christchurch,Business Unlimited,Ngaio W.,5,I switched from Business Unlimited to Family Share 60GB mid-month and I think my pro-rata billing is wrong.
TKT-2025-00400,20/02/2025 10:06,phone_transcript,Aroha Wilson,New Plymouth,Family Share 60GB,Aroha N.,3,I've been a customer for 6 years and the service quality has dropped significantly.
TKT-2025-00401,20/02/2025 10:31,social_facebook,Hassan Harris,Auckland,Business 30GB,James T.,3,My account shows I'm using Business 30GB but I upgraded to SmartPlan 20GB last month.
TKT-2025-00402,20/02/2025 10:42,app_support,Xiao Evans,Auckland,Youth 15GB,Aroha N.,1,I cancelled my insurance add-on last last week but I'm still being billed $89 for it.
TKT-2025-00403,20/02/2025 11:56,chatbot,Fatima Martin,Hamilton,Essential 3GB,Tom F.,,"I'm consistently getting poor signal in my new apartment in South, Hamilton."
TKT-2025-00404,20/02/2025 12:05,live_chat,Evelyn Patel,Whanganui,Prepay 1GB,Auto-response,,I'd like to merge two accounts under my name into one.
TKT-2025-00405,20/02/2025 14:43,social_twitter,Mere Ali,Christchurch,Business Unlimited,James T.,,My device is asking me for an unlock code. I purchased it through you 2 years ago.
TKT-2025-00406,20/02/2025 17:09,chatbot,Aroha Walker,Dunedin,SmartPlan 20GB,,4,"I'm consistently getting poor signal in my new apartment in Heights, Dunedin."
TKT-2025-00407,20/02/2025 19:49,email,Mere Smith,Hamilton,Family Share 60GB,,4,I'd like to add a second SIM to my account for a tablet.
TKT-2025-00408,21/02/2025 07:24,web_form,Ravi Lee,Christchurch,Youth 15GB,Aroha N.,,I'm moving to Whanganui next month and would like to check coverage maps before deciding whether to stay with you.
TKT-2025-00409,21/02/2025 07:53,email,Mia Ngata,Whanganui,Unlimited Max,Fatima R.,4,I need to update the credit card on my account as my old card has expired.
TKT-2025-00410,21/02/2025 08:03,chatbot,Oliver Kumar,Auckland,Unlimited Max,Jake S.,,I bought a new phone and I want to check it's compatible with your network.
TKT-2025-00411,21/02/2025 08:27,live_chat,Hassan Nguyen,Whangarei,Unlimited Max,Ben H.,1,I'm experiencing intermittent data dropouts throughout the day in Whangarei. This has been happening for 13 days.
TKT-2025-00412,21/02/2025 08:41,email,Amelia Xu,Wellington,Essential 3GB,Ngaio W.,,My account shows I'm using Essential 3GB but I upgraded to SmartPlan 20GB last month.
TKT-2025-00413,21/02/2025 13:25,email,Hassan Anderson,Whangarei,Essential 3GB,Mei W.,3,I'm moving to Queenstown next month and would like to check coverage maps before deciding whether to stay with you.
TKT-2025-00414,21/02/2025 15:36,web_form,Charlie Evans,Gisborne,Senior Easy Plan,Ben H.,3,I cancelled my insurance add-on last last week but I'm still being billed $60 for it.
TKT-2025-00415,21/02/2025 17:27,chatbot,Aroha Nguyen,Auckland,SmartPlan 20GB,James T.,,My data speed has been extremely slow recently - I'm getting under 1Mbps on SmartPlan 20GB.
TKT-2025-00416,21/02/2025 19:08,social_facebook,Ethan Williams,Christchurch,Family Share 60GB,Ben H.,4,My account shows I'm using Family Share 60GB but I upgraded to Youth 15GB last month.
TKT-2025-00417,21/02/2025 23:38,email,Henry Thomas,Wellington,Prepay 1GB,Sarah M.,3,I have a new 5G-capable phone but I'm not seeing 5G connectivity in Wellington where it should be available.
TKT-2025-00418,22/02/2025 07:34,social_facebook,Priya Johnson,Auckland,Prepay 1GB,Sarah M.,4,I bought a new phone and I want to check it's compatible with your network.
TKT-2025-00419,22/02/2025 09:19,live_chat,Sione Kumar,Auckland,Prepay 1GB,David L.,4,I've been a customer for 10 years and the service quality has dropped significantly.
TKT-2025-00420,22/02/2025 12:36,social_twitter,Ravi Thomas,Auckland,Business 30GB,Connor B.,,There's an unexpected roaming charge of $30 on my account for August. I did not travel internationally.
TKT-2025-00421,22/02/2025 18:59,web_form,Aroha Wright,Whangarei,SmartPlan 20GB,,,What is the difference between SmartPlan 20GB and Business Unlimited? I'm considering switching.
TKT-2025-00422,23/02/2025 11:39,email,Aroha Parata,Queenstown,Senior Easy Plan,,3,My bill this month is $75 but I've been on the Senior Easy Plan for 10 months and it's always been $39. Something looks off.
TKT-2025-00423,23/02/2025 12:05,web_form,Thomas Liu,Auckland,Family Share 60GB,Ngaio W.,3,My bill this month is $30 but I've been on the Family Share 60GB for 18 months and it's always been $79. Something looks off.
TKT-2025-00424,23/02/2025 13:51,chatbot,Mia Mitchell,Auckland,Business 30GB,Connor B.,,What is the difference between Business 30GB and Unlimited Max? I'm considering switching.
TKT-2025-00425,23/02/2025 17:47,social_facebook,Mei Roberts,Auckland,Essential 3GB,Amy S.,1,I've been a customer for 7 years and the service quality has dropped significantly.
TKT-2025-00426,24/02/2025 09:19,live_chat,Charlotte Walker,Rotorua,Youth 15GB,Ngaio W.,,I cancelled my roaming add-on last last month but I'm still being billed $30 for it.
TKT-2025-00427,24/02/2025 09:19,chatbot,Evelyn Heke,Auckland,Senior Easy Plan,Aroha N.,2,I switched from Senior Easy Plan to Essential 3GB mid-month and I think my pro-rata billing is wrong.
TKT-2025-00428,24/02/2025 10:34,live_chat,Mei Hassan,Whangarei,Business Unlimited,Sarah M.,,"Dear Support Team,

I am the account holder for business number ending in 1825. I would like to request a full audit of charges for the past 6 months as part of a financial review.

Kind regards,
Mei Hassan"
TKT-2025-00429,24/02/2025 13:31,phone_transcript,Priya Mitchell,Auckland,Senior Easy Plan,David L.,3,My data speed has been extremely slow recently - I'm getting under 1Mbps on Senior Easy Plan.
TKT-2025-00430,24/02/2025 15:26,social_facebook,Aroha Khalil,Gisborne,Family Share 60GB,Auto-response,3,I'm experiencing intermittent data dropouts throughout the day in Gisborne. This has been happening for 14 days.
TKT-2025-00431,24/02/2025 15:39,app_support,Jin Taylor,Invercargill,SmartPlan 20GB,James T.,2,What is the difference between SmartPlan 20GB and Business 30GB? I'm considering switching.
TKT-2025-00432,24/02/2025 16:27,social_twitter,George Patel,New Plymouth,Family Share 60GB,Priya K.,2,My account shows I'm using Family Share 60GB but I upgraded to Essential 3GB last month.
TKT-2025-00433,25/02/2025 06:06,email,Ravi Tane,New Plymouth,Business Unlimited,Sarah M.,5,My account shows I'm using Business Unlimited but I upgraded to Unlimited Max last month.
TKT-2025-00434,25/02/2025 09:43,web_form,Hassan Khalil,Napier,Senior Easy Plan,Auto-response,3,My bill this month is $210 but I've been on the Senior Easy Plan for 13 months and it's always been $39. Something looks off.
TKT-2025-00435,25/02/2025 13:16,web_form,Emma Evans,Auckland,Essential 3GB,Auto-response,4,I'm moving to Dunedin next month and would like to check coverage maps before deciding whether to stay with you.
TKT-2025-00436,25/02/2025 13:28,email,Sanjay Lee,Christchurch,Youth 15GB,Mei W.,,I want to escalate my complaint to a manager. My issue has been ongoing for 6 weeks.
TKT-2025-00437,25/02/2025 14:33,social_facebook,Amelia Smith,Hamilton,SmartPlan 20GB,Priya K.,4,What is the difference between SmartPlan 20GB and Senior Easy Plan? I'm considering switching.
TKT-2025-00438,25/02/2025 15:30,email,Pita Ngata,Auckland,Essential 3GB,Aroha N.,2,I switched from Essential 3GB to Business Unlimited mid-month and I think my pro-rata billing is wrong.
TKT-2025-00439,25/02/2025 15:36,email,Ava Ali,Wellington,Business 30GB,Jake S.,3,There's an unexpected roaming charge of $145 on my account for May. I did not travel internationally.
TKT-2025-00440,25/02/2025 16:16,social_facebook,Evelyn Anderson,Auckland,Family Share 60GB,Auto-response,3,I've forgotten my account PIN and I need to verify my identity to make changes.
TKT-2025-00441,25/02/2025 17:09,email,Rangi Kumar,Auckland,Business Unlimited,Lisa C.,5,There's an unexpected roaming charge of $15 on my account for October. I did not travel internationally.
TKT-2025-00442,25/02/2025 18:58,email,Pita Walker,Tauranga,Pro Unlimited,Lisa C.,,"I'm consistently getting poor signal in my new apartment in North, Tauranga."
TKT-2025-00443,26/02/2025 06:57,web_form,Charlotte Singh,Dunedin,Prepay 1GB,Ngaio W.,3,My bill this month is $126 but I've been on the Prepay 1GB for 18 months and it's always been $39. Something looks off.
TKT-2025-00444,26/02/2025 11:35,email,Isabella Wang,Auckland,Youth 15GB,Jake S.,4,I'm travelling to Dunedin next week and wanted to flag that I've had poor coverage there previously.
TKT-2025-00445,26/02/2025 11:51,web_form,Charlie Hassan,Tauranga,Youth 15GB,,1,I switched from Youth 15GB to Unlimited Max mid-month and I think my pro-rata billing is wrong.
TKT-2025-00446,26/02/2025 14:26,email,Priya Johnson,Christchurch,SmartPlan 20GB,Sarah M.,4,I've moved to a new country and want to check my device is unlocked before I leave.
TKT-2025-00447,26/02/2025 18:19,email,Isabella Martinez,Wellington,Youth 15GB,Ben H.,,I switched from Youth 15GB to SmartPlan 20GB mid-month and I think my pro-rata billing is wrong.
TKT-2025-00448,26/02/2025 18:32,email,Mia Roberts,Wellington,Essential 3GB,Amy S.,,My account shows I'm using Essential 3GB but I upgraded to Senior Easy Plan last month.
TKT-2025-00449,27/02/2025 07:26,email,Luisa Martinez,Hamilton,Prepay 1GB,David L.,4,There's an unexpected roaming charge of $15 on my account for February. I did not travel internationally.
TKT-2025-00450,27/02/2025 08:18,app_support,Ava Johnson,Auckland,Prepay 1GB,Raj P.,3,"Hello,

I've been attempting to resolve a technical issue with my Prepay 1GB plan since April. Each time I call I'm told it will be escalated but I haven't heard back. Could a senior technician please contact me?

Thank you,
Ava Johnson"
TKT-2025-00451,27/02/2025 08:46,chatbot,Evelyn Tuimavave,Auckland,SmartPlan 20GB,Lisa C.,3,I was promised a callback within 24 hours and I'm still waiting after 10 days.
TKT-2025-00452,27/02/2025 11:56,live_chat,Mei Wilson,Tauranga,Unlimited Max,,3,I was promised a callback within 24 hours and I'm still waiting after 12 days.
TKT-2025-00453,27/02/2025 12:38,web_form,Olivia Ngata,Rotorua,Essential 3GB,Aroha N.,3,My bill this month is $126 but I've been on the Essential 3GB for 10 months and it's always been $79. Something looks off.
TKT-2025-00454,27/02/2025 13:05,email,Xiao Faleolo,Dunedin,Senior Easy Plan,,,I have a new 5G-capable phone but I'm not seeing 5G connectivity in Dunedin where it should be available.
TKT-2025-00455,27/02/2025 14:38,email,Henry Khalil,Wellington,SmartPlan 20GB,,3,I need a SIM card replacement for a trip abroad. My current one is too large for my new phone.
TKT-2025-00456,27/02/2025 14:50,email,Isabella Singh,Nelson,Pro Unlimited,,4,"To Whom It May Concern,

I am writing to formally dispute a charge of $30 applied to my account on 16/11/2025. I have not received adequate explanation despite contacting support twice.

Yours sincerely,
Isabella Singh"
TKT-2025-00457,27/02/2025 15:00,web_form,Dev Thompson,Wellington,Business 30GB,Tom F.,,I can't make or receive calls while connected to Wi-Fi. The issue started 9 days ago.
TKT-2025-00458,27/02/2025 15:39,phone_transcript,Olivia Zhang,Auckland,Business 30GB,Jake S.,,I need a copy of my last 6 months of bills for a visa application.
TKT-2025-00459,27/02/2025 15:40,web_form,Evelyn Tuimavave,Auckland,Business 30GB,Priya K.,,I want to remove the insurance add-on from my plan. I've been paying for it for 2 years without using it.
TKT-2025-00460,27/02/2025 18:22,social_facebook,William Wang,Invercargill,Prepay 1GB,Ben H.,,I'm moving to Blenheim next month and would like to check coverage maps before deciding whether to stay with you.
TKT-2025-00461,27/02/2025 21:40,chatbot,Mia Wang,Queenstown,Business 30GB,,3,My bill shows a late payment fee of $145 but I paid on time. I have bank confirmation.
TKT-2025-00462,28/02/2025 07:31,chatbot,Jin Thomas,Wellington,Prepay 1GB,Mei W.,3,There's an unexpected roaming charge of $99 on my account for July. I did not travel internationally.
TKT-2025-00463,28/02/2025 08:28,phone_transcript,Mere Thompson,Hamilton,SmartPlan 20GB,Priya K.,,I've been charged $145 and I don't recognise this charge. Could a billing specialist please review my account?
TKT-2025-00464,28/02/2025 08:54,phone_transcript,Ethan Miller,Rotorua,Unlimited Max,Raj P.,5,My bill this month is $20 but I've been on the Unlimited Max for 13 months and it's always been $29. Something looks off.
TKT-2025-00465,28/02/2025 09:20,chatbot,Sophie Kumar,Christchurch,Essential 3GB,Aroha N.,,I'd like to add a data top-up to my Essential 3GB. How long does it last?
TKT-2025-00466,28/02/2025 09:27,phone_transcript,Evelyn Martinez,Timaru,Unlimited Max,Raj P.,4,I cancelled my data boost add-on last last month but I'm still being billed $126 for it.
TKT-2025-00467,28/02/2025 10:13,social_facebook,Olivia Martin,Tauranga,Prepay 1GB,James T.,5,I'm travelling to Gisborne next week and wanted to flag that I've had poor coverage there previously.
TKT-2025-00468,28/02/2025 11:52,email,Sophie Taylor,Wellington,Prepay 1GB,Auto-response,3,I switched from Prepay 1GB to Family Share 60GB mid-month and I think my pro-rata billing is wrong.
TKT-2025-00469,28/02/2025 12:19,web_form,Pita Martin,Whanganui,Pro Unlimited,James T.,3,My data speed has been extremely slow recently - I'm getting under 1Mbps on Pro Unlimited.
TKT-2025-00470,28/02/2025 12:44,email,Luisa Patel,Nelson,SmartPlan 20GB,David L.,,I cancelled my data boost add-on last last month but I'm still being billed $189 for it.
TKT-2025-00471,28/02/2025 12:50,phone_transcript,Mei Khalil,Whanganui,Senior Easy Plan,Connor B.,,Can you explain the 'network access charge' of $30 on my latest invoice? I don't know what this is.
TKT-2025-00472,28/02/2025 13:01,email,George Martinez,Christchurch,Senior Easy Plan,Auto-response,4,I cancelled my data boost add-on last last month but I'm still being billed $45 for it.
TKT-2025-00473,28/02/2025 13:14,chatbot,Tane Roberts,Palmerston North,Senior Easy Plan,Raj P.,,There's an unexpected roaming charge of $210 on my account for May. I did not travel internationally.
TKT-2025-00474,28/02/2025 13:31,phone_transcript,Dev Nguyen,Tauranga,Youth 15GB,Amy S.,,My bill this month is $75 but I've been on the Youth 15GB for 17 months and it's always been $89. Something looks off.
TKT-2025-00475,28/02/2025 15:31,phone_transcript,Sanjay Faleolo,Palmerston North,Essential 3GB,,5,There's an unexpected roaming charge of $189 on my account for September. I did not travel internationally.
TKT-2025-00476,28/02/2025 15:44,email,Olivia Wilson,New Plymouth,Business Unlimited,Raj P.,3,My account shows I'm using Business Unlimited but I upgraded to Senior Easy Plan last month.
TKT-2025-00477,28/02/2025 15:45,live_chat,Priya Taufa,Nelson,Business Unlimited,Aroha N.,,There's an unexpected roaming charge of $20 on my account for May. I did not travel internationally.
TKT-2025-00478,28/02/2025 17:16,web_form,James Nguyen,Palmerston North,Business Unlimited,James T.,4,My eSIM profile disappeared after a factory reset. How do I restore it?
TKT-2025-00479,28/02/2025 17:35,social_facebook,Anika Xu,Tauranga,Unlimited Max,Aroha N.,4,I switched from Unlimited Max to Essential 3GB mid-month and I think my pro-rata billing is wrong.
TKT-2025-00480,28/02/2025 17:50,chatbot,Sophie Heke,Tauranga,Prepay 1GB,,,I'm moving to Timaru next month and would like to check coverage maps before deciding whether to stay with you.
TKT-2025-00481,28/02/2025 17:51,live_chat,Evelyn Mitchell,Dunedin,SmartPlan 20GB,Connor B.,1,I cancelled my data boost add-on last last month but I'm still being billed $30 for it.
TKT-2025-00482,28/02/2025 21:20,phone_transcript,Ethan Johnson,Auckland,Pro Unlimited,David L.,5,I switched from Pro Unlimited to Family Share 60GB mid-month and I think my pro-rata billing is wrong.
TKT-2025-00483,01/03/2025 08:39,chatbot,Priya Thompson,Rotorua,Essential 3GB,,3,I've received a new phone but I'm having trouble transferring my number to the eSIM.
TKT-2025-00484,01/03/2025 10:30,web_form,Ravi Thomas,Rotorua,Senior Easy Plan,Amy S.,4,I was promised a callback within 24 hours and I'm still waiting after 8 days.
TKT-2025-00485,01/03/2025 11:42,email,William Miller,Auckland,Family Share 60GB,Ngaio W.,4,There's an unexpected roaming charge of $45 on my account for September. I did not travel internationally.
TKT-2025-00486,01/03/2025 13:32,web_form,Rangi Anderson,Wellington,Prepay 1GB,Amy S.,1,There's an unexpected roaming charge of $210 on my account for April. I did not travel internationally.
TKT-2025-00487,01/03/2025 17:14,social_facebook,Hemi Martinez,Auckland,Prepay 1GB,Connor B.,,I've been charged $45 and I don't recognise this charge. Could a billing specialist please review my account?
TKT-2025-00488,01/03/2025 18:32,email,Charlotte Davies,Auckland,SmartPlan 20GB,Ben H.,5,I cancelled my insurance add-on last last week but I'm still being billed $75 for it.
TKT-2025-00489,01/03/2025 19:06,email,Sanjay Faleolo,Dunedin,Family Share 60GB,Lisa C.,4,My bill this month is $120 but I've been on the Family Share 60GB for 12 months and it's always been $49. Something looks off.
TKT-2025-00490,01/03/2025 21:17,email,Charlotte Lee,Auckland,Senior Easy Plan,Aroha N.,3,There's an unexpected roaming charge of $126 on my account for November. I did not travel internationally.
TKT-2025-00491,02/03/2025 08:22,web_form,Grace Anderson,Auckland,Pro Unlimited,Lisa C.,3,I've been charged $120 and I don't recognise this charge. Could a billing specialist please review my account?
TKT-2025-00492,02/03/2025 09:18,social_facebook,Hassan Li,Auckland,Business Unlimited,Sarah M.,,There's an unexpected roaming charge of $210 on my account for July. I did not travel internationally.
TKT-2025-00493,02/03/2025 11:31,web_form,Chloe Wilson,Nelson,Prepay 1GB,James T.,4,What is the difference between Prepay 1GB and Business 30GB? I'm considering switching.
TKT-2025-00494,02/03/2025 11:37,phone_transcript,Oliver Hassan,Wellington,Senior Easy Plan,Priya K.,5,I need a SIM card replacement for a trip abroad. My current one is too large for my new phone.
TKT-2025-00495,02/03/2025 11:54,email,Rangi Wilson,Auckland,Youth 15GB,Raj P.,,"Since the network update last week, I've had no mobile coverage at my workplace."
TKT-2025-00496,02/03/2025 15:04,web_form,Noah Miller,Auckland,Youth 15GB,Sarah M.,,"I'm consistently getting poor signal in my new apartment in West, Auckland."
TKT-2025-00497,02/03/2025 15:24,web_form,Jack Johnson,Rotorua,Business 30GB,Auto-response,,I've been charged $210 and I don't recognise this charge. Could a billing specialist please review my account?
TKT-2025-00498,02/03/2025 23:49,email,Noah Heke,Napier,Prepay 1GB,Mei W.,4,I switched from Prepay 1GB to SmartPlan 20GB mid-month and I think my pro-rata billing is wrong.
TKT-2025-00499,03/03/2025 10:31,social_facebook,Hemi Martin,Auckland,Family Share 60GB,James T.,3,I'm travelling to Timaru next week and wanted to flag that I've had poor coverage there previously.
TKT-2025-00500,03/03/2025 13:04,web_form,Noah Wilson,Auckland,Youth 15GB,Connor B.,,Mobile data works but I can't make voice calls. I've tried restarting my phone multiple times.
TKT-2025-00501,03/03/2025 13:05,web_form,James Smith,Nelson,Business 30GB,Raj P.,4,There's an unexpected roaming charge of $99 on my account for August. I did not travel internationally.
TKT-2025-00502,03/03/2025 13:35,chatbot,Oliver Liu,Napier,SmartPlan 20GB,David L.,,My bill this month is $45 but I've been on the SmartPlan 20GB for 4 months and it's always been $49. Something looks off.
TKT-2025-00503,03/03/2025 15:11,social_twitter,Priya Thompson,Wellington,Senior Easy Plan,James T.,4,I've been a customer for 3 years and the service quality has dropped significantly.
TKT-2025-00504,03/03/2025 16:37,web_form,Sophia Johnson,Auckland,Business Unlimited,James T.,3,I want to escalate my complaint to a manager. My issue has been ongoing for 5 weeks.
TKT-2025-00505,03/03/2025 17:14,email,Charlotte Martinez,Palmerston North,Senior Easy Plan,Ben H.,3,My bill this month is $189 but I've been on the Senior Easy Plan for 5 months and it's always been $99. Something looks off.
TKT-2025-00506,03/03/2025 17:19,email,Mere Ngata,Christchurch,Youth 15GB,Ben H.,4,I've been charged $99 and I don't recognise this charge. Could a billing specialist please review my account?
TKT-2025-00507,03/03/2025 20:42,chatbot,Hassan Patel,Auckland,Family Share 60GB,Aroha N.,4,I switched from Family Share 60GB to Senior Easy Plan mid-month and I think my pro-rata billing is wrong.
TKT-2025-00508,03/03/2025 22:48,chatbot,Raj Davies,Auckland,Unlimited Max,Raj P.,,I cancelled my insurance add-on last last week but I'm still being billed $99 for it.
TKT-2025-00509,03/03/2025 23:35,app_support,Fatima Garcia,Wellington,SmartPlan 20GB,David L.,2,I was promised a callback within 24 hours and I'm still waiting after 11 days.
TKT-2025-00510,04/03/2025 09:40,social_facebook,Olivia Williams,Christchurch,Senior Easy Plan,Sarah M.,5,My bill this month is $99 but I've been on the Senior Easy Plan for 11 months and it's always been $29. Something looks off.
TKT-2025-00511,04/03/2025 09:46,web_form,James Wright,Auckland,Family Share 60GB,Fatima R.,1,I have a new 5G-capable phone but I'm not seeing 5G connectivity in Auckland where it should be available.
TKT-2025-00512,04/03/2025 10:07,email,Jin Ali,Christchurch,Family Share 60GB,Jake S.,3,I'm moving to Invercargill next month and would like to check coverage maps before deciding whether to stay with you.
TKT-2025-00513,04/03/2025 10:12,email,Olivia Roberts,Hamilton,Family Share 60GB,James T.,,I am unable to access my account online and need help resetting my login details.
TKT-2025-00514,04/03/2025 11:00,chatbot,Luisa Nguyen,Wellington,Business Unlimited,Mei W.,,The agent I spoke to last Friday was very unhelpful and dismissive of my issue.
TKT-2025-00515,04/03/2025 11:20,email,Ethan Garcia,Auckland,Youth 15GB,Fatima R.,4,I need a SIM card replacement for a trip abroad. My current one is too large for my new phone.
TKT-2025-00516,04/03/2025 15:33,web_form,Luisa Zhang,Auckland,Unlimited Max,Sarah M.,3,My data speed has been extremely slow recently - I'm getting under 1Mbps on Unlimited Max.
TKT-2025-00517,05/03/2025 08:25,phone_transcript,Henry Smith,Wellington,Prepay 1GB,Priya K.,,I want to escalate my complaint to a manager. My issue has been ongoing for 3 weeks.
TKT-2025-00518,05/03/2025 08:28,email,Charlotte Parata,New Plymouth,Business 30GB,,4,"I'm consistently getting poor signal in my new apartment in CBD, New Plymouth."
TKT-2025-00519,05/03/2025 08:39,chatbot,Henry Williams,Napier,Essential 3GB,,,I am unable to access my account online and need help resetting my login details.
TKT-2025-00520,05/03/2025 08:58,chatbot,Grace Parata,Auckland,Pro Unlimited,Fatima R.,4,There's an unexpected roaming charge of $75 on my account for November. I did not travel internationally.
TKT-2025-00521,05/03/2025 09:06,social_facebook,Hassan Khalil,New Plymouth,Pro Unlimited,Connor B.,4,What is the difference between Pro Unlimited and Business 30GB? I'm considering switching.
TKT-2025-00522,05/03/2025 09:11,phone_transcript,Mia Li,Auckland,Business Unlimited,Raj P.,2,I was promised a callback within 24 hours and I'm still waiting after 14 days.
TKT-2025-00523,05/03/2025 09:18,email,Fatima Hassan,Palmerston North,Unlimited Max,Ngaio W.,,I can't make or receive calls while connected to Wi-Fi. The issue started 12 days ago.
TKT-2025-00524,05/03/2025 13:41,live_chat,Ava Thompson,Christchurch,Youth 15GB,Lisa C.,4,I need to update the credit card on my account as my old card has expired.
TKT-2025-00525,05/03/2025 16:06,web_form,Priya Walker,Wellington,Business Unlimited,Lisa C.,3,I'm travelling to Nelson next week and wanted to flag that I've had poor coverage there previously.
TKT-2025-00526,05/03/2025 23:28,social_facebook,Ava Liu,Queenstown,Essential 3GB,Ben H.,4,I've forgotten my account PIN and I need to verify my identity to make changes.
TKT-2025-00527,06/03/2025 00:02,social_twitter,Olivia Tane,Christchurch,SmartPlan 20GB,Ben H.,4,My bill this month is $189 but I've been on the SmartPlan 20GB for 2 months and it's always been $39. Something looks off.
TKT-2025-00528,06/03/2025 05:40,email,Anika Patel,Auckland,Prepay 1GB,Amy S.,3,There's an unexpected roaming charge of $126 on my account for July. I did not travel internationally.
TKT-2025-00529,06/03/2025 07:22,social_twitter,Charlotte Wang,Palmerston North,SmartPlan 20GB,Priya K.,3,I've received a new phone but I'm having trouble transferring my number to the eSIM.
TKT-2025-00530,06/03/2025 10:15,email,Oliver Patel,Invercargill,Family Share 60GB,Ngaio W.,4,I want to downgrade my plan but I'm unsure of my contract obligations.
TKT-2025-00531,06/03/2025 12:30,chatbot,Pita Heke,Christchurch,Essential 3GB,Lisa C.,3,I want to escalate my complaint to a manager. My issue has been ongoing for 4 weeks.
TKT-2025-00532,06/03/2025 12:50,chatbot,Noah Taufa,Palmerston North,Youth 15GB,Connor B.,5,I received no communication about a planned outage that affected my service for 2 hours.
TKT-2025-00533,06/03/2025 17:26,web_form,Grace Williams,Dunedin,SmartPlan 20GB,Raj P.,5,I want to downgrade my plan but I'm unsure of my contract obligations.
TKT-2025-00534,06/03/2025 18:56,web_form,Oliver Smith,Tauranga,Family Share 60GB,Lisa C.,4,I cancelled my roaming add-on last last month but I'm still being billed $189 for it.
TKT-2025-00535,06/03/2025 19:26,app_support,Raj Nguyen,Wellington,Prepay 1GB,Connor B.,5,I was promised a callback within 24 hours and I'm still waiting after 9 days.
TKT-2025-00536,06/03/2025 22:52,email,Rangi Mitchell,Wellington,Business Unlimited,Sarah M.,4,I need to update my direct debit bank account details.
TKT-2025-00537,07/03/2025 08:37,phone_transcript,Rangi Khan,Auckland,Prepay 1GB,Ngaio W.,4,I'd like to add international roaming to my account for a trip to Japan next month.
TKT-2025-00538,07/03/2025 08:40,live_chat,Mia Miller,Hamilton,Senior Easy Plan,,4,My account is locked after too many failed login attempts.
TKT-2025-00539,07/03/2025 09:53,email,Luisa Ngata,Whanganui,Youth 15GB,Fatima R.,,My bill this month is $15 but I've been on the Youth 15GB for 5 months and it's always been $59. Something looks off.
TKT-2025-00540,07/03/2025 11:28,email,Priya Smith,Rotorua,Senior Easy Plan,Sarah M.,4,There's an unexpected roaming charge of $99 on my account for January. I did not travel internationally.
TKT-2025-00541,07/03/2025 12:01,web_form,Aroha Khan,Auckland,Family Share 60GB,Amy S.,3,My device is asking me for an unlock code. I purchased it through you 2 years ago.
TKT-2025-00542,07/03/2025 12:47,chatbot,Mei Wright,Auckland,Senior Easy Plan,Priya K.,5,What is the difference between Senior Easy Plan and Unlimited Max? I'm considering switching.
TKT-2025-00543,07/03/2025 16:26,web_form,Sione Singh,Christchurch,Senior Easy Plan,Aroha N.,2,I would like to change my current Senior Easy Plan plan and need to understand my options.
TKT-2025-00544,07/03/2025 19:26,chatbot,William Wilson,Queenstown,Unlimited Max,Sarah M.,4,Can I keep my number if I switch to a different plan? I've had this number for 10 years.
TKT-2025-00545,08/03/2025 08:33,email,Mei Parata,Christchurch,Family Share 60GB,Amy S.,3,There's an unexpected roaming charge of $20 on my account for January. I did not travel internationally.
TKT-2025-00546,08/03/2025 08:45,email,Jack Parata,Auckland,Prepay 1GB,,5,I've forgotten my account PIN and I need to verify my identity to make changes.
TKT-2025-00547,08/03/2025 14:30,chatbot,Jin Williams,Nelson,Prepay 1GB,James T.,2,"I'm consistently getting poor signal in my new apartment in Central, Nelson."
TKT-2025-00548,08/03/2025 17:16,email,Xiao Mitchell,Nelson,Prepay 1GB,Aroha N.,3,I've lost my phone and need to suspend my service immediately.
TKT-2025-00549,08/03/2025 22:34,email,Faleolo Johnson,Wellington,Essential 3GB,Tom F.,4,I switched from Essential 3GB to Pro Unlimited mid-month and I think my pro-rata billing is wrong.
TKT-2025-00550,09/03/2025 01:29,phone_transcript,James Thompson,Napier,Pro Unlimited,Raj P.,,I have a new 5G-capable phone but I'm not seeing 5G connectivity in Napier where it should be available.
TKT-2025-00551,09/03/2025 10:46,email,Sione Parata,Rotorua,Prepay 1GB,Auto-response,4,I work from home and rely entirely on mobile data. The ongoing outage is affecting my ability to work.
TKT-2025-00552,09/03/2025 10:58,email,Luisa Hassan,Napier,Essential 3GB,Priya K.,5,I'm experiencing intermittent data dropouts throughout the day in Napier. This has been happening for 14 days.
TKT-2025-00553,09/03/2025 11:49,social_twitter,Ava Ali,Gisborne,Pro Unlimited,,,I had no mobile service during a medical emergency earlier today due to the network outage. I need an explanation.
TKT-2025-00554,09/03/2025 12:23,chatbot,Oliver Taylor,Gisborne,Essential 3GB,Sarah M.,,Our entire street has lost mobile coverage. This seems like more than just my account.
TKT-2025-00555,09/03/2025 12:43,chatbot,Anika Evans,New Plymouth,Prepay 1GB,Amy S.,5,My account shows I'm using Prepay 1GB but I upgraded to Family Share 60GB last month.
TKT-2025-00556,09/03/2025 14:03,social_facebook,Pita Miller,Napier,Essential 3GB,Ben H.,4,"I'm consistently getting poor signal in my new apartment in South, Napier."
TKT-2025-00557,09/03/2025 15:37,chatbot,Dev Khan,Auckland,Prepay 1GB,Priya K.,4,My account shows I'm using Prepay 1GB but I upgraded to Unlimited Max last month.
TKT-2025-00558,09/03/2025 21:15,chatbot,Amelia Hassan,Napier,Youth 15GB,James T.,4,I switched from Youth 15GB to Business Unlimited mid-month and I think my pro-rata billing is wrong.
TKT-2025-00559,10/03/2025 00:37,social_facebook,Mere Anderson,Rotorua,Senior Easy Plan,Sarah M.,3,I currently have no mobile service in Rotorua. Is there a known outage in my area?
TKT-2025-00560,10/03/2025 03:16,social_facebook,Oliver Ngata,Tauranga,Senior Easy Plan,,3,My data and calls have been down for 12 hours. I rely on this for work and it's causing major disruption.
TKT-2025-00561,10/03/2025 04:10,phone_transcript,Chloe Garcia,Gisborne,Youth 15GB,Ngaio W.,,Several of my colleagues in Gisborne are all experiencing the same network outage. Please advise.
TKT-2025-00562,10/03/2025 07:57,chatbot,Jin Xu,Gisborne,Unlimited Max,Ngaio W.,4,I'm checking if there's a network outage in Gisborne — I've had no signal since this morning.
TKT-2025-00563,10/03/2025 08:33,email,William Singh,Rotorua,Youth 15GB,James T.,4,The network has been completely unavailable in our area since 10am. When will it be restored?
TKT-2025-00564,10/03/2025 09:21,web_form,Xiao Hassan,Gisborne,Senior Easy Plan,,3,Can you give me an ETA on restoring service? I've had nothing for 5 hours.
TKT-2025-00565,10/03/2025 09:30,web_form,Hemi Wilson,Auckland,Family Share 60GB,Ben H.,4,I'm travelling to Rotorua next week and wanted to flag that I've had poor coverage there previously.
TKT-2025-00566,10/03/2025 09:30,phone_transcript,Sanjay Xu,Auckland,Prepay 1GB,Fatima R.,3,I'm moving to Queenstown next month and would like to check coverage maps before deciding whether to stay with you.
TKT-2025-00567,10/03/2025 09:38,web_form,Ethan Evans,Gisborne,Senior Easy Plan,Raj P.,2,I currently have no mobile service in Gisborne. Is there a known outage in my area?
TKT-2025-00568,10/03/2025 09:41,social_twitter,Fatima Miller,Tauranga,Unlimited Max,Ngaio W.,,My data and calls have been down for 9 hours. I rely on this for work and it's causing major disruption.
TKT-2025-00569,10/03/2025 10:05,web_form,Ravi Smith,Rotorua,Youth 15GB,Sarah M.,,The network has been completely unavailable in our area since 7am. When will it be restored?
TKT-2025-00570,10/03/2025 10:17,social_facebook,Grace Wang,Napier,Family Share 60GB,Raj P.,1,I need mobile data for remote work and the outage has cost me an entire day of productivity.
TKT-2025-00571,10/03/2025 10:21,social_twitter,Ethan Wilson,Rotorua,Prepay 1GB,James T.,3,The network has been completely unavailable in our area since 8am. When will it be restored?
TKT-2025-00572,10/03/2025 10:32,social_facebook,Anika Khan,Auckland,Senior Easy Plan,Amy S.,,I've been a customer for 7 years and the service quality has dropped significantly.
TKT-2025-00573,10/03/2025 10:39,social_facebook,Noah Heke,Rotorua,Business Unlimited,Auto-response,,"No signal in South, Rotorua since 6am this morning. Is there a tower issue?"
TKT-2025-00574,10/03/2025 10:39,phone_transcript,Isabella Ngata,Auckland,SmartPlan 20GB,Amy S.,4,My device is asking me for an unlock code. I purchased it through you 2 years ago.
TKT-2025-00575,10/03/2025 10:45,chatbot,Mia Harris,Tauranga,Essential 3GB,,,"No signal in South, Tauranga since 7am this morning. Is there a tower issue?"
TKT-2025-00576,10/03/2025 11:05,phone_transcript,Hassan Harris,Rotorua,Family Share 60GB,Ngaio W.,,"No signal in North, Rotorua since 8am this morning. Is there a tower issue?"
TKT-2025-00577,10/03/2025 11:18,social_facebook,Mei Xu,Tauranga,Prepay 1GB,Ngaio W.,4,I currently have no mobile service in Tauranga. Is there a known outage in my area?
TKT-2025-00578,10/03/2025 11:18,phone_transcript,Charlotte Davies,Christchurch,Business 30GB,Fatima R.,2,"I'm consistently getting poor signal in my new apartment in East, Christchurch."
TKT-2025-00579,10/03/2025 11:31,social_twitter,Dev Singh,Rotorua,Family Share 60GB,Ngaio W.,2,The outage has now lasted over 8 hours with no communication from you. This is unacceptable.
TKT-2025-00580,10/03/2025 11:33,live_chat,Charlie Zhang,Tauranga,Unlimited Max,Raj P.,4,The outage has now lasted over 11 hours with no communication from you. This is unacceptable.
TKT-2025-00581,10/03/2025 11:41,email,Oliver Nguyen,Gisborne,Family Share 60GB,Auto-response,,The outage has now lasted over 10 hours with no communication from you. This is unacceptable.
TKT-2025-00582,10/03/2025 11:53,social_facebook,Thomas Patel,Napier,Business 30GB,Sarah M.,2,"No signal in West, Napier since 10am this morning. Is there a tower issue?"
TKT-2025-00583,10/03/2025 12:56,live_chat,Hassan Martin,Tauranga,Prepay 1GB,James T.,3,Can you give me an ETA on restoring service? I've had nothing for 4 hours.
TKT-2025-00584,10/03/2025 13:27,chatbot,Hemi Singh,Auckland,Pro Unlimited,Priya K.,5,My Wi-Fi calling has stopped working and I need technical support.
TKT-2025-00585,10/03/2025 13:32,email,William Hassan,Invercargill,Essential 3GB,James T.,4,"Dear Support Team,

I am the account holder for business number ending in 4773. I would like to request a full audit of charges for the past 6 months as part of a financial review.

Kind regards,
William Hassan"
TKT-2025-00586,10/03/2025 13:47,social_twitter,Noah Davies,Gisborne,Prepay 1GB,Raj P.,4,The outage has now lasted over 2 hours with no communication from you. This is unacceptable.
TKT-2025-00587,10/03/2025 13:56,chatbot,Rangi Faleolo,Tauranga,Essential 3GB,Auto-response,,I'm checking if there's a network outage in Tauranga — I've had no signal since this morning.
TKT-2025-00588,10/03/2025 14:49,phone_transcript,Rangi Kumar,Tauranga,Unlimited Max,Sarah M.,,Several of my colleagues in Tauranga are all experiencing the same network outage. Please advise.
TKT-2025-00589,10/03/2025 14:53,chatbot,Ethan Patel,Tauranga,Prepay 1GB,Raj P.,5,Can you give me an ETA on restoring service? I've had nothing for 8 hours.
TKT-2025-00590,10/03/2025 14:59,chatbot,Thomas Khan,Invercargill,Business Unlimited,Fatima R.,1,I've received a new phone but I'm having trouble transferring my number to the eSIM.
TKT-2025-00591,10/03/2025 15:02,chatbot,Henry Johnson,Wellington,Family Share 60GB,Connor B.,4,I would like to add my partner to my account as an authorised person.
TKT-2025-00592,10/03/2025 15:19,email,Xiao Nguyen,Auckland,Unlimited Max,Raj P.,,I cancelled my data boost add-on last last week but I'm still being billed $20 for it.
TKT-2025-00593,10/03/2025 15:31,app_support,Mia Li,Tauranga,Business 30GB,Raj P.,5,The outage has now lasted over 6 hours with no communication from you. This is unacceptable.
TKT-2025-00594,10/03/2025 16:49,chatbot,Tane Walker,Tauranga,Family Share 60GB,James T.,,"No signal in Central, Tauranga since 8am this morning. Is there a tower issue?"
TKT-2025-00595,10/03/2025 17:02,email,Sophie Ali,Napier,Unlimited Max,Auto-response,5,I currently have no mobile service in Napier. Is there a known outage in my area?
TKT-2025-00596,10/03/2025 19:21,social_facebook,Olivia Hassan,Tauranga,Family Share 60GB,Auto-response,3,"No signal in Valley, Tauranga since 10am this morning. Is there a tower issue?"
TKT-2025-00597,10/03/2025 22:11,live_chat,Ravi Anderson,Napier,Youth 15GB,Auto-response,2,The outage has now lasted over 3 hours with no communication from you. This is unacceptable.
TKT-2025-00598,11/03/2025 01:00,web_form,Charlotte Harris,Tauranga,Unlimited Max,,2,"No signal in Heights, Tauranga since 8am this morning. Is there a tower issue?"
TKT-2025-00599,11/03/2025 04:51,email,Ethan Smith,Auckland,Business Unlimited,Connor B.,4,I'm moving to Whangarei next month and would like to check coverage maps before deciding whether to stay with you.
TKT-2025-00600,11/03/2025 05:51,phone_transcript,Mere Ali,Wellington,Business 30GB,Jake S.,5,My account is locked after too many failed login attempts.
TKT-2025-00601,11/03/2025 07:10,social_facebook,Luisa Taylor,Gisborne,Family Share 60GB,Auto-response,3,"No signal in CBD, Gisborne since 6am this morning. Is there a tower issue?"
TKT-2025-00602,11/03/2025 08:00,web_form,Thomas Faleolo,Tauranga,Unlimited Max,Ngaio W.,3,My data and calls have been down for 6 hours. I rely on this for work and it's causing major disruption.
TKT-2025-00603,11/03/2025 08:01,phone_transcript,Ethan Parata,Whanganui,Business Unlimited,Amy S.,,I have a new 5G-capable phone but I'm not seeing 5G connectivity in Whanganui where it should be available.
TKT-2025-00604,11/03/2025 08:18,email,Fatima Martin,Christchurch,Unlimited Max,Priya K.,3,The agent I spoke to last Wednesday was very unhelpful and dismissive of my issue.
TKT-2025-00605,11/03/2025 08:28,email,Thomas Patel,Dunedin,Business Unlimited,Mei W.,4,I need to transfer ownership of this account to my business.
TKT-2025-00606,11/03/2025 08:35,email,Thomas Thompson,Napier,Pro Unlimited,Ngaio W.,5,The network has been completely unavailable in our area since early this morning. When will it be restored?
TKT-2025-00607,11/03/2025 08:50,social_facebook,James Li,Napier,Senior Easy Plan,Sarah M.,4,The outage has now lasted over 5 hours with no communication from you. This is unacceptable.
TKT-2025-00608,11/03/2025 09:33,email,Henry Zhang,Tauranga,Essential 3GB,Auto-response,3,The network has been completely unavailable in our area since 6am. When will it be restored?
TKT-2025-00609,11/03/2025 09:44,web_form,Mei Patel,Wellington,Unlimited Max,Jake S.,5,What is the difference between Unlimited Max and SmartPlan 20GB? I'm considering switching.
TKT-2025-00610,11/03/2025 09:55,chatbot,Priya Heke,Tauranga,Senior Easy Plan,Auto-response,4,My data and calls have been down for 2 hours. I rely on this for work and it's causing major disruption.
TKT-2025-00611,11/03/2025 09:58,chatbot,Aroha Patel,Rotorua,Youth 15GB,Auto-response,5,My data and calls have been down for 3 hours. I rely on this for work and it's causing major disruption.
TKT-2025-00612,11/03/2025 10:04,web_form,Chloe Thomas,Christchurch,Family Share 60GB,Tom F.,4,I want to switch to a business plan but I'm not sure which tier suits my usage.
TKT-2025-00613,11/03/2025 10:05,email,Isabella Johnson,Tauranga,Prepay 1GB,Sarah M.,3,"No signal in South, Tauranga since 10am this morning. Is there a tower issue?"
TKT-2025-00614,11/03/2025 10:30,web_form,Emma Tuimavave,Queenstown,Youth 15GB,Ben H.,,Can I keep my number if I switch to a different plan? I've had this number for 10 years.
TKT-2025-00615,11/03/2025 10:34,social_twitter,Amelia Walker,Tauranga,Prepay 1GB,Sarah M.,,Can you give me an ETA on restoring service? I've had nothing for 3 hours.
TKT-2025-00616,11/03/2025 10:59,social_facebook,Anika Taylor,Napier,Essential 3GB,Auto-response,1,Several of my colleagues in Napier are all experiencing the same network outage. Please advise.
TKT-2025-00617,11/03/2025 11:05,social_twitter,Raj Lee,Auckland,Senior Easy Plan,Fatima R.,4,There's an unexpected roaming charge of $189 on my account for August. I did not travel internationally.
TKT-2025-00618,11/03/2025 11:05,phone_transcript,Ava Mitchell,Tauranga,Family Share 60GB,Ngaio W.,4,The outage has now lasted over 7 hours with no communication from you. This is unacceptable.
TKT-2025-00619,11/03/2025 11:11,social_facebook,Raj Li,Gisborne,Business Unlimited,Raj P.,5,Can you give me an ETA on restoring service? I've had nothing for 2 hours.
TKT-2025-00620,11/03/2025 11:19,social_twitter,Mei Thompson,Napier,Unlimited Max,James T.,3,I'm checking if there's a network outage in Napier — I've had no signal since this morning.
TKT-2025-00621,11/03/2025 11:20,social_facebook,Ethan Wright,Gisborne,Pro Unlimited,,,"No signal in Heights, Gisborne since 6am this morning. Is there a tower issue?"
TKT-2025-00622,11/03/2025 11:24,phone_transcript,Henry Xu,Tauranga,Family Share 60GB,Sarah M.,4,"No signal in Valley, Tauranga since 6am this morning. Is there a tower issue?"
TKT-2025-00623,11/03/2025 11:24,email,Aroha Wright,Invercargill,Senior Easy Plan,Priya K.,3,I was promised a callback within 24 hours and I'm still waiting after 4 days.
TKT-2025-00624,11/03/2025 11:36,chatbot,Mere Zhang,Napier,Prepay 1GB,Auto-response,3,"No signal in East, Napier since 6am this morning. Is there a tower issue?"
TKT-2025-00625,11/03/2025 12:17,phone_transcript,Jin Wang,Tauranga,Business Unlimited,Raj P.,4,"No signal in CBD, Tauranga since 7am this morning. Is there a tower issue?"
TKT-2025-00626,11/03/2025 12:19,email,Anika Thompson,Tauranga,Unlimited Max,Raj P.,3,The network has been completely unavailable in our area since 9am. When will it be restored?
TKT-2025-00627,11/03/2025 12:24,phone_transcript,Luisa Wright,Napier,Youth 15GB,Ngaio W.,2,"No signal in CBD, Napier since 7am this morning. Is there a tower issue?"
TKT-2025-00628,11/03/2025 12:36,email,Anika Garcia,Gisborne,Business Unlimited,James T.,3,My data and calls have been down for 10 hours. I rely on this for work and it's causing major disruption.
TKT-2025-00629,11/03/2025 13:10,social_facebook,Liam Williams,Auckland,Business 30GB,Amy S.,,Can I keep my number if I switch to a different plan? I've had this number for 10 years.
TKT-2025-00630,11/03/2025 13:10,phone_transcript,Grace Li,Auckland,Youth 15GB,Aroha N.,2,"To Whom It May Concern,

I am writing to formally dispute a charge of $15 applied to my account on 15/4/2025. I have not received adequate explanation despite contacting support twice.

Yours sincerely,
Grace Li"
TKT-2025-00631,11/03/2025 13:16,chatbot,Amelia Zhang,Rotorua,Business Unlimited,Ngaio W.,,I'm checking if there's a network outage in Rotorua — I've had no signal since this morning.
TKT-2025-00632,11/03/2025 14:00,social_twitter,Thomas Ali,Tauranga,Youth 15GB,Sarah M.,3,"No signal in North, Tauranga since early this morning this morning. Is there a tower issue?"
TKT-2025-00633,11/03/2025 14:09,email,Ethan Heke,Auckland,Essential 3GB,Aroha N.,4,I've been sent to the wrong department four times and nobody seems able to help.
TKT-2025-00634,11/03/2025 14:12,chatbot,Dev Singh,Gisborne,Prepay 1GB,Raj P.,3,The outage has now lasted over 12 hours with no communication from you. This is unacceptable.
TKT-2025-00635,11/03/2025 14:26,web_form,Thomas Williams,Christchurch,Essential 3GB,James T.,3,What is the difference between Essential 3GB and Business Unlimited? I'm considering switching.
TKT-2025-00636,11/03/2025 14:28,social_twitter,Charlotte Smith,Napier,SmartPlan 20GB,Raj P.,,My data and calls have been down for 11 hours. I rely on this for work and it's causing major disruption.
TKT-2025-00637,11/03/2025 14:31,phone_transcript,Daniel Davies,Tauranga,SmartPlan 20GB,Raj P.,4,Our entire street has lost mobile coverage. This seems like more than just my account.
TKT-2025-00638,11/03/2025 14:43,social_facebook,William Thomas,Tauranga,Business Unlimited,Raj P.,4,"No signal in West, Tauranga since 7am this morning. Is there a tower issue?"
TKT-2025-00639,11/03/2025 14:49,web_form,Mei Khalil,Napier,Business Unlimited,,4,I work from home and rely entirely on mobile data. The ongoing outage is affecting my ability to work.
TKT-2025-00640,11/03/2025 14:56,live_chat,Mere Faleolo,Wellington,Business Unlimited,David L.,4,"I'm consistently getting poor signal in my new apartment in CBD, Wellington."
TKT-2025-00641,11/03/2025 15:04,web_form,Priya Li,Napier,Business Unlimited,Raj P.,1,"No signal in South, Napier since early this morning this morning. Is there a tower issue?"
TKT-2025-00642,11/03/2025 15:05,email,Fatima Faleolo,Rotorua,Prepay 1GB,Sarah M.,3,Several of my colleagues in Rotorua are all experiencing the same network outage. Please advise.
TKT-2025-00643,11/03/2025 15:05,chatbot,Ravi Ngata,Auckland,Pro Unlimited,Connor B.,4,"Dear Support Team,

I am the account holder for business number ending in 9457. I would like to request a full audit of charges for the past 6 months as part of a financial review.

Kind regards,
Ravi Ngata"
TKT-2025-00644,11/03/2025 15:25,email,Ravi Tane,Rotorua,Essential 3GB,,2,"No signal in Central, Rotorua since 7am this morning. Is there a tower issue?"
TKT-2025-00645,11/03/2025 15:30,chatbot,Noah Zhang,Wellington,Essential 3GB,,3,I'd like to merge two accounts under my name into one.
TKT-2025-00646,11/03/2025 15:47,phone_transcript,Henry Wilson,Auckland,Unlimited Max,Sarah M.,2,My bill this month is $189 but I've been on the Unlimited Max for 3 months and it's always been $79. Something looks off.
TKT-2025-00647,11/03/2025 15:54,web_form,Amelia Williams,Napier,Prepay 1GB,Raj P.,5,My data and calls have been down for 7 hours. I rely on this for work and it's causing major disruption.
TKT-2025-00648,11/03/2025 15:57,social_facebook,Noah Khalil,Tauranga,Business Unlimited,Ngaio W.,3,The outage has now lasted over 9 hours with no communication from you. This is unacceptable.
TKT-2025-00649,11/03/2025 16:06,chatbot,George Thompson,Tauranga,Essential 3GB,Raj P.,,"No signal in Heights, Tauranga since 6am this morning. Is there a tower issue?"
TKT-2025-00650,11/03/2025 16:09,social_facebook,Ava Hassan,Gisborne,Youth 15GB,,4,"No signal in South, Gisborne since 10am this morning. Is there a tower issue?"
TKT-2025-00651,11/03/2025 16:10,social_twitter,Mere Khan,Tauranga,Pro Unlimited,Auto-response,4,"No signal in East, Tauranga since 6am this morning. Is there a tower issue?"
TKT-2025-00652,11/03/2025 16:12,social_facebook,Fatima Roberts,Tauranga,Essential 3GB,Ngaio W.,5,I'm checking if there's a network outage in Tauranga — I've had no signal since this morning.
TKT-2025-00653,11/03/2025 16:27,live_chat,Jin Singh,Wellington,Business 30GB,Connor B.,2,"I'm consistently getting poor signal in my new apartment in West, Wellington."
TKT-2025-00654,11/03/2025 16:59,email,Emma Thompson,Napier,Youth 15GB,Raj P.,5,Can you give me an ETA on restoring service? I've had nothing for 10 hours.
TKT-2025-00655,11/03/2025 17:27,phone_transcript,Fatima Mitchell,Auckland,Essential 3GB,Aroha N.,,I've received a new phone but I'm having trouble transferring my number to the eSIM.
TKT-2025-00656,11/03/2025 17:40,web_form,Chloe Kumar,Auckland,Family Share 60GB,Lisa C.,3,I'm travelling to Whangarei next week and wanted to flag that I've had poor coverage there previously.
TKT-2025-00657,11/03/2025 17:47,chatbot,Pita Thompson,Wellington,Senior Easy Plan,James T.,4,International roaming isn't working in Australia even though I have the roaming add-on active.
TKT-2025-00658,11/03/2025 18:20,social_facebook,Jack Roberts,Napier,Youth 15GB,Ngaio W.,3,Our entire street has lost mobile coverage. This seems like more than just my account.
TKT-2025-00659,11/03/2025 18:35,chatbot,Pita Roberts,Napier,Family Share 60GB,Sarah M.,4,My data and calls have been down for 8 hours. I rely on this for work and it's causing major disruption.
TKT-2025-00660,11/03/2025 18:36,social_facebook,Charlotte Mitchell,Tauranga,Business Unlimited,Auto-response,4,My data and calls have been down for 4 hours. I rely on this for work and it's causing major disruption.
TKT-2025-00661,11/03/2025 18:41,chatbot,Henry Taylor,Tauranga,Senior Easy Plan,,2,"No signal in Valley, Tauranga since 7am this morning. Is there a tower issue?"
TKT-2025-00662,11/03/2025 19:18,email,Charlie Liu,Gisborne,Essential 3GB,Auto-response,3,"No signal in East, Gisborne since 6am this morning. Is there a tower issue?"
TKT-2025-00663,11/03/2025 19:44,phone_transcript,Mere Singh,Gisborne,Pro Unlimited,Auto-response,3,"No signal in South, Gisborne since 7am this morning. Is there a tower issue?"
TKT-2025-00664,11/03/2025 20:29,email,Harper Harris,Tauranga,Prepay 1GB,Raj P.,1,Can you give me an ETA on restoring service? I've had nothing for 6 hours.
TKT-2025-00665,11/03/2025 20:49,chatbot,Aroha Parata,Hamilton,Pro Unlimited,Ngaio W.,3,There's an unexpected roaming charge of $120 on my account for May. I did not travel internationally.
TKT-2025-00666,11/03/2025 21:14,phone_transcript,Grace Roberts,Tauranga,Youth 15GB,Auto-response,5,"No signal in West, Tauranga since 9am this morning. Is there a tower issue?"
TKT-2025-00667,11/03/2025 21:45,email,Ava Faleolo,Tauranga,Essential 3GB,Raj P.,5,Can you give me an ETA on restoring service? I've had nothing for 11 hours.
TKT-2025-00668,11/03/2025 23:04,phone_transcript,Thomas Ali,Gisborne,Business 30GB,Raj P.,,"No signal in South, Gisborne since 8am this morning. Is there a tower issue?"
TKT-2025-00669,12/03/2025 06:24,social_facebook,Ethan Khalil,Tauranga,SmartPlan 20GB,Ngaio W.,5,"No signal in South, Tauranga since 6am this morning. Is there a tower issue?"
TKT-2025-00670,12/03/2025 07:14,email,Isabella Lee,Hamilton,Business 30GB,Sarah M.,3,There's an unexpected roaming charge of $189 on my account for February. I did not travel internationally.
TKT-2025-00671,12/03/2025 07:55,phone_transcript,Mere Roberts,Tauranga,Senior Easy Plan,James T.,5,I'm checking if there's a network outage in Tauranga — I've had no signal since this morning.
TKT-2025-00672,12/03/2025 08:00,social_facebook,Faleolo Faleolo,Rotorua,Unlimited Max,Auto-response,4,Can you give me an ETA on restoring service? I've had nothing for 9 hours.
TKT-2025-00673,12/03/2025 10:25,web_form,Ethan Parata,Rotorua,Youth 15GB,Ngaio W.,2,"No signal in North, Rotorua since 7am this morning. Is there a tower issue?"
TKT-2025-00674,12/03/2025 10:54,web_form,James Heke,Christchurch,Senior Easy Plan,James T.,4,I'd like to add a data top-up to my Senior Easy Plan. How long does it last?
TKT-2025-00675,12/03/2025 10:55,email,Pita Martin,Auckland,Senior Easy Plan,Jake S.,3,There's an unexpected roaming charge of $120 on my account for February. I did not travel internationally.
TKT-2025-00676,12/03/2025 10:58,social_facebook,Priya Thomas,Rotorua,Youth 15GB,Raj P.,4,"No signal in South, Rotorua since 10am this morning. Is there a tower issue?"
TKT-2025-00677,12/03/2025 11:02,chatbot,Sophia Brown,Tauranga,Business 30GB,,,My data and calls have been down for 5 hours. I rely on this for work and it's causing major disruption.
TKT-2025-00678,12/03/2025 11:30,social_twitter,Ethan Brown,Tauranga,Senior Easy Plan,Auto-response,3,The network has been completely unavailable in our area since 10am. When will it be restored?
TKT-2025-00679,12/03/2025 12:14,phone_transcript,Pita Harris,Tauranga,Youth 15GB,Auto-response,,The network has been completely unavailable in our area since 10am. When will it be restored?
TKT-2025-00680,12/03/2025 12:33,chatbot,Evelyn Khan,Auckland,Essential 3GB,Ngaio W.,3,I cancelled my data boost add-on last last week but I'm still being billed $99 for it.
TKT-2025-00681,12/03/2025 12:59,email,Aroha Davies,Christchurch,Family Share 60GB,Sarah M.,,My bill this month is $189 but I've been on the Family Share 60GB for 7 months and it's always been $49. Something looks off.
TKT-2025-00682,12/03/2025 13:15,email,Grace Wright,Auckland,Prepay 1GB,Ngaio W.,5,I'm experiencing intermittent data dropouts throughout the day in Auckland. This has been happening for 4 days.
TKT-2025-00683,12/03/2025 14:08,social_facebook,Hemi Liu,Tauranga,Business 30GB,Sarah M.,,"No signal in North, Tauranga since 6am this morning. Is there a tower issue?"
TKT-2025-00684,12/03/2025 14:58,web_form,Daniel Khalil,Napier,Business 30GB,Auto-response,4,"No signal in Central, Napier since 6am this morning. Is there a tower issue?"
TKT-2025-00685,12/03/2025 15:00,chatbot,Chloe Miller,Napier,Business Unlimited,,,"No signal in North, Napier since 8am this morning. Is there a tower issue?"
TKT-2025-00686,12/03/2025 15:01,email,Sophie Parata,Auckland,Pro Unlimited,David L.,3,What is the difference between Pro Unlimited and SmartPlan 20GB? I'm considering switching.
TKT-2025-00687,12/03/2025 15:02,web_form,Henry Ali,Gisborne,Business 30GB,Ngaio W.,4,The outage has now lasted over 4 hours with no communication from you. This is unacceptable.
TKT-2025-00688,12/03/2025 15:02,social_twitter,Daniel Thomas,Christchurch,Pro Unlimited,Connor B.,4,There's an unexpected roaming charge of $20 on my account for October. I did not travel internationally.
TKT-2025-00689,12/03/2025 15:18,chatbot,Evelyn Thompson,Tauranga,Unlimited Max,Auto-response,5,"No signal in CBD, Tauranga since 6am this morning. Is there a tower issue?"
TKT-2025-00690,12/03/2025 16:24,social_twitter,Emma Thomas,Auckland,Pro Unlimited,Connor B.,3,I cancelled my roaming add-on last last week but I'm still being billed $15 for it.
TKT-2025-00691,12/03/2025 16:40,web_form,Isabella Martinez,Whangarei,Unlimited Max,Raj P.,4,My bill this month is $20 but I've been on the Unlimited Max for 2 months and it's always been $99. Something looks off.
TKT-2025-00692,12/03/2025 16:56,email,Olivia Nguyen,Tauranga,Family Share 60GB,Raj P.,,My data and calls have been down for 11 hours. I rely on this for work and it's causing major disruption.
TKT-2025-00693,12/03/2025 17:38,web_form,Liam Wright,Christchurch,Unlimited Max,Jake S.,,My account email address has changed and I can't receive verification codes anymore.
TKT-2025-00694,12/03/2025 18:51,phone_transcript,George Tane,Christchurch,Pro Unlimited,Aroha N.,1,"I'm consistently getting poor signal in my new apartment in Central, Christchurch."
TKT-2025-00695,12/03/2025 19:22,social_twitter,Chloe Li,Tauranga,Senior Easy Plan,Sarah M.,4,"No signal in West, Tauranga since 8am this morning. Is there a tower issue?"
TKT-2025-00696,12/03/2025 19:26,live_chat,Henry Smith,Tauranga,Senior Easy Plan,Raj P.,5,"No signal in Heights, Tauranga since early this morning this morning. Is there a tower issue?"
TKT-2025-00697,12/03/2025 19:29,social_facebook,Rangi Xu,Tauranga,Youth 15GB,Ngaio W.,4,Can you give me an ETA on restoring service? I've had nothing for 11 hours.
TKT-2025-00698,12/03/2025 19:35,live_chat,Sanjay Taufa,Rotorua,SmartPlan 20GB,James T.,1,"No signal in CBD, Rotorua since 8am this morning. Is there a tower issue?"
TKT-2025-00699,12/03/2025 20:16,web_form,Chloe Jones,Gisborne,Unlimited Max,James T.,3,"No signal in CBD, Gisborne since early this morning this morning. Is there a tower issue?"
TKT-2025-00700,12/03/2025 20:24,email,Chloe Tuimavave,Auckland,Family Share 60GB,Fatima R.,5,What is the difference between Family Share 60GB and Youth 15GB? I'm considering switching.
TKT-2025-00701,12/03/2025 22:12,web_form,Ethan Wang,Tauranga,Business Unlimited,James T.,4,"No signal in Valley, Tauranga since 8am this morning. Is there a tower issue?"
TKT-2025-00702,12/03/2025 23:08,chatbot,Ravi Thomas,Tauranga,Essential 3GB,Sarah M.,4,"No signal in Central, Tauranga since early this morning this morning. Is there a tower issue?"
TKT-2025-00703,12/03/2025 23:13,email,Noah Anderson,Dunedin,Pro Unlimited,Connor B.,4,My account shows I'm using Pro Unlimited but I upgraded to Family Share 60GB last month.
TKT-2025-00704,13/03/2025 04:24,email,Noah Patel,Napier,Youth 15GB,James T.,1,What is the difference between Youth 15GB and Pro Unlimited? I'm considering switching.
TKT-2025-00705,13/03/2025 07:29,phone_transcript,Evelyn Heke,Tauranga,Prepay 1GB,David L.,3,My bill shows a late payment fee of $75 but I paid on time. I have bank confirmation.
TKT-2025-00706,13/03/2025 08:20,chatbot,Charlie Martin,Auckland,SmartPlan 20GB,Amy S.,,I switched from SmartPlan 20GB to Youth 15GB mid-month and I think my pro-rata billing is wrong.
TKT-2025-00707,13/03/2025 09:05,web_form,Emma Khalil,Tauranga,Prepay 1GB,Raj P.,3,"No signal in Heights, Tauranga since 7am this morning. Is there a tower issue?"
TKT-2025-00708,13/03/2025 09:31,live_chat,Jack Garcia,Tauranga,Pro Unlimited,,,Can you give me an ETA on restoring service? I've had nothing for 12 hours.
TKT-2025-00709,13/03/2025 09:53,chatbot,Sophie Zhang,Timaru,Unlimited Max,Fatima R.,,I switched from Unlimited Max to Business 30GB mid-month and I think my pro-rata billing is wrong.
TKT-2025-00710,13/03/2025 10:19,email,Luisa Patel,Rotorua,Senior Easy Plan,Sarah M.,5,"No signal in Heights, Rotorua since 9am this morning. Is there a tower issue?"
TKT-2025-00711,13/03/2025 11:07,chatbot,Oliver Singh,Napier,Family Share 60GB,James T.,1,"No signal in Central, Napier since early this morning this morning. Is there a tower issue?"
TKT-2025-00712,13/03/2025 12:22,phone_transcript,Luisa Anderson,Rotorua,Family Share 60GB,Connor B.,,I bought a new phone and I want to check it's compatible with your network.
TKT-2025-00713,13/03/2025 12:50,web_form,Raj Heke,Wellington,Senior Easy Plan,James T.,,"I'm consistently getting poor signal in my new apartment in Valley, Wellington."
TKT-2025-00714,13/03/2025 13:00,chatbot,Xiao Smith,Auckland,Business Unlimited,Ben H.,5,"To Whom It May Concern,

I am writing to formally dispute a charge of $60 applied to my account on 24/2/2025. I have not received adequate explanation despite contacting support twice.

Yours sincerely,
Xiao Smith"
TKT-2025-00715,13/03/2025 13:28,web_form,William Mitchell,Gisborne,Essential 3GB,Ngaio W.,,I switched from Essential 3GB to SmartPlan 20GB mid-month and I think my pro-rata billing is wrong.
TKT-2025-00716,13/03/2025 14:41,email,Tane Kumar,Gisborne,SmartPlan 20GB,Priya K.,3,"Dear Support Team,

I am the account holder for business number ending in 6806. I would like to request a full audit of charges for the past 6 months as part of a financial review.

Kind regards,
Tane Kumar"
TKT-2025-00717,13/03/2025 15:33,web_form,Isabella Parata,Tauranga,Unlimited Max,Lisa C.,5,My data speed has been extremely slow recently - I'm getting under 1Mbps on Unlimited Max.
TKT-2025-00718,13/03/2025 18:40,social_twitter,Liam Garcia,Tauranga,Prepay 1GB,,5,"No signal in West, Tauranga since early this morning this morning. Is there a tower issue?"
TKT-2025-00719,13/03/2025 18:58,social_facebook,Sione Tane,Tauranga,Prepay 1GB,James T.,,"No signal in West, Tauranga since 6am this morning. Is there a tower issue?"
TKT-2025-00720,13/03/2025 20:08,chatbot,Daniel Evans,Tauranga,Business 30GB,,,"No signal in Central, Tauranga since 7am this morning. Is there a tower issue?"
TKT-2025-00721,14/03/2025 07:36,chatbot,Jack Singh,Napier,SmartPlan 20GB,Raj P.,4,What is the difference between SmartPlan 20GB and Pro Unlimited? I'm considering switching.
TKT-2025-00722,14/03/2025 11:03,app_support,Anika Williams,Auckland,Business Unlimited,Fatima R.,1,My voicemail isn't recording messages. Callers say they hear the greeting but nothing is saved.
TKT-2025-00723,14/03/2025 11:32,web_form,Luisa Brown,Tauranga,Senior Easy Plan,Mei W.,,"I'm consistently getting poor signal in my new apartment in South, Tauranga."
TKT-2025-00724,14/03/2025 12:37,web_form,Ava Harris,Auckland,Senior Easy Plan,Sarah M.,1,I cancelled my insurance add-on last last month but I'm still being billed $20 for it.
TKT-2025-00725,14/03/2025 13:14,chatbot,Charlotte Wang,Christchurch,Pro Unlimited,Amy S.,3,I'm experiencing intermittent data dropouts throughout the day in Christchurch. This has been happening for 14 days.
TKT-2025-00726,14/03/2025 15:45,chatbot,Xiao Thomas,Auckland,Essential 3GB,David L.,5,I would like to add my partner to my account as an authorised person.
TKT-2025-00727,14/03/2025 16:01,web_form,Rangi Parata,Queenstown,Family Share 60GB,Connor B.,4,"I'm consistently getting poor signal in my new apartment in Central, Queenstown."
TKT-2025-00728,14/03/2025 18:30,web_form,Amelia Brown,Christchurch,Senior Easy Plan,David L.,3,My bill this month is $126 but I've been on the Senior Easy Plan for 2 months and it's always been $79. Something looks off.
TKT-2025-00729,14/03/2025 21:06,email,Fatima Liu,Christchurch,Youth 15GB,David L.,3,My bill this month is $89 but I've been on the Youth 15GB for 11 months and it's always been $79. Something looks off.
TKT-2025-00730,14/03/2025 21:32,chatbot,Sophie Li,Wellington,Family Share 60GB,Priya K.,5,I switched from Family Share 60GB to Essential 3GB mid-month and I think my pro-rata billing is wrong.
TKT-2025-00731,15/03/2025 15:17,web_form,Jack Khalil,Dunedin,Unlimited Max,Ngaio W.,3,I've lost my phone and need to suspend my service immediately.
TKT-2025-00732,15/03/2025 17:36,web_form,Jin Wang,Auckland,Prepay 1GB,Auto-response,,My bill this month is $210 but I've been on the Prepay 1GB for 14 months and it's always been $79. Something looks off.
TKT-2025-00733,16/03/2025 12:53,social_facebook,Noah Wang,New Plymouth,Business 30GB,Lisa C.,4,My account shows I'm using Business 30GB but I upgraded to Senior Easy Plan last month.
TKT-2025-00734,16/03/2025 18:20,email,Sophia Anderson,Auckland,SmartPlan 20GB,Connor B.,4,My account shows I'm using SmartPlan 20GB but I upgraded to Senior Easy Plan last month.
TKT-2025-00735,16/03/2025 18:28,app_support,Sophie Heke,Wellington,Pro Unlimited,Raj P.,5,I'm getting 'SIM not provisioned' errors intermittently. My SIM is less than 6 months old.
TKT-2025-00736,16/03/2025 18:33,chatbot,Ravi Brown,Christchurch,SmartPlan 20GB,,4,I cancelled my data boost add-on last last month but I'm still being billed $210 for it.
TKT-2025-00737,17/03/2025 11:40,chatbot,Tane Ali,Dunedin,Senior Easy Plan,Ben H.,,I need to change my SIM card size as I've upgraded my phone.
TKT-2025-00738,17/03/2025 15:06,web_form,Anika Brown,Auckland,Family Share 60GB,Aroha N.,5,I've received a new phone but I'm having trouble transferring my number to the eSIM.
TKT-2025-00739,17/03/2025 15:56,email,James Taufa,New Plymouth,SmartPlan 20GB,David L.,2,My account shows I'm using SmartPlan 20GB but I upgraded to Pro Unlimited last month.
TKT-2025-00740,17/03/2025 15:57,email,Isabella Nguyen,Nelson,Unlimited Max,,3,There's an unexpected roaming charge of $210 on my account for August. I did not travel internationally.
TKT-2025-00741,17/03/2025 19:27,phone_transcript,Evelyn Zhang,Auckland,Unlimited Max,Jake S.,4,I cancelled my roaming add-on last last month but I'm still being billed $15 for it.
TKT-2025-00742,17/03/2025 20:45,chatbot,James Ali,Auckland,SmartPlan 20GB,Amy S.,5,I want to make a formal complaint about the wait times on your phone line. I waited 50 minutes today.
TKT-2025-00743,18/03/2025 08:15,email,Isabella Martinez,Gisborne,SmartPlan 20GB,Amy S.,5,My SIM card is damaged and I need a replacement sent to my address.
TKT-2025-00744,18/03/2025 08:56,email,Hassan Xu,Rotorua,Youth 15GB,David L.,4,My account shows I'm using Youth 15GB but I upgraded to Unlimited Max last month.
TKT-2025-00745,18/03/2025 10:32,web_form,Raj Miller,Whanganui,Business Unlimited,Fatima R.,2,I cancelled my insurance add-on last last week but I'm still being billed $189 for it.
TKT-2025-00746,18/03/2025 12:35,web_form,Henry Singh,Dunedin,Prepay 1GB,,4,I need a SIM card replacement for a trip abroad. My current one is too large for my new phone.
TKT-2025-00747,18/03/2025 13:20,web_form,Pita Wright,Dunedin,Business 30GB,Sarah M.,4,There's an unexpected roaming charge of $30 on my account for October. I did not travel internationally.
TKT-2025-00748,18/03/2025 14:20,email,Faleolo Garcia,Christchurch,Youth 15GB,Aroha N.,3,I would like to add my partner to my account as an authorised person.
TKT-2025-00749,18/03/2025 14:46,web_form,Priya Kumar,Auckland,Family Share 60GB,Mei W.,3,Can I keep my number if I switch to a different plan? I've had this number for 10 years.
TKT-2025-00750,18/03/2025 15:25,email,Olivia Faleolo,Auckland,Essential 3GB,Amy S.,,I cancelled my insurance add-on last last month but I'm still being billed $30 for it.
TKT-2025-00751,18/03/2025 17:34,email,Evelyn Martinez,Christchurch,Senior Easy Plan,Mei W.,3,My account shows I'm using Senior Easy Plan but I upgraded to Unlimited Max last month.
TKT-2025-00752,18/03/2025 18:01,web_form,Sophia Johnson,Tauranga,Prepay 1GB,James T.,,"I'm consistently getting poor signal in my new apartment in Central, Tauranga."
TKT-2025-00753,18/03/2025 21:02,email,Harper Ali,Christchurch,Unlimited Max,Lisa C.,,My account shows I'm using Unlimited Max but I upgraded to Family Share 60GB last month.
TKT-2025-00754,19/03/2025 05:12,phone_transcript,Emma Martinez,Napier,Prepay 1GB,,,My bill this month is $189 but I've been on the Prepay 1GB for 11 months and it's always been $29. Something looks off.
TKT-2025-00755,19/03/2025 07:59,phone_transcript,Charlotte Ali,Dunedin,SmartPlan 20GB,Sarah M.,1,Mobile data works but I can't make voice calls. I've tried restarting my phone multiple times.
TKT-2025-00756,19/03/2025 08:41,web_form,Henry Walker,Auckland,Business Unlimited,David L.,3,I can't see my usage history beyond 60 days in the app. I need records for a dispute.
TKT-2025-00757,19/03/2025 10:06,phone_transcript,Pita Thompson,Wellington,Prepay 1GB,Lisa C.,5,My account shows I'm using Prepay 1GB but I upgraded to Youth 15GB last month.
TKT-2025-00758,19/03/2025 10:27,social_twitter,Hemi Liu,New Plymouth,Pro Unlimited,Ngaio W.,,My bill this month is $60 but I've been on the Pro Unlimited for 5 months and it's always been $59. Something looks off.
TKT-2025-00759,19/03/2025 10:32,chatbot,Pita Khan,New Plymouth,Unlimited Max,Ngaio W.,3,"I'm consistently getting poor signal in my new apartment in South, New Plymouth."
TKT-2025-00760,19/03/2025 11:25,live_chat,Amelia Thomas,Wellington,Business Unlimited,Priya K.,3,My bill this month is $20 but I've been on the Business Unlimited for 16 months and it's always been $39. Something looks off.
TKT-2025-00761,19/03/2025 13:00,email,Thomas Evans,Christchurch,Prepay 1GB,Connor B.,3,What is the difference between Prepay 1GB and Unlimited Max? I'm considering switching.
TKT-2025-00762,19/03/2025 13:25,email,Ava Thompson,Auckland,Family Share 60GB,Mei W.,3,I need to transfer ownership of this account to my business.
TKT-2025-00763,19/03/2025 13:35,chatbot,Faleolo Miller,Auckland,Business Unlimited,Raj P.,4,My account shows I'm using Business Unlimited but I upgraded to Pro Unlimited last month.
TKT-2025-00764,19/03/2025 15:45,chatbot,Isabella Khalil,Auckland,Prepay 1GB,David L.,3,I cancelled my insurance add-on last two weeks ago but I'm still being billed $30 for it.
TKT-2025-00765,20/03/2025 08:12,social_twitter,Jack Kumar,Wellington,Business Unlimited,Lisa C.,4,My account shows I'm using Business Unlimited but I upgraded to Prepay 1GB last month.
TKT-2025-00766,20/03/2025 12:35,web_form,Evelyn Roberts,Auckland,Family Share 60GB,Ben H.,,I was promised a callback within 24 hours and I'm still waiting after 5 days.
TKT-2025-00767,20/03/2025 12:51,email,William Martinez,Wellington,Prepay 1GB,David L.,,"To Whom It May Concern,

I am writing to formally dispute a charge of $20 applied to my account on 21/1/2025. I have not received adequate explanation despite contacting support twice.

Yours sincerely,
William Martinez"
TKT-2025-00768,20/03/2025 13:33,email,Mia Khalil,Gisborne,Business 30GB,,3,I cancelled my roaming add-on last two weeks ago but I'm still being billed $210 for it.
TKT-2025-00769,20/03/2025 13:41,web_form,William Xu,Auckland,Unlimited Max,Lisa C.,3,My voicemail isn't recording messages. Callers say they hear the greeting but nothing is saved.
TKT-2025-00770,20/03/2025 15:45,email,William Khan,Queenstown,Essential 3GB,Tom F.,1,The agent I spoke to last Wednesday was very unhelpful and dismissive of my issue.
TKT-2025-00771,20/03/2025 17:54,live_chat,Amelia Davies,Blenheim,Business 30GB,Auto-response,4,My bill this month is $126 but I've been on the Business 30GB for 16 months and it's always been $99. Something looks off.
TKT-2025-00772,21/03/2025 08:52,email,James Johnson,Napier,Essential 3GB,Connor B.,1,What is the difference between Essential 3GB and Unlimited Max? I'm considering switching.
TKT-2025-00773,21/03/2025 10:47,chatbot,Fatima Walker,Auckland,Youth 15GB,Ngaio W.,3,My bill this month is $120 but I've been on the Youth 15GB for 12 months and it's always been $59. Something looks off.
TKT-2025-00774,21/03/2025 10:52,email,Hemi Evans,Dunedin,Youth 15GB,Connor B.,2,I bought a new phone and I want to check it's compatible with your network.
TKT-2025-00775,21/03/2025 12:25,web_form,Anika Martin,Invercargill,Unlimited Max,Ben H.,3,My bill this month is $126 but I've been on the Unlimited Max for 9 months and it's always been $99. Something looks off.
TKT-2025-00776,21/03/2025 13:25,live_chat,Anika Singh,Auckland,Youth 15GB,Ben H.,3,My 4G signal keeps dropping to 3G at my home address even though coverage maps show 4G here.
TKT-2025-00777,21/03/2025 16:17,email,Liam Wright,Auckland,Unlimited Max,Ben H.,3,"Since the network update last week, I've had no mobile coverage at my workplace."
TKT-2025-00778,21/03/2025 17:29,web_form,Jin Harris,Palmerston North,Family Share 60GB,,3,"I'm consistently getting poor signal in my new apartment in North, Palmerston North."
TKT-2025-00779,21/03/2025 19:10,phone_transcript,James Walker,Dunedin,Business Unlimited,Amy S.,3,"I'm consistently getting poor signal in my new apartment in Valley, Dunedin."
TKT-2025-00780,22/03/2025 09:35,web_form,Ravi Harris,Christchurch,Essential 3GB,Sarah M.,5,There's an unexpected roaming charge of $89 on my account for December. I did not travel internationally.
TKT-2025-00781,22/03/2025 12:39,email,Isabella Thompson,Rotorua,Unlimited Max,Raj P.,,I have a new 5G-capable phone but I'm not seeing 5G connectivity in Rotorua where it should be available.
TKT-2025-00782,22/03/2025 14:09,email,Tane Kumar,Palmerston North,Essential 3GB,Lisa C.,5,My bill this month is $189 but I've been on the Essential 3GB for 11 months and it's always been $79. Something looks off.
TKT-2025-00783,22/03/2025 16:44,email,Amelia Thompson,Whanganui,Business Unlimited,,1,My bill this month is $189 but I've been on the Business Unlimited for 4 months and it's always been $89. Something looks off.
TKT-2025-00784,23/03/2025 13:21,web_form,James Brown,Nelson,Essential 3GB,Ben H.,,I want to remove the insurance add-on from my plan. I've been paying for it for 2 years without using it.
TKT-2025-00785,23/03/2025 13:22,web_form,Olivia Lee,Hamilton,Business Unlimited,Ngaio W.,,"Hello,

I've been attempting to resolve a technical issue with my Business Unlimited plan since November. Each time I call I'm told it will be escalated but I haven't heard back. Could a senior technician please contact me?

Thank you,
Olivia Lee"
TKT-2025-00786,24/03/2025 08:47,web_form,Thomas Walker,Hamilton,Essential 3GB,Sarah M.,3,My account shows I'm using Essential 3GB but I upgraded to Prepay 1GB last month.
TKT-2025-00787,24/03/2025 09:51,chatbot,Amelia Heke,Auckland,Pro Unlimited,Sarah M.,,I switched from Pro Unlimited to SmartPlan 20GB mid-month and I think my pro-rata billing is wrong.
TKT-2025-00788,24/03/2025 09:55,email,Fatima Faleolo,Auckland,Pro Unlimited,Raj P.,3,I'm travelling to Timaru next week and wanted to flag that I've had poor coverage there previously.
TKT-2025-00789,24/03/2025 13:58,live_chat,Hemi Patel,Gisborne,Senior Easy Plan,,1,"I'm consistently getting poor signal in my new apartment in South, Gisborne."
TKT-2025-00790,24/03/2025 14:56,phone_transcript,Charlotte Thomas,Auckland,Unlimited Max,Amy S.,4,My account shows I'm using Unlimited Max but I upgraded to Youth 15GB last month.
TKT-2025-00791,24/03/2025 17:48,phone_transcript,George Li,Hamilton,Youth 15GB,Tom F.,3,I cancelled my insurance add-on last last month but I'm still being billed $189 for it.
TKT-2025-00792,24/03/2025 20:48,chatbot,Fatima Anderson,Nelson,Business 30GB,James T.,,My account shows I'm using Business 30GB but I upgraded to Business Unlimited last month.
TKT-2025-00793,25/03/2025 09:24,phone_transcript,Thomas Zhang,Christchurch,Pro Unlimited,Aroha N.,4,I'm travelling to Rotorua next week and wanted to flag that I've had poor coverage there previously.
TKT-2025-00794,25/03/2025 11:26,phone_transcript,Ava Lee,Whanganui,Unlimited Max,Jake S.,4,"I'm consistently getting poor signal in my new apartment in CBD, Whanganui."
TKT-2025-00795,25/03/2025 11:45,chatbot,Noah Brown,Auckland,Essential 3GB,Priya K.,,My device is asking me for an unlock code. I purchased it through you 2 years ago.
TKT-2025-00796,25/03/2025 16:57,social_facebook,Ethan Williams,Wellington,Business 30GB,David L.,4,I've forgotten my account PIN and I need to verify my identity to make changes.
TKT-2025-00797,25/03/2025 18:18,web_form,Aroha Tuimavave,Hamilton,Business 30GB,Amy S.,5,What is the difference between Business 30GB and Senior Easy Plan? I'm considering switching.
TKT-2025-00798,25/03/2025 20:38,chatbot,Faleolo Harris,Dunedin,Family Share 60GB,Ngaio W.,2,My account is showing as suspended but I haven't missed a payment.
TKT-2025-00799,26/03/2025 00:15,phone_transcript,Ava Patel,Whangarei,Unlimited Max,Tom F.,4,I would like to change my current Unlimited Max plan and need to understand my options.
TKT-2025-00800,26/03/2025 07:50,phone_transcript,Jin Lee,Auckland,SmartPlan 20GB,Ben H.,5,My account shows I'm using SmartPlan 20GB but I upgraded to Business 30GB last month.
TKT-2025-00801,26/03/2025 08:09,web_form,Ravi Taylor,Auckland,Essential 3GB,Lisa C.,4,My bill this month is $126 but I've been on the Essential 3GB for 18 months and it's always been $29. Something looks off.
TKT-2025-00802,26/03/2025 08:12,chatbot,Sophia Miller,Auckland,Prepay 1GB,,,I'm unable to send MMS messages to other networks. Regular SMS works fine.
TKT-2025-00803,26/03/2025 09:18,live_chat,Fatima Xu,Christchurch,Senior Easy Plan,Sarah M.,4,I cancelled my roaming add-on last two weeks ago but I'm still being billed $15 for it.
TKT-2025-00804,26/03/2025 10:38,phone_transcript,Luisa Anderson,Palmerston North,Business 30GB,Jake S.,4,I cancelled my roaming add-on last last month but I'm still being billed $145 for it.
TKT-2025-00805,26/03/2025 10:42,social_facebook,Sophie Brown,Wellington,Youth 15GB,Raj P.,4,I switched from Youth 15GB to Prepay 1GB mid-month and I think my pro-rata billing is wrong.
TKT-2025-00806,26/03/2025 13:26,phone_transcript,Anika Taylor,Auckland,Pro Unlimited,Ben H.,,What is the difference between Pro Unlimited and Essential 3GB? I'm considering switching.
TKT-2025-00807,26/03/2025 13:41,web_form,Raj Martin,Nelson,Pro Unlimited,Aroha N.,,I've received a new phone but I'm having trouble transferring my number to the eSIM.
TKT-2025-00808,26/03/2025 14:10,email,Pita Hassan,Hamilton,Business Unlimited,Tom F.,3,My device is asking me for an unlock code. I purchased it through you 2 years ago.
TKT-2025-00809,26/03/2025 15:16,social_facebook,George Johnson,Auckland,Youth 15GB,James T.,,My account shows I'm using Youth 15GB but I upgraded to Senior Easy Plan last month.
TKT-2025-00810,26/03/2025 15:27,email,Mei Hassan,Christchurch,Essential 3GB,Jake S.,3,There's an unexpected roaming charge of $89 on my account for May. I did not travel internationally.
TKT-2025-00811,27/03/2025 12:26,live_chat,Sione Johnson,Auckland,Prepay 1GB,Amy S.,1,I've called three times about the same billing issue and it still hasn't been resolved. This is unacceptable.
TKT-2025-00812,27/03/2025 12:52,chatbot,Hemi Ali,Invercargill,Family Share 60GB,Jake S.,3,What is the difference between Family Share 60GB and Unlimited Max? I'm considering switching.
TKT-2025-00813,27/03/2025 14:10,web_form,James Evans,Gisborne,Business 30GB,Connor B.,5,I have a new 5G-capable phone but I'm not seeing 5G connectivity in Gisborne where it should be available.
TKT-2025-00814,27/03/2025 19:19,email,Ethan Anderson,Whanganui,Youth 15GB,Aroha N.,3,What is the difference between Youth 15GB and Business 30GB? I'm considering switching.
TKT-2025-00815,27/03/2025 19:43,app_support,Charlotte Zhang,Palmerston North,Pro Unlimited,Fatima R.,3,"I'm consistently getting poor signal in my new apartment in West, Palmerston North."
TKT-2025-00816,28/03/2025 08:39,email,Luisa Tane,Christchurch,Pro Unlimited,Priya K.,3,I've called three times about the same billing issue and it still hasn't been resolved. This is unacceptable.
TKT-2025-00817,28/03/2025 08:44,chatbot,Olivia Thompson,Palmerston North,Essential 3GB,David L.,4,My bill this month is $120 but I've been on the Essential 3GB for 18 months and it's always been $79. Something looks off.
TKT-2025-00818,28/03/2025 12:11,phone_transcript,Faleolo Ngata,Invercargill,Family Share 60GB,James T.,5,I switched from Family Share 60GB to SmartPlan 20GB mid-month and I think my pro-rata billing is wrong.
TKT-2025-00819,28/03/2025 12:15,live_chat,Olivia Singh,Auckland,Essential 3GB,James T.,3,There's an unexpected roaming charge of $210 on my account for December. I did not travel internationally.
TKT-2025-00820,28/03/2025 12:59,email,Jack Hassan,Christchurch,Prepay 1GB,Tom F.,2,What is the difference between Prepay 1GB and Senior Easy Plan? I'm considering switching.
TKT-2025-00821,28/03/2025 14:44,chatbot,Ava Wilson,Christchurch,Senior Easy Plan,Lisa C.,,I switched from Senior Easy Plan to Prepay 1GB mid-month and I think my pro-rata billing is wrong.
TKT-2025-00822,28/03/2025 15:01,app_support,Grace Ali,Queenstown,Senior Easy Plan,Jake S.,,My SIM card is damaged and I need a replacement sent to my address.
TKT-2025-00823,28/03/2025 15:03,web_form,Xiao Williams,Tauranga,Prepay 1GB,Lisa C.,4,My number isn't receiving calls from overseas. Domestic calls are fine.
TKT-2025-00824,28/03/2025 15:22,phone_transcript,Liam Thomas,Auckland,Business Unlimited,Jake S.,,I switched from Business Unlimited to SmartPlan 20GB mid-month and I think my pro-rata billing is wrong.
TKT-2025-00825,28/03/2025 15:37,email,Grace Davies,Auckland,Family Share 60GB,Ben H.,,I cancelled my data boost add-on last last week but I'm still being billed $45 for it.
TKT-2025-00826,28/03/2025 16:49,chatbot,Emma Tuimavave,Wellington,Essential 3GB,Tom F.,2,There's an unexpected roaming charge of $126 on my account for December. I did not travel internationally.
TKT-2025-00827,28/03/2025 17:00,email,Charlotte Roberts,Whanganui,Prepay 1GB,Mei W.,5,I switched from Prepay 1GB to Senior Easy Plan mid-month and I think my pro-rata billing is wrong.
TKT-2025-00828,28/03/2025 17:06,web_form,Grace Faleolo,Auckland,Business Unlimited,Tom F.,,My bill this month is $145 but I've been on the Business Unlimited for 14 months and it's always been $79. Something looks off.
TKT-2025-00829,28/03/2025 17:13,email,Dev Johnson,Christchurch,Senior Easy Plan,Tom F.,4,My hotspot feature stopped working after I updated my phone. I've checked the settings.
TKT-2025-00830,28/03/2025 17:58,phone_transcript,Priya Singh,Christchurch,SmartPlan 20GB,Ngaio W.,2,There's an unexpected roaming charge of $75 on my account for August. I did not travel internationally.
TKT-2025-00831,28/03/2025 20:44,social_facebook,Sanjay Johnson,New Plymouth,Essential 3GB,Connor B.,5,"I'm consistently getting poor signal in my new apartment in Valley, New Plymouth."
TKT-2025-00832,28/03/2025 21:30,social_facebook,George Zhang,Auckland,Senior Easy Plan,Amy S.,3,I cancelled my data boost add-on last last month but I'm still being billed $99 for it.
TKT-2025-00833,29/03/2025 09:20,web_form,Daniel Evans,Auckland,Pro Unlimited,Priya K.,3,I cancelled my insurance add-on last last week but I'm still being billed $145 for it.
TKT-2025-00834,29/03/2025 12:20,web_form,Sophie Miller,Christchurch,Business Unlimited,,4,"Dear Support Team,

I am the account holder for business number ending in 9578. I would like to request a full audit of charges for the past 6 months as part of a financial review.

Kind regards,
Sophie Miller"
TKT-2025-00835,29/03/2025 13:58,phone_transcript,Ava Thompson,Tauranga,Business 30GB,Auto-response,4,There's an unexpected roaming charge of $99 on my account for December. I did not travel internationally.
TKT-2025-00836,29/03/2025 16:23,chatbot,Noah Evans,Auckland,Senior Easy Plan,Auto-response,2,My bill this month is $126 but I've been on the Senior Easy Plan for 13 months and it's always been $49. Something looks off.
TKT-2025-00837,29/03/2025 17:51,web_form,Charlie Evans,Hamilton,Prepay 1GB,Sarah M.,4,My bill this month is $89 but I've been on the Prepay 1GB for 18 months and it's always been $89. Something looks off.
TKT-2025-00838,30/03/2025 09:14,phone_transcript,Henry Ali,Whanganui,SmartPlan 20GB,,,I cancelled my roaming add-on last two weeks ago but I'm still being billed $126 for it.
TKT-2025-00839,30/03/2025 10:06,chatbot,Jin Evans,Christchurch,Essential 3GB,Aroha N.,2,My bill this month is $89 but I've been on the Essential 3GB for 3 months and it's always been $49. Something looks off.
TKT-2025-00840,30/03/2025 10:24,email,Raj Heke,Auckland,Family Share 60GB,David L.,4,I switched from Family Share 60GB to Prepay 1GB mid-month and I think my pro-rata billing is wrong.
TKT-2025-00841,30/03/2025 10:49,phone_transcript,Evelyn Ali,Wellington,Business Unlimited,,5,There's an unexpected roaming charge of $45 on my account for December. I did not travel internationally.
TKT-2025-00842,30/03/2025 11:00,web_form,Jin Wilson,Dunedin,Senior Easy Plan,Auto-response,3,My account shows I'm using Senior Easy Plan but I upgraded to SmartPlan 20GB last month.
TKT-2025-00843,30/03/2025 12:32,web_form,Emma Williams,Christchurch,Family Share 60GB,Fatima R.,5,There's an unexpected roaming charge of $30 on my account for April. I did not travel internationally.
TKT-2025-00844,30/03/2025 13:16,live_chat,Daniel Wilson,Rotorua,Senior Easy Plan,Aroha N.,3,My account shows I'm using Senior Easy Plan but I upgraded to Family Share 60GB last month.
TKT-2025-00845,30/03/2025 13:46,chatbot,Sanjay Thomas,Christchurch,Senior Easy Plan,Raj P.,4,I need to update the credit card on my account as my old card has expired.
TKT-2025-00846,30/03/2025 16:47,email,Charlotte Jones,Auckland,Business 30GB,James T.,,I was promised a callback within 24 hours and I'm still waiting after 13 days.
TKT-2025-00847,30/03/2025 18:30,email,Charlie Li,Auckland,Business Unlimited,,,I've lost my phone and need to suspend my service immediately.
TKT-2025-00848,30/03/2025 20:31,web_form,Aroha Anderson,Christchurch,Senior Easy Plan,,4,I cancelled my roaming add-on last two weeks ago but I'm still being billed $99 for it.
TKT-2025-00849,31/03/2025 00:02,email,Liam Khalil,Auckland,SmartPlan 20GB,Ngaio W.,3,My bill this month is $75 but I've been on the SmartPlan 20GB for 5 months and it's always been $79. Something looks off.
TKT-2025-00850,31/03/2025 07:51,email,Ava Ngata,Hamilton,Prepay 1GB,James T.,,There's an unexpected roaming charge of $120 on my account for June. I did not travel internationally.
TKT-2025-00851,31/03/2025 10:15,email,James Tane,Auckland,Family Share 60GB,Jake S.,2,I cancelled my insurance add-on last last month but I'm still being billed $210 for it.
TKT-2025-00852,31/03/2025 10:24,email,Luisa Nguyen,Auckland,Business 30GB,Priya K.,,My account is showing as suspended but I haven't missed a payment.
TKT-2025-00853,31/03/2025 10:40,social_facebook,Jin Parata,Invercargill,Senior Easy Plan,Tom F.,4,My bill this month is $210 but I've been on the Senior Easy Plan for 8 months and it's always been $59. Something looks off.
TKT-2025-00854,31/03/2025 10:42,social_facebook,Henry Tuimavave,Auckland,Family Share 60GB,,3,I cancelled my insurance add-on last last week but I'm still being billed $120 for it.
TKT-2025-00855,31/03/2025 11:01,app_support,Olivia Ngata,New Plymouth,Youth 15GB,Sarah M.,4,I switched from Youth 15GB to Pro Unlimited mid-month and I think my pro-rata billing is wrong.
TKT-2025-00856,31/03/2025 11:27,chatbot,Chloe Williams,Dunedin,Pro Unlimited,Auto-response,,I need to update my direct debit bank account details.
TKT-2025-00857,31/03/2025 11:31,social_facebook,Luisa Thompson,Auckland,Senior Easy Plan,Ngaio W.,4,My bill this month is $126 but I've been on the Senior Easy Plan for 14 months and it's always been $89. Something looks off.
TKT-2025-00858,31/03/2025 12:13,chatbot,Liam Harris,Hamilton,Senior Easy Plan,Sarah M.,3,Calls to landlines are cutting out after exactly 30 minutes every time.
TKT-2025-00859,31/03/2025 12:35,social_twitter,Charlotte Hassan,Wellington,Unlimited Max,Mei W.,4,There's an unexpected roaming charge of $30 on my account for May. I did not travel internationally.
TKT-2025-00860,31/03/2025 12:45,web_form,Ethan Parata,Whanganui,Unlimited Max,Fatima R.,4,"I'm consistently getting poor signal in my new apartment in West, Whanganui."
TKT-2025-00861,31/03/2025 14:43,chatbot,Isabella Liu,Auckland,Youth 15GB,Lisa C.,,"Dear Support Team,

I am the account holder for business number ending in 3170. I would like to request a full audit of charges for the past 6 months as part of a financial review.

Kind regards,
Isabella Liu"
TKT-2025-00862,31/03/2025 15:09,chatbot,Pita Ali,Auckland,SmartPlan 20GB,Raj P.,5,There's an unexpected roaming charge of $120 on my account for August. I did not travel internationally.
TKT-2025-00863,31/03/2025 16:14,phone_transcript,James Evans,Tauranga,Family Share 60GB,Ben H.,5,I switched from Family Share 60GB to Youth 15GB mid-month and I think my pro-rata billing is wrong.
TKT-2025-00864,31/03/2025 16:21,web_form,Faleolo Lee,Auckland,Essential 3GB,Raj P.,1,I cancelled my roaming add-on last two weeks ago but I'm still being billed $20 for it.
TKT-2025-00865,31/03/2025 16:26,app_support,Mei Walker,Christchurch,Prepay 1GB,Jake S.,,My bill this month is $210 but I've been on the Prepay 1GB for 9 months and it's always been $39. Something looks off.
TKT-2025-00866,31/03/2025 16:27,social_facebook,Chloe Ngata,Auckland,Pro Unlimited,Aroha N.,4,My voicemail isn't recording messages. Callers say they hear the greeting but nothing is saved.
TKT-2025-00867,31/03/2025 17:16,web_form,Tane Johnson,Wellington,Essential 3GB,Fatima R.,4,International roaming isn't working in Australia even though I have the roaming add-on active.
TKT-2025-00868,01/04/2025 00:04,email,Jin Liu,Whanganui,Pro Unlimited,Aroha N.,3,I switched from Pro Unlimited to Senior Easy Plan mid-month and I think my pro-rata billing is wrong.
TKT-2025-00869,01/04/2025 05:27,web_form,Mia Thompson,Nelson,SmartPlan 20GB,Fatima R.,,"I'm consistently getting poor signal in my new apartment in North, Nelson."
TKT-2025-00870,01/04/2025 08:11,email,Olivia Garcia,Wellington,Business 30GB,Auto-response,,"To Whom It May Concern,

I am writing to formally dispute a charge of $45 applied to my account on 20/2/2025. I have not received adequate explanation despite contacting support twice.

Yours sincerely,
Olivia Garcia"
TKT-2025-00871,01/04/2025 10:40,web_form,Liam Thompson,Whangarei,Business 30GB,Mei W.,5,There's an unexpected roaming charge of $99 on my account for March. I did not travel internationally.
TKT-2025-00872,01/04/2025 11:23,phone_transcript,George Xu,Auckland,Prepay 1GB,,4,There's an unexpected roaming charge of $120 on my account for January. I did not travel internationally.
TKT-2025-00873,01/04/2025 12:43,phone_transcript,Evelyn Davies,Auckland,Family Share 60GB,Mei W.,3,My bill this month is $145 but I've been on the Family Share 60GB for 13 months and it's always been $79. Something looks off.
TKT-2025-00874,01/04/2025 12:56,phone_transcript,Mere Miller,Rotorua,SmartPlan 20GB,Lisa C.,3,I switched from SmartPlan 20GB to Family Share 60GB mid-month and I think my pro-rata billing is wrong.
TKT-2025-00875,01/04/2025 13:02,chatbot,Anika Taylor,Napier,Business Unlimited,,4,My bill this month is $60 but I've been on the Business Unlimited for 3 months and it's always been $39. Something looks off.
TKT-2025-00876,01/04/2025 13:39,chatbot,Tane Ali,Auckland,Essential 3GB,Mei W.,3,My bill this month is $15 but I've been on the Essential 3GB for 17 months and it's always been $59. Something looks off.
TKT-2025-00877,01/04/2025 14:03,app_support,Noah Tuimavave,Auckland,Essential 3GB,Sarah M.,,I'd like to merge two accounts under my name into one.
TKT-2025-00878,01/04/2025 14:49,live_chat,William Wilson,Palmerston North,Family Share 60GB,Tom F.,,There's an unexpected roaming charge of $126 on my account for February. I did not travel internationally.
TKT-2025-00879,01/04/2025 17:41,email,Isabella Tane,Dunedin,Prepay 1GB,Fatima R.,4,"I'm consistently getting poor signal in my new apartment in North, Dunedin."
TKT-2025-00880,01/04/2025 17:52,web_form,Grace Nguyen,Gisborne,Essential 3GB,Mei W.,,I bought a new phone and I want to check it's compatible with your network.
TKT-2025-00881,01/04/2025 20:24,phone_transcript,Olivia Jones,Whanganui,Business 30GB,Lisa C.,2,My data speed has been extremely slow recently - I'm getting under 1Mbps on Business 30GB.
TKT-2025-00882,01/04/2025 21:40,chatbot,Chloe Singh,Queenstown,Pro Unlimited,,5,I switched from Pro Unlimited to Youth 15GB mid-month and I think my pro-rata billing is wrong.
TKT-2025-00883,02/04/2025 05:32,web_form,Jin Walker,Palmerston North,Business Unlimited,Amy S.,3,My bill this month is $189 but I've been on the Business Unlimited for 8 months and it's always been $59. Something looks off.
TKT-2025-00884,02/04/2025 07:04,email,Chloe Garcia,Tauranga,Family Share 60GB,James T.,3,I switched from Family Share 60GB to Unlimited Max mid-month and I think my pro-rata billing is wrong.
TKT-2025-00885,02/04/2025 07:13,email,Ava Davies,Hamilton,Pro Unlimited,,,"I'm consistently getting poor signal in my new apartment in CBD, Hamilton."
TKT-2025-00886,02/04/2025 07:59,app_support,Charlie Martinez,Whangarei,Essential 3GB,Sarah M.,3,I cancelled my insurance add-on last last month but I'm still being billed $120 for it.
TKT-2025-00887,02/04/2025 08:48,app_support,Jin Singh,Wellington,SmartPlan 20GB,Amy S.,3,There's an unexpected roaming charge of $75 on my account for June. I did not travel internationally.
TKT-2025-00888,02/04/2025 09:39,email,Pita Liu,Auckland,Senior Easy Plan,,,The agent I spoke to last Friday was very unhelpful and dismissive of my issue.
TKT-2025-00889,02/04/2025 10:57,web_form,Raj Davies,Wellington,Business Unlimited,David L.,2,What is the difference between Business Unlimited and Pro Unlimited? I'm considering switching.
TKT-2025-00890,02/04/2025 10:58,email,Rangi Roberts,New Plymouth,SmartPlan 20GB,Sarah M.,,My bill this month is $120 but I've been on the SmartPlan 20GB for 7 months and it's always been $49. Something looks off.
TKT-2025-00891,02/04/2025 11:04,web_form,Mia Martinez,Invercargill,Essential 3GB,Priya K.,1,What is the difference between Essential 3GB and Youth 15GB? I'm considering switching.
TKT-2025-00892,02/04/2025 12:42,chatbot,Ethan Singh,Invercargill,Youth 15GB,James T.,5,My bill this month is $89 but I've been on the Youth 15GB for 4 months and it's always been $89. Something looks off.
TKT-2025-00893,02/04/2025 13:14,email,Charlie Liu,Auckland,Unlimited Max,Tom F.,,I've been charged for an international calling plan that I never added to my account.
TKT-2025-00894,02/04/2025 15:00,chatbot,Anika Walker,Invercargill,Business Unlimited,Tom F.,3,I'm experiencing intermittent data dropouts throughout the day in Invercargill. This has been happening for 14 days.
TKT-2025-00895,02/04/2025 15:31,app_support,Jin Tane,Auckland,Business Unlimited,Jake S.,4,My bill this month is $99 but I've been on the Business Unlimited for 18 months and it's always been $29. Something looks off.
TKT-2025-00896,02/04/2025 15:37,web_form,Ravi Khan,New Plymouth,Prepay 1GB,James T.,4,"I'm consistently getting poor signal in my new apartment in West, New Plymouth."
TKT-2025-00897,02/04/2025 16:54,email,Sophia Tuimavave,Wellington,Unlimited Max,Tom F.,5,I switched from Unlimited Max to SmartPlan 20GB mid-month and I think my pro-rata billing is wrong.
TKT-2025-00898,02/04/2025 17:22,social_twitter,Amelia Nguyen,Queenstown,Unlimited Max,Ngaio W.,2,I've lost my phone and need to suspend my service immediately.
TKT-2025-00899,02/04/2025 21:24,phone_transcript,Liam Lee,Auckland,Business Unlimited,,4,There's an unexpected roaming charge of $210 on my account for February. I did not travel internationally.
TKT-2025-00900,03/04/2025 06:03,email,Thomas Khan,Tauranga,SmartPlan 20GB,Ngaio W.,4,I switched from SmartPlan 20GB to Prepay 1GB mid-month and I think my pro-rata billing is wrong.
TKT-2025-00901,03/04/2025 07:47,live_chat,Hassan Mitchell,Whangarei,Unlimited Max,Ben H.,4,I switched from Unlimited Max to Senior Easy Plan mid-month and I think my pro-rata billing is wrong.
TKT-2025-00902,03/04/2025 08:00,web_form,Tane Mitchell,Dunedin,Unlimited Max,Amy S.,3,My bill this month is $210 but I've been on the Unlimited Max for 10 months and it's always been $99. Something looks off.
TKT-2025-00903,03/04/2025 09:40,web_form,Raj Nguyen,Queenstown,SmartPlan 20GB,Priya K.,,I switched from SmartPlan 20GB to Business 30GB mid-month and I think my pro-rata billing is wrong.
TKT-2025-00904,03/04/2025 09:46,web_form,Mia Miller,Christchurch,Senior Easy Plan,Auto-response,2,There's an unexpected roaming charge of $60 on my account for July. I did not travel internationally.
TKT-2025-00905,03/04/2025 11:08,email,Harper Ali,Palmerston North,SmartPlan 20GB,Lisa C.,3,My phone shows full signal but calls keep dropping mid-conversation.
TKT-2025-00906,03/04/2025 13:00,live_chat,Liam Harris,Timaru,Essential 3GB,Sarah M.,4,I need to update my direct debit bank account details.
TKT-2025-00907,03/04/2025 13:08,live_chat,Tane Smith,Auckland,Pro Unlimited,Amy S.,,My bill this month is $60 but I've been on the Pro Unlimited for 9 months and it's always been $49. Something looks off.
TKT-2025-00908,03/04/2025 13:15,email,Charlie Taufa,Wellington,Senior Easy Plan,David L.,3,My bill this month is $145 but I've been on the Senior Easy Plan for 18 months and it's always been $59. Something looks off.
TKT-2025-00909,03/04/2025 13:15,live_chat,Chloe Khalil,Auckland,Essential 3GB,Mei W.,2,I'd like to add a data top-up to my Essential 3GB. How long does it last?
TKT-2025-00910,03/04/2025 13:31,live_chat,Emma Wilson,Hamilton,Family Share 60GB,Ben H.,5,My bill this month is $210 but I've been on the Family Share 60GB for 15 months and it's always been $29. Something looks off.
TKT-2025-00911,03/04/2025 13:43,social_twitter,George Lee,New Plymouth,Business Unlimited,Aroha N.,,My bill this month is $60 but I've been on the Business Unlimited for 7 months and it's always been $39. Something looks off.
TKT-2025-00912,03/04/2025 13:45,email,Ethan Thompson,New Plymouth,Senior Easy Plan,Aroha N.,5,My account shows I'm using Senior Easy Plan but I upgraded to Essential 3GB last month.
TKT-2025-00913,03/04/2025 19:34,phone_transcript,Mei Khalil,Auckland,Senior Easy Plan,Aroha N.,1,I've moved to a new country and want to check my device is unlocked before I leave.
TKT-2025-00914,03/04/2025 21:13,web_form,Hemi Walker,Gisborne,Pro Unlimited,Priya K.,2,I cancelled my insurance add-on last last month but I'm still being billed $75 for it.
TKT-2025-00915,03/04/2025 21:55,phone_transcript,Luisa Khalil,Whangarei,Business Unlimited,Ngaio W.,3,I switched from Business Unlimited to Youth 15GB mid-month and I think my pro-rata billing is wrong.
TKT-2025-00916,04/04/2025 04:12,web_form,Dev Johnson,Auckland,Prepay 1GB,Raj P.,3,I have a new 5G-capable phone but I'm not seeing 5G connectivity in Auckland where it should be available.
TKT-2025-00917,04/04/2025 08:49,social_facebook,Olivia Roberts,Palmerston North,Family Share 60GB,Jake S.,4,There's an unexpected roaming charge of $45 on my account for November. I did not travel internationally.
TKT-2025-00918,04/04/2025 09:41,chatbot,Sophie Davies,Whangarei,Prepay 1GB,Priya K.,2,I'm experiencing intermittent data dropouts throughout the day in Whangarei. This has been happening for 5 days.
TKT-2025-00919,04/04/2025 10:28,social_twitter,Charlie Tane,Rotorua,SmartPlan 20GB,Tom F.,5,"I'm consistently getting poor signal in my new apartment in Heights, Rotorua."
TKT-2025-00920,04/04/2025 10:35,chatbot,Dev Parata,Christchurch,Senior Easy Plan,Raj P.,3,Mobile data works but I can't make voice calls. I've tried restarting my phone multiple times.
TKT-2025-00921,04/04/2025 10:39,live_chat,Charlotte Wilson,Auckland,Family Share 60GB,Ben H.,1,My account shows I'm using Family Share 60GB but I upgraded to Unlimited Max last month.
TKT-2025-00922,04/04/2025 10:41,phone_transcript,Priya Liu,Wellington,Pro Unlimited,James T.,4,What is the difference between Pro Unlimited and Unlimited Max? I'm considering switching.
TKT-2025-00923,04/04/2025 13:02,chatbot,Hassan Thompson,Christchurch,Senior Easy Plan,Auto-response,,My account shows I'm using Senior Easy Plan but I upgraded to Business Unlimited last month.
TKT-2025-00924,04/04/2025 15:11,email,Ravi Taylor,Auckland,Family Share 60GB,Connor B.,5,There's an unexpected roaming charge of $189 on my account for July. I did not travel internationally.
TKT-2025-00925,04/04/2025 15:38,app_support,Charlie Harris,Christchurch,Pro Unlimited,Tom F.,4,My account shows I'm using Pro Unlimited but I upgraded to Youth 15GB last month.
TKT-2025-00926,04/04/2025 16:25,email,Harper Martin,Invercargill,SmartPlan 20GB,Tom F.,3,I have a new 5G-capable phone but I'm not seeing 5G connectivity in Invercargill where it should be available.
TKT-2025-00927,04/04/2025 17:52,social_facebook,Ravi Ali,Wellington,Unlimited Max,James T.,3,"Hello,

I've been attempting to resolve a technical issue with my Unlimited Max plan since August. Each time I call I'm told it will be escalated but I haven't heard back. Could a senior technician please contact me?

Thank you,
Ravi Ali"
TKT-2025-00928,04/04/2025 20:14,chatbot,Emma Ali,Christchurch,Senior Easy Plan,Lisa C.,4,There's an unexpected roaming charge of $75 on my account for July. I did not travel internationally.
TKT-2025-00929,04/04/2025 20:19,email,Henry Lee,Auckland,Youth 15GB,Mei W.,,My bill this month is $210 but I've been on the Youth 15GB for 12 months and it's always been $89. Something looks off.
TKT-2025-00930,04/04/2025 22:50,phone_transcript,Dev Miller,Auckland,Prepay 1GB,David L.,5,I want to escalate my complaint to a manager. My issue has been ongoing for 2 weeks.
TKT-2025-00931,05/04/2025 12:23,web_form,Liam Davies,Rotorua,SmartPlan 20GB,Tom F.,5,My 4G signal keeps dropping to 3G at my home address even though coverage maps show 4G here.
TKT-2025-00932,05/04/2025 16:02,email,Mei Miller,Auckland,Senior Easy Plan,Tom F.,3,I'd like to add international roaming to my account for a trip to the USA next month.
TKT-2025-00933,05/04/2025 18:38,live_chat,Raj Xu,Nelson,Business Unlimited,Connor B.,4,I need a copy of my last 6 months of bills for a visa application.
TKT-2025-00934,05/04/2025 20:39,phone_transcript,Hemi Thompson,Auckland,Youth 15GB,Mei W.,3,Calls to landlines are cutting out after exactly 30 minutes every time.
TKT-2025-00935,05/04/2025 21:38,live_chat,Tane Liu,Hamilton,Unlimited Max,,3,I want to remove an authorised user from my account.
TKT-2025-00936,06/04/2025 11:27,web_form,Hemi Li,Auckland,SmartPlan 20GB,Fatima R.,5,I switched from SmartPlan 20GB to Senior Easy Plan mid-month and I think my pro-rata billing is wrong.
TKT-2025-00937,06/04/2025 14:40,email,Grace Patel,Auckland,SmartPlan 20GB,Mei W.,2,I cancelled my data boost add-on last last month but I'm still being billed $75 for it.
TKT-2025-00938,07/04/2025 08:25,chatbot,Mere Evans,Christchurch,Pro Unlimited,Raj P.,2,My bill this month is $60 but I've been on the Pro Unlimited for 17 months and it's always been $99. Something looks off.
TKT-2025-00939,07/04/2025 08:59,web_form,Isabella Garcia,Christchurch,SmartPlan 20GB,Ben H.,,My Wi-Fi calling has stopped working and I need technical support.
TKT-2025-00940,07/04/2025 09:49,email,Daniel Liu,Hamilton,Senior Easy Plan,Priya K.,,I switched from Senior Easy Plan to Pro Unlimited mid-month and I think my pro-rata billing is wrong.
TKT-2025-00941,07/04/2025 10:34,web_form,Charlie Patel,Napier,Youth 15GB,,4,My account shows I'm using Youth 15GB but I upgraded to Essential 3GB last month.
TKT-2025-00942,07/04/2025 10:48,live_chat,Evelyn Wilson,Auckland,Pro Unlimited,David L.,4,My account email address has changed and I can't receive verification codes anymore.
TKT-2025-00943,07/04/2025 11:10,live_chat,Raj Mitchell,Timaru,Unlimited Max,Jake S.,,My bill this month is $15 but I've been on the Unlimited Max for 15 months and it's always been $39. Something looks off.
TKT-2025-00944,07/04/2025 11:38,app_support,Sione Brown,Auckland,Youth 15GB,Lisa C.,4,I was told I could upgrade mid-contract without fees but now I'm being quoted a break fee.
TKT-2025-00945,07/04/2025 12:39,email,George Jones,Christchurch,Senior Easy Plan,David L.,,What is the difference between Senior Easy Plan and SmartPlan 20GB? I'm considering switching.
TKT-2025-00946,07/04/2025 13:46,live_chat,Ethan Thompson,Auckland,Prepay 1GB,,,My bill this month is $210 but I've been on the Prepay 1GB for 16 months and it's always been $29. Something looks off.
TKT-2025-00947,07/04/2025 14:49,social_facebook,Anika Anderson,Palmerston North,Senior Easy Plan,Amy S.,3,There's an unexpected roaming charge of $89 on my account for June. I did not travel internationally.
TKT-2025-00948,07/04/2025 14:52,email,Sophie Johnson,Whanganui,Pro Unlimited,Jake S.,,I am unable to access my account online and need help resetting my login details.
TKT-2025-00949,07/04/2025 17:19,app_support,Emma Parata,Auckland,Essential 3GB,Fatima R.,4,My student discount isn't being applied to my current bill. I submitted my student ID last month.
TKT-2025-00950,07/04/2025 17:30,live_chat,Mia Brown,Hamilton,SmartPlan 20GB,Fatima R.,3,I've called three times about the same billing issue and it still hasn't been resolved. This is unacceptable.
TKT-2025-00951,07/04/2025 21:59,web_form,Evelyn Anderson,Palmerston North,Business Unlimited,David L.,4,My bill this month is $60 but I've been on the Business Unlimited for 14 months and it's always been $79. Something looks off.
TKT-2025-00952,08/04/2025 05:39,web_form,Hassan Singh,Nelson,Unlimited Max,Fatima R.,4,I have a new 5G-capable phone but I'm not seeing 5G connectivity in Nelson where it should be available.
TKT-2025-00953,08/04/2025 07:05,email,Sophie Smith,Auckland,Business Unlimited,Fatima R.,,My bill this month is $15 but I've been on the Business Unlimited for 8 months and it's always been $89. Something looks off.
TKT-2025-00954,08/04/2025 07:16,email,Noah Khalil,Napier,Family Share 60GB,,4,I need to change my SIM card size as I've upgraded my phone.
TKT-2025-00955,08/04/2025 08:08,chatbot,Pita Martinez,Wellington,Youth 15GB,Ngaio W.,3,I'd like to merge two accounts under my name into one.
TKT-2025-00956,08/04/2025 08:30,chatbot,Isabella Martin,Whanganui,SmartPlan 20GB,Aroha N.,,I need to change my SIM card size as I've upgraded my phone.
TKT-2025-00957,08/04/2025 09:17,email,Mere Faleolo,Christchurch,Family Share 60GB,Ngaio W.,5,I'm moving to Hamilton next month and would like to check coverage maps before deciding whether to stay with you.
TKT-2025-00958,08/04/2025 10:11,email,Liam Thompson,Hamilton,Youth 15GB,Ngaio W.,,My SIM card is damaged and I need a replacement sent to my address.
TKT-2025-00959,08/04/2025 10:36,live_chat,Grace Kumar,Palmerston North,Business Unlimited,Priya K.,2,There's an unexpected roaming charge of $15 on my account for September. I did not travel internationally.
TKT-2025-00960,08/04/2025 10:52,live_chat,Evelyn Johnson,Auckland,SmartPlan 20GB,,5,I'm interested in switching my family of 4 to a shared plan. What are my options?
TKT-2025-00961,08/04/2025 12:15,social_facebook,Olivia Thompson,Hamilton,Essential 3GB,Lisa C.,4,"I'm consistently getting poor signal in my new apartment in Heights, Hamilton."
TKT-2025-00962,08/04/2025 13:31,email,James Hassan,Gisborne,Business 30GB,Jake S.,3,I'd like to add a data top-up to my Business 30GB. How long does it last?
TKT-2025-00963,08/04/2025 13:44,web_form,Charlie Wilson,Christchurch,Essential 3GB,Tom F.,,My phone shows full signal but calls keep dropping mid-conversation.
TKT-2025-00964,08/04/2025 15:00,email,Thomas Nguyen,Auckland,Family Share 60GB,Ben H.,3,I was promised a callback within 24 hours and I'm still waiting after 4 days.
TKT-2025-00965,08/04/2025 19:20,live_chat,Hassan Mitchell,Auckland,Prepay 1GB,Raj P.,3,I'm experiencing intermittent data dropouts throughout the day in Auckland. This has been happening for 4 days.
TKT-2025-00966,08/04/2025 21:57,phone_transcript,Oliver Patel,New Plymouth,SmartPlan 20GB,Jake S.,,I cancelled my data boost add-on last last month but I'm still being billed $15 for it.
TKT-2025-00967,09/04/2025 09:36,phone_transcript,Jin Liu,Tauranga,Family Share 60GB,Priya K.,5,"I'm consistently getting poor signal in my new apartment in East, Tauranga."
TKT-2025-00968,09/04/2025 10:30,web_form,Chloe Taufa,Whanganui,Senior Easy Plan,Auto-response,4,I was promised a callback within 24 hours and I'm still waiting after 8 days.
TKT-2025-00969,09/04/2025 12:36,web_form,Thomas Khan,Rotorua,SmartPlan 20GB,Aroha N.,5,I switched from SmartPlan 20GB to Business Unlimited mid-month and I think my pro-rata billing is wrong.
TKT-2025-00970,09/04/2025 13:04,chatbot,Jack Williams,Auckland,Prepay 1GB,Mei W.,4,My eSIM profile disappeared after a factory reset. How do I restore it?
TKT-2025-00971,09/04/2025 14:20,live_chat,Mei Singh,Auckland,Pro Unlimited,Lisa C.,3,My bill this month is $210 but I've been on the Pro Unlimited for 15 months and it's always been $99. Something looks off.
TKT-2025-00972,09/04/2025 15:56,social_facebook,Daniel Tane,Wellington,Business Unlimited,James T.,3,I need to change my SIM card size as I've upgraded my phone.
TKT-2025-00973,10/04/2025 01:21,social_facebook,Priya Thompson,Timaru,Pro Unlimited,Ben H.,3,I was given incorrect information by a customer service agent last week and it's caused real problems.
TKT-2025-00974,10/04/2025 06:26,web_form,Ravi Garcia,Christchurch,Unlimited Max,David L.,3,What is the difference between Unlimited Max and Business Unlimited? I'm considering switching.
TKT-2025-00975,10/04/2025 06:32,email,Amelia Patel,Wellington,Prepay 1GB,Tom F.,,I'd like to add a second SIM to my account for a tablet.
TKT-2025-00976,10/04/2025 11:22,web_form,Jin Wright,Tauranga,Unlimited Max,Mei W.,5,I cancelled my roaming add-on last last week but I'm still being billed $45 for it.
TKT-2025-00977,10/04/2025 11:51,chatbot,Rangi Davies,Rotorua,Prepay 1GB,Auto-response,4,I bought a new phone and I want to check it's compatible with your network.
TKT-2025-00978,10/04/2025 17:39,web_form,Liam Lee,Auckland,Business 30GB,James T.,4,I switched from Business 30GB to Family Share 60GB mid-month and I think my pro-rata billing is wrong.
TKT-2025-00979,10/04/2025 19:34,social_facebook,George Xu,Auckland,Family Share 60GB,Lisa C.,3,My bill this month is $210 but I've been on the Family Share 60GB for 8 months and it's always been $49. Something looks off.
TKT-2025-00980,11/04/2025 08:09,social_twitter,Sophia Taylor,Palmerston North,SmartPlan 20GB,Ngaio W.,2,My bill this month is $20 but I've been on the SmartPlan 20GB for 18 months and it's always been $29. Something looks off.
TKT-2025-00981,11/04/2025 09:22,email,Jin Williams,Auckland,Pro Unlimited,Amy S.,4,I need a SIM card replacement for a trip abroad. My current one is too large for my new phone.
TKT-2025-00982,11/04/2025 11:29,chatbot,Rangi Xu,Tauranga,Unlimited Max,Priya K.,,What is the difference between Unlimited Max and Prepay 1GB? I'm considering switching.
TKT-2025-00983,11/04/2025 11:52,app_support,Chloe Liu,Auckland,Business Unlimited,,,I found my phone after reporting it lost. Can you reactivate my service?
TKT-2025-00984,11/04/2025 11:56,live_chat,Mere Martinez,Whanganui,Senior Easy Plan,Ben H.,2,My account is locked after too many failed login attempts.
TKT-2025-00985,11/04/2025 13:02,web_form,Raj Taufa,Napier,Family Share 60GB,,5,My bill this month is $99 but I've been on the Family Share 60GB for 10 months and it's always been $99. Something looks off.
TKT-2025-00986,11/04/2025 15:29,social_facebook,Olivia Hassan,Auckland,Business 30GB,Ngaio W.,4,My bill this month is $75 but I've been on the Business 30GB for 3 months and it's always been $79. Something looks off.
TKT-2025-00987,12/04/2025 01:02,email,Faleolo Anderson,New Plymouth,Prepay 1GB,,4,"I'm consistently getting poor signal in my new apartment in North, New Plymouth."
TKT-2025-00988,12/04/2025 04:30,phone_transcript,George Ali,Auckland,Youth 15GB,,,I'm unable to send MMS messages to other networks. Regular SMS works fine.
TKT-2025-00989,12/04/2025 08:54,social_facebook,Raj Parata,Christchurch,Pro Unlimited,,1,I switched from Pro Unlimited to Business Unlimited mid-month and I think my pro-rata billing is wrong.
TKT-2025-00990,12/04/2025 10:35,email,Ethan Lee,Wellington,Unlimited Max,Tom F.,5,My SIM card is damaged and I need a replacement sent to my address.
TKT-2025-00991,12/04/2025 16:29,web_form,Luisa Hassan,Whanganui,SmartPlan 20GB,Connor B.,4,I'm unable to send MMS messages to other networks. Regular SMS works fine.
TKT-2025-00992,13/04/2025 07:16,email,Fatima Thomas,Christchurch,Unlimited Max,Sarah M.,,I switched from Unlimited Max to Youth 15GB mid-month and I think my pro-rata billing is wrong.
TKT-2025-00993,13/04/2025 10:09,email,Fatima Nguyen,Christchurch,Business 30GB,David L.,,I'm travelling to Palmerston North next week and wanted to flag that I've had poor coverage there previously.
TKT-2025-00994,13/04/2025 18:05,chatbot,Mere Thompson,Auckland,Senior Easy Plan,Connor B.,1,Mobile data works but I can't make voice calls. I've tried restarting my phone multiple times.
TKT-2025-00995,13/04/2025 18:21,social_twitter,Olivia Brown,Wellington,Pro Unlimited,Priya K.,4,I switched from Pro Unlimited to Business 30GB mid-month and I think my pro-rata billing is wrong.
TKT-2025-00996,14/04/2025 07:58,web_form,Priya Heke,Napier,Youth 15GB,Fatima R.,2,My bill this month is $15 but I've been on the Youth 15GB for 12 months and it's always been $39. Something looks off.
TKT-2025-00997,14/04/2025 08:06,social_facebook,Tane Walker,Timaru,Essential 3GB,David L.,3,My account shows I'm using Essential 3GB but I upgraded to Youth 15GB last month.
TKT-2025-00998,14/04/2025 09:21,app_support,Sophia Martin,Wellington,Prepay 1GB,Jake S.,,My account shows I'm using Prepay 1GB but I upgraded to Pro Unlimited last month.
TKT-2025-00999,14/04/2025 11:07,chatbot,Liam Ali,Rotorua,Pro Unlimited,,4,My bill this month is $20 but I've been on the Pro Unlimited for 3 months and it's always been $49. Something looks off.
TKT-2025-01000,14/04/2025 12:11,social_twitter,Grace Singh,Palmerston North,Business 30GB,Connor B.,,I cancelled my insurance add-on last two weeks ago but I'm still being billed $45 for it.
TKT-2025-01001,14/04/2025 13:50,phone_transcript,Mia Liu,Christchurch,Pro Unlimited,Connor B.,3,My bill this month is $45 but I've been on the Pro Unlimited for 18 months and it's always been $59. Something looks off.
TKT-2025-01002,14/04/2025 18:59,phone_transcript,Sione Williams,Rotorua,Senior Easy Plan,Ben H.,,My student discount isn't being applied to my current bill. I submitted my student ID last month.
TKT-2025-01003,14/04/2025 20:13,web_form,Sophie Martinez,Auckland,Prepay 1GB,Sarah M.,,I've lost my phone and need to suspend my service immediately.
TKT-2025-01004,14/04/2025 21:18,email,Tane Singh,Auckland,Pro Unlimited,,3,I would like to add my partner to my account as an authorised person.
TKT-2025-01005,15/04/2025 08:08,email,Hemi Miller,Auckland,Youth 15GB,Ben H.,3,I can't make or receive calls while connected to Wi-Fi. The issue started 9 days ago.
TKT-2025-01006,15/04/2025 08:30,chatbot,Rangi Taylor,Rotorua,Senior Easy Plan,Ben H.,,My bill this month is $99 but I've been on the Senior Easy Plan for 6 months and it's always been $89. Something looks off.
TKT-2025-01007,15/04/2025 09:38,email,Daniel Ali,Auckland,Pro Unlimited,Lisa C.,3,I've been sent to the wrong department four times and nobody seems able to help.
TKT-2025-01008,15/04/2025 10:10,email,Sione Zhang,Wellington,Business Unlimited,Auto-response,3,My device is asking me for an unlock code. I purchased it through you 2 years ago.
TKT-2025-01009,15/04/2025 11:06,chatbot,Chloe Wilson,Hamilton,Unlimited Max,Ngaio W.,5,I've moved to a new country and want to check my device is unlocked before I leave.
TKT-2025-01010,15/04/2025 11:08,web_form,Mia Li,Wellington,Unlimited Max,,4,I need to update my direct debit bank account details.
TKT-2025-01011,15/04/2025 14:21,social_facebook,Oliver Mitchell,Hamilton,Prepay 1GB,Ben H.,3,My account email address has changed and I can't receive verification codes anymore.
TKT-2025-01012,15/04/2025 14:42,social_twitter,Fatima Miller,Auckland,Family Share 60GB,Jake S.,3,I'm considering switching providers after this experience. I'd like to know my early exit options.
TKT-2025-01013,15/04/2025 20:45,chatbot,Aroha Lee,Auckland,Pro Unlimited,Ngaio W.,,"I'm consistently getting poor signal in my new apartment in Valley, Auckland."
TKT-2025-01014,15/04/2025 22:07,email,Priya Thompson,Hamilton,Family Share 60GB,Raj P.,4,My bill this month is $60 but I've been on the Family Share 60GB for 6 months and it's always been $59. Something looks off.
TKT-2025-01015,16/04/2025 10:37,chatbot,Chloe Martinez,Auckland,Senior Easy Plan,Ben H.,4,Mobile data works but I can't make voice calls. I've tried restarting my phone multiple times.
TKT-2025-01016,16/04/2025 10:48,phone_transcript,Priya Kumar,Wellington,Youth 15GB,,3,Data works on 4G but switches off entirely when I move to a 5G area.
TKT-2025-01017,16/04/2025 11:23,email,Ava Wilson,Auckland,Family Share 60GB,David L.,4,I cancelled my roaming add-on last last week but I'm still being billed $89 for it.
TKT-2025-01018,16/04/2025 15:40,live_chat,Priya Ali,Dunedin,Prepay 1GB,Aroha N.,,My bill this month is $20 but I've been on the Prepay 1GB for 2 months and it's always been $39. Something looks off.
TKT-2025-01019,16/04/2025 17:14,web_form,Daniel Garcia,Dunedin,Senior Easy Plan,Amy S.,4,My hotspot feature stopped working after I updated my phone. I've checked the settings.
TKT-2025-01020,16/04/2025 17:38,phone_transcript,Sophia Hassan,Auckland,Business 30GB,,4,There's an unexpected roaming charge of $99 on my account for June. I did not travel internationally.
TKT-2025-01021,17/04/2025 04:02,chatbot,Luisa Williams,Christchurch,Pro Unlimited,,1,"Dear Support Team,

I am the account holder for business number ending in 4048. I would like to request a full audit of charges for the past 6 months as part of a financial review.

Kind regards,
Luisa Williams"
TKT-2025-01022,17/04/2025 07:46,web_form,Raj Garcia,Wellington,Family Share 60GB,,2,"I'm consistently getting poor signal in my new apartment in Central, Wellington."
TKT-2025-01023,17/04/2025 08:46,chatbot,Tane Garcia,Christchurch,Business Unlimited,Auto-response,3,I would like to change my current Business Unlimited plan and need to understand my options.
TKT-2025-01024,17/04/2025 09:55,email,Liam Anderson,Palmerston North,Youth 15GB,Raj P.,3,I would like to add my partner to my account as an authorised person.
TKT-2025-01025,17/04/2025 13:43,app_support,Rangi Brown,Auckland,Family Share 60GB,Connor B.,,There's an unexpected roaming charge of $210 on my account for November. I did not travel internationally.
TKT-2025-01026,17/04/2025 13:48,chatbot,George Mitchell,Auckland,Youth 15GB,David L.,4,Can I keep my number if I switch to a different plan? I've had this number for 10 years.
TKT-2025-01027,17/04/2025 14:40,email,Noah Zhang,Dunedin,Family Share 60GB,Sarah M.,4,My bill this month is $15 but I've been on the Family Share 60GB for 8 months and it's always been $59. Something looks off.
TKT-2025-01028,17/04/2025 17:05,social_twitter,Dev Brown,Christchurch,Pro Unlimited,Aroha N.,3,My bill this month is $99 but I've been on the Pro Unlimited for 14 months and it's always been $59. Something looks off.
TKT-2025-01029,17/04/2025 17:22,web_form,James Smith,Christchurch,Senior Easy Plan,Fatima R.,4,My bill this month is $45 but I've been on the Senior Easy Plan for 10 months and it's always been $79. Something looks off.
TKT-2025-01030,17/04/2025 20:47,live_chat,Charlie Martinez,Hamilton,Essential 3GB,Raj P.,,I've forgotten my account PIN and I need to verify my identity to make changes.
TKT-2025-01031,17/04/2025 20:47,phone_transcript,Evelyn Garcia,Queenstown,Business 30GB,Tom F.,,I switched from Business 30GB to Business Unlimited mid-month and I think my pro-rata billing is wrong.
TKT-2025-01032,17/04/2025 21:43,live_chat,Luisa Xu,Dunedin,Unlimited Max,Aroha N.,4,My phone shows full signal but calls keep dropping mid-conversation.
TKT-2025-01033,18/04/2025 06:12,chatbot,Ravi Heke,Christchurch,Essential 3GB,Lisa C.,1,There's an unexpected roaming charge of $99 on my account for November. I did not travel internationally.
TKT-2025-01034,18/04/2025 08:29,chatbot,Sanjay Brown,Auckland,Business 30GB,Fatima R.,5,I cancelled my roaming add-on last two weeks ago but I'm still being billed $45 for it.
TKT-2025-01035,18/04/2025 08:40,social_facebook,Aroha Kumar,Wellington,Senior Easy Plan,James T.,3,There's an unexpected roaming charge of $60 on my account for October. I did not travel internationally.
TKT-2025-01036,18/04/2025 09:40,social_facebook,Hemi Wang,Auckland,Pro Unlimited,James T.,4,I cancelled my roaming add-on last last week but I'm still being billed $126 for it.
TKT-2025-01037,18/04/2025 10:35,app_support,Sanjay Khalil,Christchurch,Business Unlimited,Fatima R.,3,Mobile data works but I can't make voice calls. I've tried restarting my phone multiple times.
TKT-2025-01038,18/04/2025 11:20,email,Thomas Evans,Queenstown,Family Share 60GB,Sarah M.,4,There's an unexpected roaming charge of $145 on my account for January. I did not travel internationally.
TKT-2025-01039,18/04/2025 12:21,web_form,Oliver Garcia,Invercargill,Prepay 1GB,,4,I switched from Prepay 1GB to Business Unlimited mid-month and I think my pro-rata billing is wrong.
TKT-2025-01040,18/04/2025 13:27,web_form,Faleolo Mitchell,Tauranga,Business Unlimited,Jake S.,3,I need to transfer ownership of this account to my business.
TKT-2025-01041,18/04/2025 13:33,email,Chloe Roberts,Nelson,Business Unlimited,James T.,,I received no communication about a planned outage that affected my service for 10 hours.
TKT-2025-01042,18/04/2025 15:47,phone_transcript,Ethan Thomas,New Plymouth,Business Unlimited,David L.,3,My device is asking me for an unlock code. I purchased it through you 2 years ago.
TKT-2025-01043,18/04/2025 16:42,app_support,Raj Wilson,Hamilton,Senior Easy Plan,Lisa C.,3,"I'm consistently getting poor signal in my new apartment in Valley, Hamilton."
TKT-2025-01044,18/04/2025 17:24,web_form,Mia Evans,Tauranga,Family Share 60GB,Ben H.,4,My bill this month is $60 but I've been on the Family Share 60GB for 16 months and it's always been $29. Something looks off.
TKT-2025-01045,18/04/2025 18:28,phone_transcript,Priya Li,Christchurch,Business Unlimited,Jake S.,3,My bill this month is $210 but I've been on the Business Unlimited for 9 months and it's always been $39. Something looks off.
TKT-2025-01046,19/04/2025 08:05,phone_transcript,Pita Hassan,Hamilton,Business 30GB,Jake S.,4,My SIM card is damaged and I need a replacement sent to my address.
TKT-2025-01047,19/04/2025 08:13,chatbot,George Ngata,Tauranga,SmartPlan 20GB,,5,What is the difference between SmartPlan 20GB and Essential 3GB? I'm considering switching.
TKT-2025-01048,19/04/2025 08:41,social_facebook,Amelia Thomas,Palmerston North,Essential 3GB,Ngaio W.,3,I was promised a callback within 24 hours and I'm still waiting after 5 days.
TKT-2025-01049,19/04/2025 15:22,chatbot,Evelyn Tuimavave,Rotorua,Unlimited Max,Sarah M.,,There's an unexpected roaming charge of $75 on my account for March. I did not travel internationally.
TKT-2025-01050,19/04/2025 18:43,live_chat,Ravi Thompson,Auckland,Pro Unlimited,Connor B.,3,My student discount isn't being applied to my current bill. I submitted my student ID last month.
TKT-2025-01051,19/04/2025 20:24,email,Pita Parata,Hamilton,Essential 3GB,Connor B.,3,I need to update the credit card on my account as my old card has expired.
TKT-2025-01052,19/04/2025 20:30,social_twitter,Jack Harris,Tauranga,Prepay 1GB,Mei W.,,"I'm consistently getting poor signal in my new apartment in CBD, Tauranga."
TKT-2025-01053,20/04/2025 10:10,social_facebook,Fatima Zhang,Wellington,Essential 3GB,Ben H.,4,I'm moving to Napier next month and would like to check coverage maps before deciding whether to stay with you.
TKT-2025-01054,20/04/2025 12:38,live_chat,Mei Williams,Hamilton,Senior Easy Plan,Lisa C.,4,What is the difference between Senior Easy Plan and Pro Unlimited? I'm considering switching.
TKT-2025-01055,20/04/2025 15:25,live_chat,Anika Anderson,Dunedin,Unlimited Max,,5,My voicemail isn't recording messages. Callers say they hear the greeting but nothing is saved.
TKT-2025-01056,20/04/2025 18:59,social_twitter,Jack Brown,Palmerston North,Essential 3GB,Jake S.,3,"I'm consistently getting poor signal in my new apartment in Valley, Palmerston North."
TKT-2025-01057,20/04/2025 19:39,email,Liam Khan,Auckland,Business Unlimited,Aroha N.,,My account email address has changed and I can't receive verification codes anymore.
TKT-2025-01058,21/04/2025 08:29,email,Thomas Williams,Queenstown,Prepay 1GB,Auto-response,,I'd like to add international roaming to my account for a trip to Japan next month.
TKT-2025-01059,21/04/2025 10:47,email,Ava Xu,Christchurch,Essential 3GB,Jake S.,3,"I'm consistently getting poor signal in my new apartment in Valley, Christchurch."
TKT-2025-01060,21/04/2025 14:20,app_support,Faleolo Taufa,Wellington,Senior Easy Plan,Amy S.,4,I've forgotten my account PIN and I need to verify my identity to make changes.
TKT-2025-01061,21/04/2025 14:39,email,Harper Thompson,Christchurch,Business 30GB,,3,I'm unable to send MMS messages to other networks. Regular SMS works fine.
TKT-2025-01062,21/04/2025 17:18,social_twitter,Raj Evans,Auckland,SmartPlan 20GB,,,My bill this month is $120 but I've been on the SmartPlan 20GB for 4 months and it's always been $29. Something looks off.
TKT-2025-01063,21/04/2025 17:41,web_form,George Wang,Wellington,Senior Easy Plan,David L.,5,I'm moving to Gisborne next month and would like to check coverage maps before deciding whether to stay with you.
TKT-2025-01064,21/04/2025 20:02,web_form,Anika Walker,Auckland,Unlimited Max,Connor B.,3,What is the difference between Unlimited Max and Youth 15GB? I'm considering switching.
TKT-2025-01065,21/04/2025 22:41,web_form,Charlotte Mitchell,Dunedin,SmartPlan 20GB,David L.,3,My account shows I'm using SmartPlan 20GB but I upgraded to Unlimited Max last month.
TKT-2025-01066,22/04/2025 02:00,email,Ethan Ali,Christchurch,Essential 3GB,Tom F.,2,I switched from Essential 3GB to Prepay 1GB mid-month and I think my pro-rata billing is wrong.
TKT-2025-01067,22/04/2025 11:29,web_form,Mei Martinez,Auckland,Family Share 60GB,Fatima R.,1,I would like to add my partner to my account as an authorised person.
TKT-2025-01068,22/04/2025 11:40,email,Anika Evans,Christchurch,Business Unlimited,Fatima R.,,My account shows I'm using Business Unlimited but I upgraded to Family Share 60GB last month.
TKT-2025-01069,22/04/2025 12:46,web_form,Liam Walker,Auckland,Youth 15GB,Jake S.,4,My bill this month is $20 but I've been on the Youth 15GB for 12 months and it's always been $99. Something looks off.
TKT-2025-01070,22/04/2025 13:03,chatbot,Tane Anderson,Wellington,Business 30GB,Amy S.,3,There's an unexpected roaming charge of $126 on my account for September. I did not travel internationally.
TKT-2025-01071,22/04/2025 13:22,web_form,Fatima Kumar,Auckland,SmartPlan 20GB,,,I switched from SmartPlan 20GB to Unlimited Max mid-month and I think my pro-rata billing is wrong.
TKT-2025-01072,22/04/2025 14:47,web_form,Luisa Smith,Palmerston North,SmartPlan 20GB,Amy S.,3,I'm interested in switching my family of 4 to a shared plan. What are my options?
TKT-2025-01073,22/04/2025 15:39,app_support,Hassan Li,Auckland,Family Share 60GB,Ngaio W.,,I cancelled my insurance add-on last last week but I'm still being billed $30 for it.
TKT-2025-01074,22/04/2025 17:57,social_facebook,Ava Garcia,Napier,Senior Easy Plan,Lisa C.,1,There's an unexpected roaming charge of $120 on my account for April. I did not travel internationally.
TKT-2025-01075,22/04/2025 18:42,app_support,Dev Singh,Rotorua,Business Unlimited,David L.,3,Data works on 4G but switches off entirely when I move to a 5G area.
TKT-2025-01076,22/04/2025 21:26,email,Hassan Faleolo,Auckland,Family Share 60GB,Raj P.,1,There's an unexpected roaming charge of $20 on my account for November. I did not travel internationally.
TKT-2025-01077,23/04/2025 08:00,phone_transcript,Mia Faleolo,Auckland,Business 30GB,Ngaio W.,3,I've forgotten my account PIN and I need to verify my identity to make changes.
TKT-2025-01078,23/04/2025 09:42,web_form,Anika Evans,Auckland,Senior Easy Plan,Lisa C.,5,My account shows I'm using Senior Easy Plan but I upgraded to Prepay 1GB last month.
TKT-2025-01079,23/04/2025 10:08,phone_transcript,Isabella Anderson,Wellington,Senior Easy Plan,Mei W.,3,My account email address has changed and I can't receive verification codes anymore.
TKT-2025-01080,23/04/2025 10:17,app_support,Dev Harris,Auckland,Unlimited Max,Priya K.,3,My account email address has changed and I can't receive verification codes anymore.
TKT-2025-01081,23/04/2025 10:35,phone_transcript,Raj Patel,Wellington,Pro Unlimited,Jake S.,3,I am unable to access my account online and need help resetting my login details.
TKT-2025-01082,23/04/2025 10:43,phone_transcript,James Martin,Auckland,Essential 3GB,Amy S.,3,I switched from Essential 3GB to Business 30GB mid-month and I think my pro-rata billing is wrong.
TKT-2025-01083,23/04/2025 11:37,email,Amelia Wright,Auckland,Senior Easy Plan,Fatima R.,3,My 4G signal keeps dropping to 3G at my home address even though coverage maps show 4G here.
TKT-2025-01084,23/04/2025 13:50,email,Sophia Thompson,Auckland,Prepay 1GB,Ben H.,3,"Dear Support Team,

I am the account holder for business number ending in 3953. I would like to request a full audit of charges for the past 6 months as part of a financial review.

Kind regards,
Sophia Thompson"
TKT-2025-01085,23/04/2025 14:48,social_facebook,Harper Ngata,Hamilton,Senior Easy Plan,,3,I cancelled my roaming add-on last last week but I'm still being billed $30 for it.
TKT-2025-01086,23/04/2025 15:13,email,Xiao Xu,Auckland,Pro Unlimited,Ngaio W.,5,I'm getting 'SIM not provisioned' errors intermittently. My SIM is less than 6 months old.
TKT-2025-01087,23/04/2025 15:45,web_form,Chloe Ali,Whanganui,Pro Unlimited,Amy S.,4,"I'm consistently getting poor signal in my new apartment in North, Whanganui."
TKT-2025-01088,23/04/2025 16:43,email,Hassan Tuimavave,Auckland,Family Share 60GB,Auto-response,3,What is the difference between Family Share 60GB and Business Unlimited? I'm considering switching.
TKT-2025-01089,23/04/2025 16:48,phone_transcript,Ravi Singh,Dunedin,SmartPlan 20GB,Sarah M.,3,What is the difference between SmartPlan 20GB and Family Share 60GB? I'm considering switching.
TKT-2025-01090,23/04/2025 16:55,phone_transcript,Chloe Li,Dunedin,Business 30GB,David L.,3,Calls to landlines are cutting out after exactly 30 minutes every time.
TKT-2025-01091,23/04/2025 19:51,phone_transcript,Faleolo Smith,Christchurch,Prepay 1GB,Priya K.,4,I was promised a callback within 24 hours and I'm still waiting after 4 days.
TKT-2025-01092,23/04/2025 22:27,email,Emma Ali,Queenstown,Prepay 1GB,Lisa C.,,"I'm consistently getting poor signal in my new apartment in South, Queenstown."
TKT-2025-01093,24/04/2025 09:44,phone_transcript,Charlotte Li,Nelson,Unlimited Max,Connor B.,3,"I'm consistently getting poor signal in my new apartment in East, Nelson."
TKT-2025-01094,24/04/2025 09:52,email,Ava Smith,Napier,Business Unlimited,David L.,3,"I'm consistently getting poor signal in my new apartment in East, Napier."
TKT-2025-01095,24/04/2025 12:41,phone_transcript,Harper Miller,Christchurch,Senior Easy Plan,Jake S.,3,There's an unexpected roaming charge of $20 on my account for April. I did not travel internationally.
TKT-2025-01096,24/04/2025 13:01,email,Hassan Thompson,Christchurch,Prepay 1GB,Sarah M.,3,My SIM card is damaged and I need a replacement sent to my address.
TKT-2025-01097,24/04/2025 13:50,social_facebook,Harper Garcia,Wellington,Unlimited Max,Fatima R.,3,Calls to landlines are cutting out after exactly 30 minutes every time.
TKT-2025-01098,24/04/2025 16:19,web_form,Tane Martinez,Wellington,Senior Easy Plan,Tom F.,2,I am unable to access my account online and need help resetting my login details.
TKT-2025-01099,24/04/2025 16:40,social_twitter,Isabella Ali,Hamilton,Business 30GB,Connor B.,,I want to make a formal complaint about the wait times on your phone line. I waited 55 minutes today.
TKT-2025-01100,24/04/2025 17:44,phone_transcript,Luisa Roberts,Wellington,Senior Easy Plan,Tom F.,4,I'm getting 'SIM not provisioned' errors intermittently. My SIM is less than 6 months old.
TKT-2025-01101,25/04/2025 08:10,chatbot,Fatima Heke,Auckland,Pro Unlimited,Auto-response,4,I am unable to access my account online and need help resetting my login details.
TKT-2025-01102,25/04/2025 09:31,web_form,Rangi Martin,Christchurch,Unlimited Max,Ngaio W.,3,I've received a new phone but I'm having trouble transferring my number to the eSIM.
TKT-2025-01103,25/04/2025 10:35,email,Hemi Lee,Tauranga,Pro Unlimited,,3,What is the difference between Pro Unlimited and Senior Easy Plan? I'm considering switching.
TKT-2025-01104,25/04/2025 11:26,web_form,Amelia Walker,Nelson,Essential 3GB,Ben H.,,I'm travelling to Blenheim next week and wanted to flag that I've had poor coverage there previously.
TKT-2025-01105,25/04/2025 11:38,phone_transcript,George Anderson,Auckland,Unlimited Max,Aroha N.,4,I'm getting 'SIM not provisioned' errors intermittently. My SIM is less than 6 months old.
TKT-2025-01106,25/04/2025 11:59,web_form,Aroha Tuimavave,Dunedin,Essential 3GB,Auto-response,5,I'm experiencing intermittent data dropouts throughout the day in Dunedin. This has been happening for 11 days.
TKT-2025-01107,25/04/2025 12:52,chatbot,Jin Hassan,Christchurch,Pro Unlimited,Auto-response,5,There's an unexpected roaming charge of $20 on my account for February. I did not travel internationally.
TKT-2025-01108,25/04/2025 13:52,email,Evelyn Jones,Hamilton,Prepay 1GB,Auto-response,4,My bill this month is $210 but I've been on the Prepay 1GB for 18 months and it's always been $59. Something looks off.
TKT-2025-01109,25/04/2025 13:59,web_form,George Harris,Auckland,Prepay 1GB,Connor B.,3,I'm getting 'SIM not provisioned' errors intermittently. My SIM is less than 6 months old.
TKT-2025-01110,25/04/2025 15:35,web_form,Aroha Harris,Auckland,Pro Unlimited,Tom F.,5,My eSIM profile disappeared after a factory reset. How do I restore it?
TKT-2025-01111,25/04/2025 16:25,web_form,Henry Thompson,Wellington,Senior Easy Plan,Auto-response,4,"Hello,

I've been attempting to resolve a technical issue with my Senior Easy Plan plan since February. Each time I call I'm told it will be escalated but I haven't heard back. Could a senior technician please contact me?

Thank you,
Henry Thompson"
TKT-2025-01112,25/04/2025 16:44,chatbot,Harper Hassan,Christchurch,Pro Unlimited,Aroha N.,4,I cancelled my roaming add-on last last week but I'm still being billed $120 for it.
TKT-2025-01113,25/04/2025 19:43,web_form,James Kumar,Queenstown,Prepay 1GB,Amy S.,3,My bill this month is $99 but I've been on the Prepay 1GB for 4 months and it's always been $99. Something looks off.
TKT-2025-01114,25/04/2025 20:26,chatbot,Sophia Thomas,Queenstown,SmartPlan 20GB,Fatima R.,3,"I'm consistently getting poor signal in my new apartment in CBD, Queenstown."
TKT-2025-01115,26/04/2025 12:14,web_form,Noah Martin,Dunedin,Pro Unlimited,,2,My bill this month is $75 but I've been on the Pro Unlimited for 8 months and it's always been $59. Something looks off.
TKT-2025-01116,26/04/2025 13:42,email,Xiao Parata,Wellington,Family Share 60GB,Ngaio W.,3,I want to make a formal complaint about the wait times on your phone line. I waited 90 minutes today.
TKT-2025-01117,26/04/2025 14:32,email,Amelia Davies,Christchurch,Essential 3GB,David L.,4,I'm interested in switching my family of 4 to a shared plan. What are my options?
TKT-2025-01118,26/04/2025 14:47,live_chat,Luisa Wang,Christchurch,Pro Unlimited,Raj P.,2,My device is asking me for an unlock code. I purchased it through you 2 years ago.
TKT-2025-01119,26/04/2025 19:57,email,George Heke,Wellington,Pro Unlimited,Amy S.,3,I'd like to add a data top-up to my Pro Unlimited. How long does it last?
TKT-2025-01120,27/04/2025 13:47,live_chat,Olivia Mitchell,Invercargill,Business Unlimited,Ben H.,,I cancelled my data boost add-on last last week but I'm still being billed $75 for it.
TKT-2025-01121,28/04/2025 03:17,email,Sione Walker,Christchurch,Youth 15GB,Lisa C.,5,My bill this month is $30 but I've been on the Youth 15GB for 8 months and it's always been $39. Something looks off.
TKT-2025-01122,28/04/2025 07:19,chatbot,Jin Faleolo,New Plymouth,Senior Easy Plan,Sarah M.,3,I cancelled my insurance add-on last last month but I'm still being billed $145 for it.
TKT-2025-01123,28/04/2025 08:13,phone_transcript,Xiao Nguyen,Gisborne,Family Share 60GB,James T.,3,My bill this month is $99 but I've been on the Family Share 60GB for 13 months and it's always been $59. Something looks off.
TKT-2025-01124,28/04/2025 08:37,social_twitter,George Brown,Nelson,Pro Unlimited,James T.,3,There's an unexpected roaming charge of $89 on my account for September. I did not travel internationally.
TKT-2025-01125,28/04/2025 09:45,live_chat,Olivia Faleolo,Auckland,SmartPlan 20GB,Ben H.,4,My account shows I'm using SmartPlan 20GB but I upgraded to Essential 3GB last month.
TKT-2025-01126,28/04/2025 09:46,email,Jack Miller,Palmerston North,Essential 3GB,,4,My 4G signal keeps dropping to 3G at my home address even though coverage maps show 4G here.
TKT-2025-01127,28/04/2025 10:07,live_chat,Hemi Khalil,Auckland,Youth 15GB,Ngaio W.,3,There's an unexpected roaming charge of $30 on my account for July. I did not travel internationally.
TKT-2025-01128,28/04/2025 11:57,chatbot,William Khalil,Auckland,Business Unlimited,Aroha N.,5,My bill this month is $30 but I've been on the Business Unlimited for 15 months and it's always been $39. Something looks off.
TKT-2025-01129,28/04/2025 12:08,email,Sophia Nguyen,Hamilton,Pro Unlimited,Aroha N.,4,My bill this month is $30 but I've been on the Pro Unlimited for 18 months and it's always been $59. Something looks off.
TKT-2025-01130,28/04/2025 12:23,web_form,Harper Martinez,Wellington,Business Unlimited,Lisa C.,4,There's an unexpected roaming charge of $89 on my account for October. I did not travel internationally.
TKT-2025-01131,28/04/2025 13:43,social_twitter,Ravi Smith,Auckland,Senior Easy Plan,Tom F.,,My bill this month is $120 but I've been on the Senior Easy Plan for 18 months and it's always been $39. Something looks off.
TKT-2025-01132,28/04/2025 14:23,email,Aroha Taylor,Christchurch,SmartPlan 20GB,Connor B.,3,My bill this month is $30 but I've been on the SmartPlan 20GB for 12 months and it's always been $49. Something looks off.
TKT-2025-01133,28/04/2025 15:55,social_twitter,Luisa Martinez,Auckland,Prepay 1GB,Amy S.,,I ported my number last month and was charged by both carriers. I need a refund.
TKT-2025-01134,28/04/2025 18:21,email,Priya Taylor,Auckland,Business 30GB,,4,I cancelled my roaming add-on last two weeks ago but I'm still being billed $145 for it.
TKT-2025-01135,28/04/2025 20:21,live_chat,Rangi Mitchell,Auckland,Business 30GB,Mei W.,,My bill this month is $145 but I've been on the Business 30GB for 7 months and it's always been $39. Something looks off.
TKT-2025-01136,28/04/2025 21:40,web_form,George Liu,Whangarei,SmartPlan 20GB,Sarah M.,4,My bill this month is $60 but I've been on the SmartPlan 20GB for 10 months and it's always been $89. Something looks off.
TKT-2025-01137,28/04/2025 22:13,phone_transcript,Luisa Hassan,Tauranga,Family Share 60GB,Mei W.,,I bought a new phone and I want to check it's compatible with your network.
TKT-2025-01138,29/04/2025 07:46,email,Faleolo Taufa,Wellington,SmartPlan 20GB,Sarah M.,4,There's an unexpected roaming charge of $75 on my account for January. I did not travel internationally.
TKT-2025-01139,29/04/2025 09:44,web_form,Sione Xu,Christchurch,Essential 3GB,Ngaio W.,5,I need to update my direct debit bank account details.
TKT-2025-01140,29/04/2025 10:46,social_twitter,Jack Lee,Auckland,Pro Unlimited,,2,My data speed has been extremely slow recently - I'm getting under 1Mbps on Pro Unlimited.
TKT-2025-01141,29/04/2025 13:55,email,William Thompson,Auckland,Senior Easy Plan,,4,My bill this month is $89 but I've been on the Senior Easy Plan for 11 months and it's always been $79. Something looks off.
TKT-2025-01142,29/04/2025 14:15,social_facebook,Tane Garcia,Wellington,Family Share 60GB,Ngaio W.,5,My voicemail isn't recording messages. Callers say they hear the greeting but nothing is saved.
TKT-2025-01143,29/04/2025 14:31,email,Isabella Zhang,Auckland,Youth 15GB,,4,There's an unexpected roaming charge of $126 on my account for May. I did not travel internationally.
TKT-2025-01144,29/04/2025 14:36,phone_transcript,Jin Ali,Rotorua,Unlimited Max,Amy S.,3,I received no communication about a planned outage that affected my service for 10 hours.
TKT-2025-01145,29/04/2025 15:09,chatbot,Tane Evans,Palmerston North,Senior Easy Plan,Connor B.,3,My eSIM profile disappeared after a factory reset. How do I restore it?
TKT-2025-01146,29/04/2025 15:35,phone_transcript,Hassan Singh,Wellington,Prepay 1GB,Amy S.,1,I switched from Prepay 1GB to Unlimited Max mid-month and I think my pro-rata billing is wrong.
TKT-2025-01147,29/04/2025 16:34,email,William Wright,Auckland,Pro Unlimited,Aroha N.,,My bill this month is $20 but I've been on the Pro Unlimited for 14 months and it's always been $99. Something looks off.
TKT-2025-01148,29/04/2025 18:37,chatbot,Jack Johnson,Tauranga,Unlimited Max,Ngaio W.,4,My bill this month is $120 but I've been on the Unlimited Max for 9 months and it's always been $29. Something looks off.
TKT-2025-01149,29/04/2025 18:58,email,Pita Wilson,Christchurch,SmartPlan 20GB,Amy S.,3,I want to downgrade my plan but I'm unsure of my contract obligations.
TKT-2025-01150,29/04/2025 20:03,web_form,William Williams,Palmerston North,Business Unlimited,Mei W.,,My bill this month is $145 but I've been on the Business Unlimited for 4 months and it's always been $39. Something looks off.
TKT-2025-01151,29/04/2025 22:59,app_support,Charlie Taufa,Invercargill,Essential 3GB,Aroha N.,,There's an unexpected roaming charge of $120 on my account for September. I did not travel internationally.
TKT-2025-01152,30/04/2025 07:23,phone_transcript,Liam Anderson,Dunedin,Unlimited Max,Aroha N.,4,I was promised a callback within 24 hours and I'm still waiting after 5 days.
TKT-2025-01153,30/04/2025 07:56,phone_transcript,Grace Liu,Auckland,Business 30GB,Auto-response,5,I switched from Business 30GB to Senior Easy Plan mid-month and I think my pro-rata billing is wrong.
TKT-2025-01154,30/04/2025 09:37,app_support,Noah Ali,Auckland,Business Unlimited,David L.,4,My bill this month is $60 but I've been on the Business Unlimited for 16 months and it's always been $99. Something looks off.
TKT-2025-01155,30/04/2025 10:57,live_chat,Emma Kumar,New Plymouth,Essential 3GB,Fatima R.,3,There's an unexpected roaming charge of $20 on my account for December. I did not travel internationally.
TKT-2025-01156,30/04/2025 11:32,email,Thomas Anderson,Invercargill,Youth 15GB,Raj P.,,I cancelled my data boost add-on last last week but I'm still being billed $120 for it.
TKT-2025-01157,30/04/2025 11:55,web_form,Harper Wright,Christchurch,SmartPlan 20GB,Fatima R.,4,I'm experiencing intermittent data dropouts throughout the day in Christchurch. This has been happening for 5 days.
TKT-2025-01158,30/04/2025 12:08,social_twitter,Evelyn Walker,Invercargill,Pro Unlimited,Amy S.,,My bill this month is $145 but I've been on the Pro Unlimited for 15 months and it's always been $49. Something looks off.
TKT-2025-01159,30/04/2025 12:40,web_form,Sione Khalil,Tauranga,Youth 15GB,Ben H.,4,I'd like to merge two accounts under my name into one.
TKT-2025-01160,30/04/2025 15:25,chatbot,Ava Jones,Auckland,Youth 15GB,Connor B.,3,There's an unexpected roaming charge of $60 on my account for November. I did not travel internationally.
TKT-2025-01161,30/04/2025 16:35,chatbot,Luisa Wang,Auckland,Prepay 1GB,,4,There's an unexpected roaming charge of $89 on my account for August. I did not travel internationally.
TKT-2025-01162,30/04/2025 16:39,social_facebook,Charlie Mitchell,Auckland,Youth 15GB,,,My bill this month is $45 but I've been on the Youth 15GB for 2 months and it's always been $29. Something looks off.
TKT-2025-01163,30/04/2025 17:31,chatbot,Oliver Patel,Auckland,Senior Easy Plan,Mei W.,,My Wi-Fi calling has stopped working and I need technical support.
TKT-2025-01164,30/04/2025 17:44,phone_transcript,Thomas Nguyen,Auckland,Youth 15GB,David L.,4,My bill this month is $189 but I've been on the Youth 15GB for 7 months and it's always been $89. Something looks off.
TKT-2025-01165,30/04/2025 17:44,email,Grace Roberts,Auckland,Business Unlimited,Fatima R.,5,There's an unexpected roaming charge of $15 on my account for January. I did not travel internationally.
TKT-2025-01166,30/04/2025 18:25,social_facebook,Fatima Tuimavave,Christchurch,SmartPlan 20GB,Fatima R.,4,My bill this month is $15 but I've been on the SmartPlan 20GB for 3 months and it's always been $39. Something looks off.
TKT-2025-01167,30/04/2025 18:40,app_support,Pita Liu,Auckland,Business 30GB,Lisa C.,4,I'd like an itemised bill for the last 3 months. The totals don't match what I expect.
TKT-2025-01168,30/04/2025 19:07,chatbot,Charlotte Martinez,Auckland,Business 30GB,Fatima R.,,My bill this month is $89 but I've been on the Business 30GB for 6 months and it's always been $59. Something looks off.
TKT-2025-01169,30/04/2025 19:46,web_form,Daniel Martin,Auckland,SmartPlan 20GB,James T.,4,My bill this month is $89 but I've been on the SmartPlan 20GB for 3 months and it's always been $29. Something looks off.
TKT-2025-01170,30/04/2025 20:16,web_form,Mere Singh,Queenstown,SmartPlan 20GB,Aroha N.,4,My bill this month is $99 but I've been on the SmartPlan 20GB for 2 months and it's always been $59. Something looks off.
TKT-2025-01171,01/05/2025 07:35,email,Olivia Xu,Palmerston North,Senior Easy Plan,,,My bill this month is $120 but I've been on the Senior Easy Plan for 5 months and it's always been $49. Something looks off.
TKT-2025-01172,01/05/2025 08:53,social_facebook,Priya Tane,Christchurch,Prepay 1GB,Raj P.,4,There's an unexpected roaming charge of $15 on my account for November. I did not travel internationally.
TKT-2025-01173,01/05/2025 08:54,app_support,Hassan Jones,Auckland,Senior Easy Plan,,3,I switched from Senior Easy Plan to Youth 15GB mid-month and I think my pro-rata billing is wrong.
TKT-2025-01174,01/05/2025 09:18,chatbot,Noah Singh,Wellington,Prepay 1GB,Raj P.,5,I cancelled my roaming add-on last two weeks ago but I'm still being billed $75 for it.
TKT-2025-01175,01/05/2025 10:15,chatbot,Ava Wang,Tauranga,Essential 3GB,,5,I switched from Essential 3GB to Unlimited Max mid-month and I think my pro-rata billing is wrong.
TKT-2025-01176,01/05/2025 10:32,chatbot,Raj Taufa,Christchurch,Business 30GB,,,My bill this month is $99 but I've been on the Business 30GB for 17 months and it's always been $59. Something looks off.
TKT-2025-01177,01/05/2025 10:53,web_form,Ava Wang,Nelson,Essential 3GB,Connor B.,4,My device is asking me for an unlock code. I purchased it through you 2 years ago.
TKT-2025-01178,01/05/2025 11:34,email,Xiao Khan,Whanganui,Business 30GB,Jake S.,4,I switched from Business 30GB to Youth 15GB mid-month and I think my pro-rata billing is wrong.
TKT-2025-01179,01/05/2025 11:46,web_form,Aroha Taufa,Auckland,Pro Unlimited,Ngaio W.,,My account shows I'm using Pro Unlimited but I upgraded to Unlimited Max last month.
TKT-2025-01180,01/05/2025 12:40,chatbot,Sophia Singh,Wellington,Essential 3GB,Priya K.,3,My bill this month is $15 but I've been on the Essential 3GB for 16 months and it's always been $59. Something looks off.
TKT-2025-01181,01/05/2025 13:15,live_chat,Mei Zhang,Auckland,Essential 3GB,Ben H.,4,I cancelled my insurance add-on last two weeks ago but I'm still being billed $145 for it.
TKT-2025-01182,01/05/2025 15:20,email,Anika Johnson,Hamilton,Senior Easy Plan,James T.,,There's an unexpected roaming charge of $210 on my account for January. I did not travel internationally.
TKT-2025-01183,01/05/2025 23:18,chatbot,George Evans,Auckland,Pro Unlimited,Tom F.,4,There's an unexpected roaming charge of $189 on my account for December. I did not travel internationally.
TKT-2025-01184,02/05/2025 07:10,live_chat,Sophie Ali,Dunedin,Essential 3GB,,,What is the difference between Essential 3GB and Prepay 1GB? I'm considering switching.
TKT-2025-01185,02/05/2025 08:08,chatbot,George Lee,Christchurch,Family Share 60GB,Fatima R.,4,I need to change my SIM card size as I've upgraded my phone.
TKT-2025-01186,02/05/2025 08:11,social_facebook,Fatima Xu,Auckland,Family Share 60GB,Ben H.,3,My bill this month is $89 but I've been on the Family Share 60GB for 6 months and it's always been $29. Something looks off.
TKT-2025-01187,02/05/2025 08:54,chatbot,Emma Khalil,Whangarei,Family Share 60GB,Amy S.,4,I'd like an itemised bill for the last 3 months. The totals don't match what I expect.
TKT-2025-01188,02/05/2025 10:01,email,William Wilson,Christchurch,Business Unlimited,Priya K.,,My bill this month is $20 but I've been on the Business Unlimited for 2 months and it's always been $79. Something looks off.
TKT-2025-01189,02/05/2025 10:04,web_form,Evelyn Brown,Whangarei,Essential 3GB,Auto-response,3,My bill this month is $30 but I've been on the Essential 3GB for 10 months and it's always been $59. Something looks off.
TKT-2025-01190,02/05/2025 10:47,email,Tane Khalil,Auckland,Senior Easy Plan,David L.,,I'm moving to Christchurch next month and would like to check coverage maps before deciding whether to stay with you.
TKT-2025-01191,02/05/2025 12:13,app_support,Noah Lee,Auckland,Pro Unlimited,Sarah M.,3,I cancelled my roaming add-on last last month but I'm still being billed $126 for it.
TKT-2025-01192,02/05/2025 12:18,email,Jack Faleolo,Auckland,Youth 15GB,Mei W.,5,I switched from Youth 15GB to Business 30GB mid-month and I think my pro-rata billing is wrong.
TKT-2025-01193,02/05/2025 12:35,phone_transcript,Fatima Li,Rotorua,Essential 3GB,Auto-response,2,My bill this month is $75 but I've been on the Essential 3GB for 7 months and it's always been $99. Something looks off.
TKT-2025-01194,02/05/2025 13:52,social_facebook,Ravi Nguyen,Auckland,Youth 15GB,Ben H.,3,My account shows I'm using Youth 15GB but I upgraded to Family Share 60GB last month.
TKT-2025-01195,02/05/2025 15:31,social_twitter,Raj Khalil,Auckland,Business 30GB,Raj P.,4,I switched from Business 30GB to Essential 3GB mid-month and I think my pro-rata billing is wrong.
TKT-2025-01196,02/05/2025 15:50,social_facebook,Henry Thompson,Christchurch,Business 30GB,James T.,4,My bill this month is $99 but I've been on the Business 30GB for 8 months and it's always been $59. Something looks off.
TKT-2025-01197,02/05/2025 16:12,email,Sophie Nguyen,Nelson,Youth 15GB,Tom F.,4,My eSIM profile disappeared after a factory reset. How do I restore it?
TKT-2025-01198,02/05/2025 16:18,chatbot,Ethan Heke,Palmerston North,Pro Unlimited,Jake S.,5,There's an unexpected roaming charge of $99 on my account for July. I did not travel internationally.
TKT-2025-01199,02/05/2025 18:08,email,Olivia Smith,Gisborne,Essential 3GB,Lisa C.,2,I'm moving to Whangarei next month and would like to check coverage maps before deciding whether to stay with you.
TKT-2025-01200,02/05/2025 22:20,social_twitter,Ethan Parata,Hamilton,Youth 15GB,James T.,4,There's an unexpected roaming charge of $210 on my account for October. I did not travel internationally.
TKT-2025-01201,02/05/2025 22:52,social_facebook,Faleolo Parata,Whanganui,SmartPlan 20GB,Sarah M.,3,My bill this month is $99 but I've been on the SmartPlan 20GB for 9 months and it's always been $59. Something looks off.
TKT-2025-01202,03/05/2025 11:30,email,Noah Faleolo,Auckland,Business Unlimited,James T.,5,My bill this month is $15 but I've been on the Business Unlimited for 2 months and it's always been $99. Something looks off.
TKT-2025-01203,03/05/2025 11:33,web_form,Pita Taylor,Wellington,Senior Easy Plan,Tom F.,3,My bill this month is $89 but I've been on the Senior Easy Plan for 13 months and it's always been $49. Something looks off.
TKT-2025-01204,03/05/2025 16:57,web_form,Thomas Kumar,Nelson,Business 30GB,Ben H.,4,There's an unexpected roaming charge of $99 on my account for February. I did not travel internationally.
TKT-2025-01205,04/05/2025 09:04,email,Hemi Li,Wellington,Essential 3GB,Aroha N.,4,I need to update my direct debit bank account details.
TKT-2025-01206,04/05/2025 11:05,phone_transcript,Chloe Taufa,Auckland,SmartPlan 20GB,Connor B.,,I want to switch to a business plan but I'm not sure which tier suits my usage.
TKT-2025-01207,05/05/2025 08:09,email,Sophie Tane,Hamilton,Essential 3GB,Mei W.,5,I'd like to merge two accounts under my name into one.
TKT-2025-01208,05/05/2025 09:18,web_form,Evelyn Xu,Whangarei,Unlimited Max,,,"I'm consistently getting poor signal in my new apartment in West, Whangarei."
TKT-2025-01209,05/05/2025 09:38,web_form,Rangi Liu,Auckland,Business Unlimited,Sarah M.,4,What is the difference between Business Unlimited and Senior Easy Plan? I'm considering switching.
TKT-2025-01210,05/05/2025 11:22,email,Emma Nguyen,Invercargill,Essential 3GB,Auto-response,,My 4G signal keeps dropping to 3G at my home address even though coverage maps show 4G here.
TKT-2025-01211,05/05/2025 15:31,chatbot,Sanjay Kumar,Dunedin,Essential 3GB,David L.,3,I am unable to access my account online and need help resetting my login details.
TKT-2025-01212,05/05/2025 16:23,chatbot,Noah Faleolo,Auckland,Youth 15GB,,4,I need a SIM card replacement for a trip abroad. My current one is too large for my new phone.
TKT-2025-01213,05/05/2025 17:30,phone_transcript,Charlotte Anderson,Palmerston North,Prepay 1GB,Fatima R.,5,My number isn't receiving calls from overseas. Domestic calls are fine.
TKT-2025-01214,05/05/2025 17:39,social_facebook,Rangi Jones,Invercargill,Senior Easy Plan,Sarah M.,4,I need to change my SIM card size as I've upgraded my phone.
TKT-2025-01215,05/05/2025 17:47,social_facebook,Sophie Evans,Auckland,Prepay 1GB,Connor B.,,My bill this month is $20 but I've been on the Prepay 1GB for 3 months and it's always been $89. Something looks off.
TKT-2025-01216,05/05/2025 19:54,social_facebook,Liam Roberts,Auckland,Senior Easy Plan,Aroha N.,3,I can't make or receive calls while connected to Wi-Fi. The issue started 8 days ago.
TKT-2025-01217,05/05/2025 21:16,email,Noah Smith,Whanganui,Unlimited Max,David L.,,My bill this month is $99 but I've been on the Unlimited Max for 15 months and it's always been $29. Something looks off.
TKT-2025-01218,05/05/2025 21:38,phone_transcript,Amelia Brown,Christchurch,Youth 15GB,Jake S.,5,I cancelled my roaming add-on last last week but I'm still being billed $210 for it.
TKT-2025-01219,06/05/2025 08:01,chatbot,Ethan Lee,Auckland,Senior Easy Plan,Amy S.,5,Mobile data works but I can't make voice calls. I've tried restarting my phone multiple times.
TKT-2025-01220,06/05/2025 09:40,email,Aroha Martin,Whanganui,Family Share 60GB,Connor B.,4,What is the difference between Family Share 60GB and Senior Easy Plan? I'm considering switching.
TKT-2025-01221,06/05/2025 10:50,chatbot,Noah Miller,Auckland,Senior Easy Plan,,4,My bill this month is $30 but I've been on the Senior Easy Plan for 14 months and it's always been $99. Something looks off.
TKT-2025-01222,06/05/2025 11:12,email,Hassan Brown,Napier,Senior Easy Plan,Amy S.,4,I need a copy of my last 6 months of bills for a visa application.
TKT-2025-01223,06/05/2025 12:51,email,Raj Tuimavave,Auckland,Pro Unlimited,Ngaio W.,,My voicemail isn't recording messages. Callers say they hear the greeting but nothing is saved.
TKT-2025-01224,06/05/2025 14:58,chatbot,Anika Roberts,Auckland,Family Share 60GB,Lisa C.,4,My bill this month is $210 but I've been on the Family Share 60GB for 5 months and it's always been $59. Something looks off.
TKT-2025-01225,06/05/2025 15:22,web_form,Olivia Brown,Auckland,Essential 3GB,Ngaio W.,1,My number isn't receiving calls from overseas. Domestic calls are fine.
TKT-2025-01226,06/05/2025 16:25,email,William Liu,Auckland,Prepay 1GB,Jake S.,4,I've been charged $89 and I don't recognise this charge. Could a billing specialist please review my account?
TKT-2025-01227,06/05/2025 18:37,web_form,Luisa Taufa,Auckland,Family Share 60GB,,2,What is the difference between Family Share 60GB and Prepay 1GB? I'm considering switching.
TKT-2025-01228,06/05/2025 20:00,phone_transcript,Ravi Xu,Christchurch,Family Share 60GB,Priya K.,,There's an unexpected roaming charge of $60 on my account for September. I did not travel internationally.
TKT-2025-01229,07/05/2025 07:13,phone_transcript,Oliver Khan,Christchurch,Family Share 60GB,Mei W.,3,I want to pause my plan for 3 months while I'm overseas. Is that possible?
TKT-2025-01230,07/05/2025 10:50,phone_transcript,Ravi Wright,Christchurch,Unlimited Max,Ben H.,4,Can I keep my number if I switch to a different plan? I've had this number for 10 years.
TKT-2025-01231,07/05/2025 12:20,live_chat,Grace Heke,Rotorua,Essential 3GB,Auto-response,2,I want to remove the insurance add-on from my plan. I've been paying for it for 2 years without using it.
TKT-2025-01232,07/05/2025 12:22,email,Olivia Li,Queenstown,Family Share 60GB,,3,What is the difference between Family Share 60GB and Essential 3GB? I'm considering switching.
TKT-2025-01233,07/05/2025 12:46,email,Mia Taufa,Auckland,Family Share 60GB,Tom F.,2,I bought a new phone and I want to check it's compatible with your network.
TKT-2025-01234,07/05/2025 16:32,web_form,Anika Wright,Auckland,Essential 3GB,Lisa C.,3,The agent I spoke to last Tuesday was very unhelpful and dismissive of my issue.
TKT-2025-01235,07/05/2025 17:08,phone_transcript,George Miller,Auckland,SmartPlan 20GB,Tom F.,4,My bill this month is $75 but I've been on the SmartPlan 20GB for 2 months and it's always been $99. Something looks off.
TKT-2025-01236,07/05/2025 19:17,social_twitter,Sophia Wang,Dunedin,SmartPlan 20GB,Amy S.,2,"I'm consistently getting poor signal in my new apartment in Central, Dunedin."
TKT-2025-01237,07/05/2025 21:03,web_form,Thomas Khan,Auckland,Business 30GB,Aroha N.,4,My eSIM profile disappeared after a factory reset. How do I restore it?
TKT-2025-01238,08/05/2025 07:40,live_chat,Emma Taylor,Tauranga,Senior Easy Plan,Amy S.,5,My number isn't receiving calls from overseas. Domestic calls are fine.
TKT-2025-01239,08/05/2025 08:27,social_facebook,Hemi Mitchell,Wellington,SmartPlan 20GB,Auto-response,3,I have a new 5G-capable phone but I'm not seeing 5G connectivity in Wellington where it should be available.
TKT-2025-01240,08/05/2025 11:11,email,Faleolo Mitchell,Wellington,Youth 15GB,Connor B.,3,I've lost my phone and need to suspend my service immediately.
TKT-2025-01241,08/05/2025 12:52,app_support,Grace Kumar,Auckland,Senior Easy Plan,Mei W.,1,I switched from Senior Easy Plan to Family Share 60GB mid-month and I think my pro-rata billing is wrong.
TKT-2025-01242,08/05/2025 13:48,phone_transcript,Sione Smith,Whanganui,Youth 15GB,Lisa C.,3,I was promised a discount when I signed up but my bill doesn't reflect it. I'm being charged $99 instead of $29.
TKT-2025-01243,08/05/2025 14:48,chatbot,Henry Walker,Hamilton,Youth 15GB,James T.,4,I'm travelling to Gisborne next week and wanted to flag that I've had poor coverage there previously.
TKT-2025-01244,08/05/2025 16:14,email,Thomas Xu,Rotorua,Prepay 1GB,Priya K.,1,I was promised a callback within 24 hours and I'm still waiting after 5 days.
TKT-2025-01245,08/05/2025 19:53,email,Aroha Parata,New Plymouth,Pro Unlimited,Fatima R.,4,I'm unable to send MMS messages to other networks. Regular SMS works fine.
TKT-2025-01246,09/05/2025 08:19,web_form,Mere Martin,Auckland,Senior Easy Plan,,3,Can I keep my number if I switch to a different plan? I've had this number for 10 years.
TKT-2025-01247,09/05/2025 12:47,live_chat,Noah Liu,New Plymouth,Family Share 60GB,,,My phone shows full signal but calls keep dropping mid-conversation.
TKT-2025-01248,09/05/2025 17:07,email,Isabella Taylor,Auckland,Business Unlimited,Aroha N.,4,My SIM card is damaged and I need a replacement sent to my address.
TKT-2025-01249,09/05/2025 17:49,chatbot,Xiao Khalil,Auckland,Business 30GB,Amy S.,2,My student discount isn't being applied to my current bill. I submitted my student ID last month.
TKT-2025-01250,09/05/2025 19:25,chatbot,Jin Zhang,Invercargill,Youth 15GB,Fatima R.,,"Since the network update last week, I've had no mobile coverage at my workplace."
TKT-2025-01251,09/05/2025 22:34,web_form,Henry Smith,Auckland,Prepay 1GB,,,My bill this month is $189 but I've been on the Prepay 1GB for 17 months and it's always been $59. Something looks off.
TKT-2025-01252,10/05/2025 12:23,web_form,Mei Kumar,Auckland,Senior Easy Plan,Raj P.,3,My device is asking me for an unlock code. I purchased it through you 2 years ago.
TKT-2025-01253,10/05/2025 17:18,chatbot,Emma Thompson,Palmerston North,Youth 15GB,Ben H.,5,"I'm consistently getting poor signal in my new apartment in Heights, Palmerston North."
TKT-2025-01254,11/05/2025 08:31,web_form,Daniel Faleolo,Christchurch,Business Unlimited,Amy S.,2,My account shows I'm using Business Unlimited but I upgraded to SmartPlan 20GB last month.
TKT-2025-01255,11/05/2025 08:41,email,Sanjay Evans,Wellington,SmartPlan 20GB,Fatima R.,,There's an unexpected roaming charge of $60 on my account for April. I did not travel internationally.
TKT-2025-01256,11/05/2025 12:07,app_support,Anika Jones,Auckland,Prepay 1GB,,4,My autopay failed this month and I was charged a $15 fee. I'd like this waived as a first-time issue.
TKT-2025-01257,12/05/2025 07:31,web_form,Tane Ngata,Rotorua,Pro Unlimited,Sarah M.,,There's an unexpected roaming charge of $99 on my account for May. I did not travel internationally.
TKT-2025-01258,12/05/2025 08:04,live_chat,Liam Khan,Wellington,Unlimited Max,James T.,3,I can't make or receive calls while connected to Wi-Fi. The issue started 2 days ago.
TKT-2025-01259,12/05/2025 11:12,web_form,Sophie Mitchell,Auckland,SmartPlan 20GB,Ngaio W.,3,I cancelled my data boost add-on last last month but I'm still being billed $60 for it.
TKT-2025-01260,12/05/2025 12:47,chatbot,Luisa Wright,Auckland,Unlimited Max,Fatima R.,3,My bill this month is $45 but I've been on the Unlimited Max for 5 months and it's always been $29. Something looks off.
TKT-2025-01261,12/05/2025 13:08,web_form,Isabella Garcia,Hamilton,Business 30GB,Auto-response,,"Hello,

I've been attempting to resolve a technical issue with my Business 30GB plan since November. Each time I call I'm told it will be escalated but I haven't heard back. Could a senior technician please contact me?

Thank you,
Isabella Garcia"
TKT-2025-01262,12/05/2025 14:43,live_chat,Amelia Johnson,Queenstown,Pro Unlimited,Sarah M.,,My bill this month is $89 but I've been on the Pro Unlimited for 11 months and it's always been $39. Something looks off.
TKT-2025-01263,12/05/2025 19:26,web_form,Chloe Taylor,Auckland,Youth 15GB,Auto-response,4,My hotspot feature stopped working after I updated my phone. I've checked the settings.
TKT-2025-01264,12/05/2025 19:50,web_form,Mere Garcia,Hamilton,Business 30GB,David L.,,"Since the network update last week, I've had no mobile coverage at my workplace."
TKT-2025-01265,13/05/2025 09:30,phone_transcript,Tane Taufa,Hamilton,Youth 15GB,,1,I need a copy of my last 6 months of bills for a visa application.
TKT-2025-01266,13/05/2025 11:38,email,Dev Khalil,Christchurch,Essential 3GB,David L.,3,There's an unexpected roaming charge of $145 on my account for November. I did not travel internationally.
TKT-2025-01267,13/05/2025 13:47,web_form,Aroha Parata,Tauranga,SmartPlan 20GB,Amy S.,4,My 4G signal keeps dropping to 3G at my home address even though coverage maps show 4G here.
TKT-2025-01268,13/05/2025 14:48,email,Luisa Lee,Auckland,Essential 3GB,David L.,5,"Since the network update last week, I've had no mobile coverage at my workplace."
TKT-2025-01269,13/05/2025 23:56,email,Ethan Johnson,Auckland,Unlimited Max,Amy S.,3,I've lost my phone and need to suspend my service immediately.
TKT-2025-01270,14/05/2025 09:10,social_twitter,Luisa Khalil,Auckland,Business Unlimited,Jake S.,4,I found my phone after reporting it lost. Can you reactivate my service?
TKT-2025-01271,14/05/2025 09:13,web_form,Pita Mitchell,Tauranga,Essential 3GB,,4,I need a copy of my last 6 months of bills for a visa application.
TKT-2025-01272,14/05/2025 10:05,web_form,Ravi Tane,Wellington,SmartPlan 20GB,Mei W.,3,My bill this month is $45 but I've been on the SmartPlan 20GB for 12 months and it's always been $89. Something looks off.
TKT-2025-01273,14/05/2025 13:11,chatbot,Mia Taylor,Gisborne,Essential 3GB,Fatima R.,,"I'm consistently getting poor signal in my new apartment in East, Gisborne."
TKT-2025-01274,14/05/2025 13:59,phone_transcript,Charlie Patel,Wellington,Business Unlimited,Sarah M.,4,"Dear Support Team,

I am the account holder for business number ending in 4539. I would like to request a full audit of charges for the past 6 months as part of a financial review.

Kind regards,
Charlie Patel"
TKT-2025-01275,14/05/2025 14:42,chatbot,Sophie Faleolo,Auckland,Essential 3GB,Ngaio W.,,International roaming isn't working in Australia even though I have the roaming add-on active.
TKT-2025-01276,14/05/2025 15:49,live_chat,Sophia Taufa,Wellington,Prepay 1GB,Aroha N.,2,I'm travelling to Timaru next week and wanted to flag that I've had poor coverage there previously.
TKT-2025-01277,15/05/2025 06:10,email,Grace Thomas,Auckland,Senior Easy Plan,Amy S.,3,I'd like to merge two accounts under my name into one.
TKT-2025-01278,15/05/2025 08:26,chatbot,Oliver Brown,Rotorua,Family Share 60GB,,3,"I'm consistently getting poor signal in my new apartment in North, Rotorua."
TKT-2025-01279,15/05/2025 09:04,chatbot,Grace Thomas,Hamilton,SmartPlan 20GB,Sarah M.,,I switched from SmartPlan 20GB to Essential 3GB mid-month and I think my pro-rata billing is wrong.
TKT-2025-01280,15/05/2025 10:39,web_form,George Wilson,Wellington,Youth 15GB,Amy S.,,My account shows I'm using Youth 15GB but I upgraded to Business Unlimited last month.
TKT-2025-01281,15/05/2025 10:54,social_facebook,Aroha Thompson,Napier,Unlimited Max,Tom F.,2,I cancelled my data boost add-on last last week but I'm still being billed $210 for it.
TKT-2025-01282,15/05/2025 12:09,social_facebook,Tane Faleolo,Auckland,Business Unlimited,James T.,5,I've forgotten my account PIN and I need to verify my identity to make changes.
TKT-2025-01283,15/05/2025 13:54,phone_transcript,Mia Harris,Auckland,Youth 15GB,Connor B.,,My hotspot feature stopped working after I updated my phone. I've checked the settings.
TKT-2025-01284,15/05/2025 16:33,phone_transcript,Henry Nguyen,Christchurch,Unlimited Max,Connor B.,3,I need a SIM card replacement for a trip abroad. My current one is too large for my new phone.
TKT-2025-01285,15/05/2025 17:01,social_facebook,Liam Hassan,Palmerston North,SmartPlan 20GB,,,My bill this month is $60 but I've been on the SmartPlan 20GB for 11 months and it's always been $59. Something looks off.
TKT-2025-01286,16/05/2025 06:09,web_form,Emma Harris,Auckland,Family Share 60GB,James T.,1,I've received a new phone but I'm having trouble transferring my number to the eSIM.
TKT-2025-01287,16/05/2025 08:27,email,Chloe Parata,Wellington,Senior Easy Plan,Amy S.,4,"I'm consistently getting poor signal in my new apartment in North, Wellington."
TKT-2025-01288,16/05/2025 11:35,chatbot,Xiao Mitchell,Auckland,Unlimited Max,Jake S.,4,I want to make a formal complaint about the wait times on your phone line. I waited 60 minutes today.
TKT-2025-01289,16/05/2025 13:39,chatbot,Jack Davies,Whangarei,Business Unlimited,Jake S.,3,My device is asking me for an unlock code. I purchased it through you 2 years ago.
TKT-2025-01290,16/05/2025 16:43,web_form,Dev Taufa,Christchurch,Business Unlimited,,3,I cancelled my data boost add-on last last week but I'm still being billed $189 for it.
TKT-2025-01291,16/05/2025 17:10,web_form,Jack Johnson,Auckland,Youth 15GB,Aroha N.,3,My 4G signal keeps dropping to 3G at my home address even though coverage maps show 4G here.
TKT-2025-01292,16/05/2025 18:48,social_facebook,Liam Davies,Auckland,Youth 15GB,Mei W.,3,I bought a new phone and I want to check it's compatible with your network.
TKT-2025-01293,16/05/2025 21:52,social_twitter,James Taufa,Auckland,Senior Easy Plan,Lisa C.,5,I have a new 5G-capable phone but I'm not seeing 5G connectivity in Auckland where it should be available.
TKT-2025-01294,16/05/2025 22:07,chatbot,Hemi Roberts,Palmerston North,Senior Easy Plan,,4,What is the difference between Senior Easy Plan and Prepay 1GB? I'm considering switching.
TKT-2025-01295,17/05/2025 05:48,phone_transcript,Harper Walker,Auckland,Senior Easy Plan,Auto-response,4,"Dear Support Team,

I am the account holder for business number ending in 5971. I would like to request a full audit of charges for the past 6 months as part of a financial review.

Kind regards,
Harper Walker"
TKT-2025-01296,17/05/2025 08:31,email,Ethan Xu,Wellington,Essential 3GB,Ngaio W.,,I was told I could upgrade mid-contract without fees but now I'm being quoted a break fee.
TKT-2025-01297,17/05/2025 11:28,social_twitter,Priya Mitchell,Napier,Prepay 1GB,Priya K.,4,I've moved to a new country and want to check my device is unlocked before I leave.
TKT-2025-01298,17/05/2025 11:58,web_form,Liam Nguyen,New Plymouth,Youth 15GB,,4,I need a SIM card replacement for a trip abroad. My current one is too large for my new phone.
TKT-2025-01299,17/05/2025 13:36,chatbot,Fatima Roberts,Christchurch,Family Share 60GB,,3,My bill this month is $99 but I've been on the Family Share 60GB for 6 months and it's always been $49. Something looks off.
TKT-2025-01300,17/05/2025 15:32,email,Aroha Roberts,Invercargill,Business 30GB,Raj P.,4,My device is asking me for an unlock code. I purchased it through you 2 years ago.
TKT-2025-01301,17/05/2025 16:12,chatbot,Jack Nguyen,Queenstown,Senior Easy Plan,Tom F.,3,I'm experiencing intermittent data dropouts throughout the day in Queenstown. This has been happening for 12 days.
TKT-2025-01302,18/05/2025 13:03,web_form,Chloe Zhang,Wellington,Senior Easy Plan,Priya K.,,My account is locked after too many failed login attempts.
TKT-2025-01303,18/05/2025 15:49,social_facebook,Isabella Heke,Napier,Family Share 60GB,,3,I've received a new phone but I'm having trouble transferring my number to the eSIM.
TKT-2025-01304,18/05/2025 17:55,chatbot,Dev Williams,Christchurch,Senior Easy Plan,Aroha N.,,What is the difference between Senior Easy Plan and Business 30GB? I'm considering switching.
TKT-2025-01305,19/05/2025 08:03,email,Raj Heke,Christchurch,SmartPlan 20GB,,5,Data works on 4G but switches off entirely when I move to a 5G area.
TKT-2025-01306,19/05/2025 12:11,web_form,Faleolo Brown,New Plymouth,Pro Unlimited,Fatima R.,4,I bought a new phone and I want to check it's compatible with your network.
TKT-2025-01307,19/05/2025 12:35,web_form,Jin Singh,Wellington,Youth 15GB,James T.,3,What is the difference between Youth 15GB and Unlimited Max? I'm considering switching.
TKT-2025-01308,19/05/2025 14:06,social_twitter,Ava Wilson,Dunedin,Unlimited Max,,3,I received no communication about a planned outage that affected my service for 10 hours.
TKT-2025-01309,19/05/2025 14:08,social_twitter,Dev Patel,Auckland,Unlimited Max,Priya K.,4,I can't make or receive calls while connected to Wi-Fi. The issue started 11 days ago.
TKT-2025-01310,19/05/2025 16:01,email,Mia Brown,Auckland,Family Share 60GB,Ben H.,3,International roaming isn't working in Australia even though I have the roaming add-on active.
TKT-2025-01311,19/05/2025 18:38,social_facebook,Noah Hassan,Auckland,Business Unlimited,,,My phone shows full signal but calls keep dropping mid-conversation.
TKT-2025-01312,19/05/2025 18:42,email,Olivia Walker,Auckland,Essential 3GB,Fatima R.,4,Data works on 4G but switches off entirely when I move to a 5G area.
TKT-2025-01313,19/05/2025 23:34,live_chat,Ravi Li,Wellington,SmartPlan 20GB,Connor B.,5,My bill this month is $45 but I've been on the SmartPlan 20GB for 10 months and it's always been $29. Something looks off.
TKT-2025-01314,20/05/2025 09:34,chatbot,Sophia Wright,Auckland,Senior Easy Plan,,4,I have a new 5G-capable phone but I'm not seeing 5G connectivity in Auckland where it should be available.
TKT-2025-01315,20/05/2025 10:40,chatbot,Pita Johnson,Tauranga,Pro Unlimited,Lisa C.,3,My hotspot feature stopped working after I updated my phone. I've checked the settings.
TKT-2025-01316,20/05/2025 12:00,chatbot,Mia Zhang,Wellington,Family Share 60GB,Amy S.,3,I would like to add my partner to my account as an authorised person.
TKT-2025-01317,20/05/2025 16:10,email,Jack Miller,Wellington,Unlimited Max,Amy S.,4,I've lost my phone and need to suspend my service immediately.
TKT-2025-01318,20/05/2025 16:22,phone_transcript,Harper Kumar,Christchurch,Business 30GB,Aroha N.,3,My bill this month is $75 but I've been on the Business 30GB for 18 months and it's always been $79. Something looks off.
TKT-2025-01319,20/05/2025 16:53,social_twitter,Mia Tane,Whangarei,Unlimited Max,David L.,4,"I'm consistently getting poor signal in my new apartment in North, Whangarei."
TKT-2025-01320,20/05/2025 18:04,web_form,Jin Thompson,Dunedin,SmartPlan 20GB,,3,I'm moving to Tauranga next month and would like to check coverage maps before deciding whether to stay with you.
TKT-2025-01321,20/05/2025 18:31,web_form,William Roberts,Auckland,Pro Unlimited,Amy S.,4,My data speed has been extremely slow recently - I'm getting under 1Mbps on Pro Unlimited.
TKT-2025-01322,20/05/2025 20:53,phone_transcript,Harper Lee,Napier,Pro Unlimited,Connor B.,,My bill this month is $126 but I've been on the Pro Unlimited for 14 months and it's always been $99. Something looks off.
TKT-2025-01323,20/05/2025 21:23,email,Raj Ngata,Auckland,SmartPlan 20GB,,,I cancelled my data boost add-on last last week but I'm still being billed $20 for it.
TKT-2025-01324,21/05/2025 02:07,app_support,Mere Evans,Wellington,Business Unlimited,Connor B.,3,I need to update the credit card on my account as my old card has expired.
TKT-2025-01325,21/05/2025 13:50,social_facebook,Sophie Roberts,Auckland,Unlimited Max,James T.,3,What is the difference between Unlimited Max and Pro Unlimited? I'm considering switching.
TKT-2025-01326,21/05/2025 14:34,web_form,Faleolo Khan,New Plymouth,SmartPlan 20GB,Mei W.,4,"I'm consistently getting poor signal in my new apartment in Heights, New Plymouth."
TKT-2025-01327,21/05/2025 14:54,web_form,Mia Taufa,Napier,Prepay 1GB,Amy S.,,I cancelled my roaming add-on last last month but I'm still being billed $60 for it.
TKT-2025-01328,21/05/2025 14:55,app_support,Xiao Faleolo,Gisborne,Youth 15GB,,,The agent I spoke to last Friday was very unhelpful and dismissive of my issue.
TKT-2025-01329,21/05/2025 15:28,email,James Wright,Auckland,Youth 15GB,,4,My number isn't receiving calls from overseas. Domestic calls are fine.
TKT-2025-01330,21/05/2025 16:50,social_twitter,Charlotte Nguyen,Hamilton,Essential 3GB,Raj P.,,My account is locked after too many failed login attempts.
TKT-2025-01331,21/05/2025 19:05,email,William Jones,Christchurch,Pro Unlimited,Lisa C.,3,My account email address has changed and I can't receive verification codes anymore.
TKT-2025-01332,21/05/2025 21:45,live_chat,Mere Zhang,Tauranga,Essential 3GB,Priya K.,4,I was told I could upgrade mid-contract without fees but now I'm being quoted a break fee.
TKT-2025-01333,21/05/2025 23:37,app_support,Ethan Taufa,Queenstown,Pro Unlimited,Raj P.,2,My bill this month is $120 but I've been on the Pro Unlimited for 11 months and it's always been $39. Something looks off.
TKT-2025-01334,22/05/2025 09:00,email,Raj Roberts,Napier,Senior Easy Plan,,,I cancelled my roaming add-on last last month but I'm still being billed $45 for it.
TKT-2025-01335,22/05/2025 09:07,chatbot,Ravi Xu,Dunedin,Senior Easy Plan,,2,I switched from Senior Easy Plan to Business 30GB mid-month and I think my pro-rata billing is wrong.
TKT-2025-01336,22/05/2025 09:09,live_chat,Isabella Singh,Hamilton,Family Share 60GB,Mei W.,,I need to update the credit card on my account as my old card has expired.
TKT-2025-01337,22/05/2025 10:00,web_form,Xiao Patel,Hamilton,Prepay 1GB,Priya K.,,There's an unexpected roaming charge of $60 on my account for August. I did not travel internationally.
TKT-2025-01338,22/05/2025 10:26,app_support,Chloe Ngata,Blenheim,Prepay 1GB,Aroha N.,3,My bill this month is $120 but I've been on the Prepay 1GB for 4 months and it's always been $79. Something looks off.
TKT-2025-01339,22/05/2025 11:20,web_form,Aroha Patel,Palmerston North,SmartPlan 20GB,Tom F.,,My bill this month is $189 but I've been on the SmartPlan 20GB for 5 months and it's always been $59. Something looks off.
TKT-2025-01340,22/05/2025 12:19,chatbot,Chloe Ngata,Christchurch,Business 30GB,,1,There's an unexpected roaming charge of $145 on my account for June. I did not travel internationally.
TKT-2025-01341,22/05/2025 13:12,social_facebook,Aroha Smith,Wellington,Family Share 60GB,Priya K.,3,Mobile data works but I can't make voice calls. I've tried restarting my phone multiple times.
TKT-2025-01342,22/05/2025 13:22,chatbot,Henry Harris,Auckland,Youth 15GB,Jake S.,,My bill this month is $60 but I've been on the Youth 15GB for 12 months and it's always been $49. Something looks off.
TKT-2025-01343,22/05/2025 16:01,live_chat,Grace Mitchell,Auckland,Business 30GB,Tom F.,5,What is the difference between Business 30GB and Business Unlimited? I'm considering switching.
TKT-2025-01344,22/05/2025 16:23,phone_transcript,Mia Wright,Auckland,Youth 15GB,Ngaio W.,4,I switched from Youth 15GB to Essential 3GB mid-month and I think my pro-rata billing is wrong.
TKT-2025-01345,22/05/2025 17:06,web_form,Liam Davies,Nelson,Youth 15GB,,2,What is the difference between Youth 15GB and Business Unlimited? I'm considering switching.
TKT-2025-01346,22/05/2025 18:28,chatbot,Priya Davies,Auckland,SmartPlan 20GB,Tom F.,,I can't make or receive calls while connected to Wi-Fi. The issue started 11 days ago.
TKT-2025-01347,23/05/2025 08:46,phone_transcript,Aroha Nguyen,Auckland,Business 30GB,,5,My bill this month is $75 but I've been on the Business 30GB for 7 months and it's always been $89. Something looks off.
TKT-2025-01348,23/05/2025 09:03,chatbot,Oliver Zhang,Whanganui,Prepay 1GB,David L.,4,Can I get a SIM card for my elderly mother? She needs something very simple.
TKT-2025-01349,23/05/2025 12:00,email,Mere Anderson,Auckland,Unlimited Max,Jake S.,3,I cancelled my roaming add-on last last week but I'm still being billed $145 for it.
TKT-2025-01350,23/05/2025 13:46,email,Mia Jones,Wellington,Family Share 60GB,Tom F.,,I bought a new phone and I want to check it's compatible with your network.
TKT-2025-01351,23/05/2025 14:15,social_facebook,Rangi Khalil,Rotorua,Youth 15GB,Ngaio W.,4,My data speed has been extremely slow recently - I'm getting under 1Mbps on Youth 15GB.
TKT-2025-01352,23/05/2025 15:57,email,Emma Khan,Christchurch,Family Share 60GB,Fatima R.,5,"Hello,

I've been attempting to resolve a technical issue with my Family Share 60GB plan since July. Each time I call I'm told it will be escalated but I haven't heard back. Could a senior technician please contact me?

Thank you,
Emma Khan"
TKT-2025-01353,23/05/2025 17:30,email,Tane Heke,Rotorua,SmartPlan 20GB,,3,I'm experiencing intermittent data dropouts throughout the day in Rotorua. This has been happening for 6 days.
TKT-2025-01354,23/05/2025 18:33,email,Mere Ngata,Dunedin,Unlimited Max,David L.,4,I switched from Unlimited Max to Family Share 60GB mid-month and I think my pro-rata billing is wrong.
TKT-2025-01355,23/05/2025 20:56,social_twitter,Xiao Liu,Auckland,Essential 3GB,Connor B.,3,I need to update my direct debit bank account details.
TKT-2025-01356,24/05/2025 03:50,phone_transcript,Chloe Thomas,Auckland,Senior Easy Plan,Fatima R.,4,My account is showing as suspended but I haven't missed a payment.
TKT-2025-01357,24/05/2025 08:56,email,Thomas Garcia,Tauranga,Unlimited Max,David L.,5,My device is asking me for an unlock code. I purchased it through you 2 years ago.
TKT-2025-01358,24/05/2025 15:04,chatbot,Emma Singh,Auckland,Business Unlimited,Ngaio W.,3,I switched from Business Unlimited to Pro Unlimited mid-month and I think my pro-rata billing is wrong.
TKT-2025-01359,24/05/2025 17:43,web_form,James Anderson,Wellington,Business 30GB,Lisa C.,5,My bill this month is $145 but I've been on the Business 30GB for 8 months and it's always been $39. Something looks off.
TKT-2025-01360,25/05/2025 09:48,email,Ethan Ali,Auckland,Senior Easy Plan,James T.,4,My bill this month is $89 but I've been on the Senior Easy Plan for 5 months and it's always been $89. Something looks off.
TKT-2025-01361,26/05/2025 07:20,live_chat,Charlotte Mitchell,Tauranga,Business Unlimited,David L.,,My bill this month is $60 but I've been on the Business Unlimited for 8 months and it's always been $79. Something looks off.
TKT-2025-01362,26/05/2025 09:16,phone_transcript,Evelyn Faleolo,Auckland,Youth 15GB,Connor B.,4,I'm travelling to Whanganui next week and wanted to flag that I've had poor coverage there previously.
TKT-2025-01363,26/05/2025 13:13,email,James Garcia,Wellington,Youth 15GB,,,I would like to change my current Youth 15GB plan and need to understand my options.
TKT-2025-01364,26/05/2025 18:52,chatbot,Isabella Smith,Wellington,Family Share 60GB,David L.,4,I've called three times about the same billing issue and it still hasn't been resolved. This is unacceptable.
TKT-2025-01365,26/05/2025 23:32,chatbot,Aroha Wilson,Auckland,Prepay 1GB,Lisa C.,5,What is the difference between Prepay 1GB and Essential 3GB? I'm considering switching.
TKT-2025-01366,27/05/2025 09:31,social_facebook,Noah Wilson,Christchurch,Senior Easy Plan,Connor B.,,I was told I could upgrade mid-contract without fees but now I'm being quoted a break fee.
TKT-2025-01367,27/05/2025 09:33,app_support,Pita Liu,Auckland,Business Unlimited,Lisa C.,5,I'd like to add a data top-up to my Business Unlimited. How long does it last?
TKT-2025-01368,27/05/2025 11:03,web_form,Sophia Thompson,Wellington,Prepay 1GB,Sarah M.,4,My bill this month is $45 but I've been on the Prepay 1GB for 17 months and it's always been $39. Something looks off.
TKT-2025-01369,27/05/2025 18:03,live_chat,Xiao Heke,Palmerston North,Unlimited Max,Connor B.,4,My bill this month is $189 but I've been on the Unlimited Max for 12 months and it's always been $29. Something looks off.
TKT-2025-01370,27/05/2025 19:27,phone_transcript,Henry Hassan,Nelson,Unlimited Max,Ben H.,1,My account is locked after too many failed login attempts.
TKT-2025-01371,28/05/2025 06:36,app_support,Tane Hassan,Palmerston North,Unlimited Max,Auto-response,,My bill this month is $120 but I've been on the Unlimited Max for 5 months and it's always been $59. Something looks off.
TKT-2025-01372,28/05/2025 07:47,chatbot,Xiao Garcia,Auckland,Essential 3GB,Mei W.,,I'm travelling to Nelson next week and wanted to flag that I've had poor coverage there previously.
TKT-2025-01373,28/05/2025 08:40,social_facebook,Mei Tuimavave,Christchurch,Essential 3GB,Connor B.,,"I'm consistently getting poor signal in my new apartment in West, Christchurch."
TKT-2025-01374,28/05/2025 10:36,social_facebook,Sione Mitchell,Auckland,Essential 3GB,James T.,1,I need to update my direct debit bank account details.
TKT-2025-01375,28/05/2025 10:46,chatbot,Fatima Anderson,Blenheim,Business Unlimited,Ngaio W.,3,My bill this month is $145 but I've been on the Business Unlimited for 2 months and it's always been $89. Something looks off.
TKT-2025-01376,28/05/2025 11:43,web_form,Mere Li,Auckland,Unlimited Max,Ben H.,5,I cancelled my insurance add-on last two weeks ago but I'm still being billed $20 for it.
TKT-2025-01377,28/05/2025 12:11,app_support,James Evans,Palmerston North,Prepay 1GB,Fatima R.,3,My bill this month is $15 but I've been on the Prepay 1GB for 18 months and it's always been $79. Something looks off.
TKT-2025-01378,28/05/2025 12:26,phone_transcript,Sanjay Ngata,Wellington,Unlimited Max,Ben H.,,My bill this month is $20 but I've been on the Unlimited Max for 10 months and it's always been $59. Something looks off.
TKT-2025-01379,28/05/2025 13:21,chatbot,Jin Ngata,Auckland,SmartPlan 20GB,Sarah M.,,My bill this month is $189 but I've been on the SmartPlan 20GB for 11 months and it's always been $39. Something looks off.
TKT-2025-01380,28/05/2025 13:24,social_twitter,Daniel Williams,Whangarei,Business 30GB,Amy S.,3,I found my phone after reporting it lost. Can you reactivate my service?
TKT-2025-01381,28/05/2025 13:27,email,Ravi Evans,Queenstown,Senior Easy Plan,Raj P.,4,There's an unexpected roaming charge of $126 on my account for January. I did not travel internationally.
TKT-2025-01382,28/05/2025 15:17,phone_transcript,Pita Nguyen,Hamilton,Unlimited Max,David L.,,My bill this month is $45 but I've been on the Unlimited Max for 13 months and it's always been $39. Something looks off.
TKT-2025-01383,28/05/2025 15:29,web_form,Dev Ngata,Auckland,Essential 3GB,Aroha N.,4,I'd like to add international roaming to my account for a trip to Japan next month.
TKT-2025-01384,28/05/2025 15:46,live_chat,Henry Zhang,Tauranga,Youth 15GB,Priya K.,,Data works on 4G but switches off entirely when I move to a 5G area.
TKT-2025-01385,28/05/2025 16:03,phone_transcript,Hemi Zhang,Wellington,Senior Easy Plan,Jake S.,2,There's an unexpected roaming charge of $20 on my account for June. I did not travel internationally.
TKT-2025-01386,28/05/2025 16:24,phone_transcript,Isabella Nguyen,Palmerston North,Pro Unlimited,Fatima R.,4,I can't make or receive calls while connected to Wi-Fi. The issue started 13 days ago.
TKT-2025-01387,28/05/2025 17:14,social_twitter,Hassan Williams,Tauranga,Business Unlimited,James T.,,I switched from Business Unlimited to Business 30GB mid-month and I think my pro-rata billing is wrong.
TKT-2025-01388,28/05/2025 19:44,social_facebook,Liam Nguyen,Auckland,Business 30GB,Raj P.,5,My bill this month is $60 but I've been on the Business 30GB for 12 months and it's always been $99. Something looks off.
TKT-2025-01389,28/05/2025 22:15,email,Dev Williams,Wellington,Senior Easy Plan,David L.,,I cancelled my data boost add-on last last week but I'm still being billed $126 for it.
TKT-2025-01390,29/05/2025 09:49,live_chat,Hemi Wang,Tauranga,Family Share 60GB,,,There's an unexpected roaming charge of $30 on my account for June. I did not travel internationally.
TKT-2025-01391,29/05/2025 11:58,social_twitter,Fatima Ngata,Auckland,Family Share 60GB,Amy S.,4,My bill this month is $45 but I've been on the Family Share 60GB for 14 months and it's always been $89. Something looks off.
TKT-2025-01392,29/05/2025 12:12,email,Luisa Xu,Christchurch,Prepay 1GB,Tom F.,4,My account shows I'm using Prepay 1GB but I upgraded to Business Unlimited last month.
TKT-2025-01393,29/05/2025 12:49,email,Grace Li,Auckland,Essential 3GB,Fatima R.,5,My bill this month is $20 but I've been on the Essential 3GB for 6 months and it's always been $59. Something looks off.
TKT-2025-01394,29/05/2025 14:13,phone_transcript,Hemi Roberts,Auckland,Essential 3GB,Sarah M.,3,I'm getting 'SIM not provisioned' errors intermittently. My SIM is less than 6 months old.
TKT-2025-01395,29/05/2025 15:35,social_facebook,William Martin,Tauranga,Pro Unlimited,Amy S.,,My bill this month is $145 but I've been on the Pro Unlimited for 4 months and it's always been $59. Something looks off.
TKT-2025-01396,29/05/2025 16:33,live_chat,Mia Parata,Whangarei,Unlimited Max,Tom F.,5,I'm moving to Wellington next month and would like to check coverage maps before deciding whether to stay with you.
TKT-2025-01397,29/05/2025 17:53,chatbot,Daniel Faleolo,Whangarei,Business 30GB,Jake S.,3,My bill this month is $20 but I've been on the Business 30GB for 7 months and it's always been $79. Something looks off.
TKT-2025-01398,29/05/2025 18:27,phone_transcript,Noah Taylor,Auckland,Business Unlimited,Ben H.,3,My bill this month is $30 but I've been on the Business Unlimited for 16 months and it's always been $29. Something looks off.
TKT-2025-01399,29/05/2025 19:05,web_form,Hassan Thomas,Palmerston North,Senior Easy Plan,Ngaio W.,4,"I'm consistently getting poor signal in my new apartment in South, Palmerston North."
TKT-2025-01400,29/05/2025 19:14,social_twitter,Evelyn Smith,Queenstown,Unlimited Max,,4,My bill this month is $126 but I've been on the Unlimited Max for 14 months and it's always been $89. Something looks off.
TKT-2025-01401,29/05/2025 19:19,live_chat,Emma Miller,Hamilton,Prepay 1GB,Connor B.,3,My device is asking me for an unlock code. I purchased it through you 2 years ago.
TKT-2025-01402,29/05/2025 19:49,social_facebook,Sophie Anderson,Wellington,Unlimited Max,Raj P.,4,There's an unexpected roaming charge of $20 on my account for July. I did not travel internationally.
TKT-2025-01403,30/05/2025 10:57,phone_transcript,Hassan Roberts,Queenstown,Unlimited Max,Mei W.,3,What is the difference between Unlimited Max and Senior Easy Plan? I'm considering switching.
TKT-2025-01404,30/05/2025 11:35,social_twitter,Charlie Martin,Hamilton,Senior Easy Plan,Connor B.,3,I'm interested in switching my family of 4 to a shared plan. What are my options?
TKT-2025-01405,30/05/2025 12:06,phone_transcript,George Heke,Christchurch,Business Unlimited,Ngaio W.,3,My bill this month is $45 but I've been on the Business Unlimited for 3 months and it's always been $89. Something looks off.
TKT-2025-01406,30/05/2025 13:06,live_chat,Chloe Roberts,Wellington,SmartPlan 20GB,Tom F.,3,There's an unexpected roaming charge of $60 on my account for January. I did not travel internationally.
TKT-2025-01407,30/05/2025 13:15,email,Henry Miller,Hamilton,SmartPlan 20GB,Aroha N.,,I'm moving to New Plymouth next month and would like to check coverage maps before deciding whether to stay with you.
TKT-2025-01408,30/05/2025 13:39,email,Jin Taufa,Tauranga,Pro Unlimited,Amy S.,4,What is the difference between Pro Unlimited and Prepay 1GB? I'm considering switching.
TKT-2025-01409,30/05/2025 13:43,app_support,Xiao Martin,Wellington,Business 30GB,James T.,5,My bill this month is $89 but I've been on the Business 30GB for 5 months and it's always been $49. Something looks off.
TKT-2025-01410,30/05/2025 13:44,web_form,Liam Hassan,Auckland,Business 30GB,Tom F.,1,I switched from Business 30GB to Pro Unlimited mid-month and I think my pro-rata billing is wrong.
TKT-2025-01411,30/05/2025 14:25,web_form,Jin Taylor,Palmerston North,Business 30GB,,,There's an unexpected roaming charge of $45 on my account for January. I did not travel internationally.
TKT-2025-01412,30/05/2025 15:22,phone_transcript,James Wang,Queenstown,Essential 3GB,Priya K.,3,The agent I spoke to last Monday was very unhelpful and dismissive of my issue.
TKT-2025-01413,30/05/2025 15:41,social_twitter,Sione Miller,Auckland,Essential 3GB,James T.,5,My number isn't receiving calls from overseas. Domestic calls are fine.
TKT-2025-01414,30/05/2025 15:50,web_form,Rangi Hassan,Auckland,Prepay 1GB,David L.,4,I cancelled my insurance add-on last last week but I'm still being billed $45 for it.
TKT-2025-01415,30/05/2025 20:00,email,Noah Kumar,Christchurch,Business Unlimited,Raj P.,3,My bill this month is $99 but I've been on the Business Unlimited for 3 months and it's always been $89. Something looks off.
TKT-2025-01416,31/05/2025 11:41,live_chat,Dev Walker,Wellington,Prepay 1GB,Connor B.,5,There's an unexpected roaming charge of $99 on my account for April. I did not travel internationally.
TKT-2025-01417,31/05/2025 12:02,chatbot,Hemi Davies,Rotorua,SmartPlan 20GB,Aroha N.,4,My bill this month is $210 but I've been on the SmartPlan 20GB for 17 months and it's always been $29. Something looks off.
TKT-2025-01418,31/05/2025 12:20,web_form,Sione Johnson,Wellington,Family Share 60GB,,,"I'm consistently getting poor signal in my new apartment in Heights, Wellington."
TKT-2025-01419,31/05/2025 12:34,phone_transcript,Hemi Singh,Wellington,Business 30GB,,4,I switched from Business 30GB to Unlimited Max mid-month and I think my pro-rata billing is wrong.
TKT-2025-01420,31/05/2025 13:55,phone_transcript,Mia Wright,Christchurch,Senior Easy Plan,Fatima R.,,Mobile data works but I can't make voice calls. I've tried restarting my phone multiple times.
TKT-2025-01421,31/05/2025 15:41,email,Hemi Smith,Auckland,Unlimited Max,Connor B.,5,My bill this month is $89 but I've been on the Unlimited Max for 17 months and it's always been $79. Something looks off.
TKT-2025-01422,31/05/2025 16:43,email,Sophia Singh,Whanganui,Unlimited Max,Lisa C.,4,My bill this month is $189 but I've been on the Unlimited Max for 4 months and it's always been $39. Something looks off.
TKT-2025-01423,31/05/2025 18:58,email,Olivia Garcia,Hamilton,SmartPlan 20GB,,4,I want to make a formal complaint about the wait times on your phone line. I waited 75 minutes today.
TKT-2025-01424,01/06/2025 07:42,web_form,Rangi Wilson,Auckland,Unlimited Max,Sarah M.,,I'm getting 'SIM not provisioned' errors intermittently. My SIM is less than 6 months old.
TKT-2025-01425,01/06/2025 08:10,email,Mia Mitchell,Christchurch,Prepay 1GB,Mei W.,4,My bill this month is $145 but I've been on the Prepay 1GB for 17 months and it's always been $39. Something looks off.
TKT-2025-01426,01/06/2025 08:27,phone_transcript,Harper Ali,Queenstown,Prepay 1GB,Priya K.,4,My voicemail isn't recording messages. Callers say they hear the greeting but nothing is saved.
TKT-2025-01427,01/06/2025 11:41,email,James Singh,Blenheim,Family Share 60GB,Tom F.,1,My bill this month is $126 but I've been on the Family Share 60GB for 14 months and it's always been $39. Something looks off.
TKT-2025-01428,01/06/2025 18:36,chatbot,Henry Anderson,Auckland,Youth 15GB,Jake S.,3,I cancelled my roaming add-on last two weeks ago but I'm still being billed $60 for it.
TKT-2025-01429,02/06/2025 05:54,app_support,Charlie Walker,Auckland,Prepay 1GB,Ben H.,,My bill this month is $145 but I've been on the Prepay 1GB for 11 months and it's always been $49. Something looks off.
TKT-2025-01430,02/06/2025 07:16,web_form,Grace Miller,Christchurch,SmartPlan 20GB,Sarah M.,4,I've moved to a new country and want to check my device is unlocked before I leave.
TKT-2025-01431,02/06/2025 07:27,email,Mere Liu,Wellington,Youth 15GB,James T.,5,My bill this month is $210 but I've been on the Youth 15GB for 18 months and it's always been $39. Something looks off.
TKT-2025-01432,02/06/2025 09:13,social_facebook,Hassan Thompson,Tauranga,Business Unlimited,Jake S.,4,I ported my number last month and was charged by both carriers. I need a refund.
TKT-2025-01433,02/06/2025 09:30,email,Xiao Hassan,Wellington,Business Unlimited,Ngaio W.,3,I've forgotten my account PIN and I need to verify my identity to make changes.
TKT-2025-01434,02/06/2025 09:51,phone_transcript,Charlie Wright,Wellington,Prepay 1GB,David L.,,My phone shows full signal but calls keep dropping mid-conversation.
TKT-2025-01435,02/06/2025 10:28,web_form,Evelyn Xu,Auckland,SmartPlan 20GB,Fatima R.,3,Mobile data works but I can't make voice calls. I've tried restarting my phone multiple times.
TKT-2025-01436,02/06/2025 11:21,live_chat,Fatima Wright,Blenheim,Youth 15GB,Fatima R.,3,There's an unexpected roaming charge of $126 on my account for April. I did not travel internationally.
TKT-2025-01437,02/06/2025 12:12,chatbot,Evelyn Thompson,Hamilton,Pro Unlimited,Jake S.,4,I can't make or receive calls while connected to Wi-Fi. The issue started 4 days ago.
TKT-2025-01438,02/06/2025 12:30,phone_transcript,Daniel Xu,Wellington,Unlimited Max,,,My account shows I'm using Unlimited Max but I upgraded to Pro Unlimited last month.
TKT-2025-01439,02/06/2025 12:35,live_chat,Anika Martin,Wellington,Pro Unlimited,,,What is the difference between Pro Unlimited and Business Unlimited? I'm considering switching.
TKT-2025-01440,02/06/2025 13:15,live_chat,Charlotte Wang,Wellington,Business 30GB,Priya K.,,There's an unexpected roaming charge of $45 on my account for February. I did not travel internationally.
TKT-2025-01441,02/06/2025 13:57,app_support,Oliver Thompson,Christchurch,Unlimited Max,Jake S.,5,My bill this month is $89 but I've been on the Unlimited Max for 7 months and it's always been $29. Something looks off.
TKT-2025-01442,02/06/2025 14:38,phone_transcript,Noah Ngata,Auckland,Business Unlimited,Auto-response,2,I've been charged for an international calling plan that I never added to my account.
TKT-2025-01443,02/06/2025 15:55,chatbot,Anika Khan,Tauranga,Pro Unlimited,Tom F.,5,My bill this month is $210 but I've been on the Pro Unlimited for 18 months and it's always been $89. Something looks off.
TKT-2025-01444,02/06/2025 16:00,web_form,Ravi Singh,Rotorua,Business 30GB,Auto-response,4,My bill this month is $15 but I've been on the Business 30GB for 10 months and it's always been $99. Something looks off.
TKT-2025-01445,02/06/2025 19:46,web_form,Tane Mitchell,Nelson,Business 30GB,David L.,5,I've been a customer for 5 years and the service quality has dropped significantly.
TKT-2025-01446,02/06/2025 22:10,phone_transcript,Grace Miller,Christchurch,Business Unlimited,Amy S.,5,My bill this month is $126 but I've been on the Business Unlimited for 17 months and it's always been $29. Something looks off.
TKT-2025-01447,02/06/2025 22:40,phone_transcript,Hemi Davies,Wellington,Essential 3GB,Tom F.,3,My bill this month is $99 but I've been on the Essential 3GB for 16 months and it's always been $89. Something looks off.
TKT-2025-01448,02/06/2025 23:01,live_chat,Jack Thompson,Wellington,Business Unlimited,Raj P.,3,My account email address has changed and I can't receive verification codes anymore.
TKT-2025-01449,03/06/2025 06:09,social_facebook,Faleolo Ali,Auckland,Business Unlimited,James T.,,I want to make a formal complaint about the wait times on your phone line. I waited 60 minutes today.
TKT-2025-01450,03/06/2025 06:14,web_form,Daniel Khan,Christchurch,SmartPlan 20GB,Fatima R.,,I've called three times about the same billing issue and it still hasn't been resolved. This is unacceptable.
TKT-2025-01451,03/06/2025 09:53,email,Fatima Walker,Auckland,Senior Easy Plan,Mei W.,2,My bill this month is $15 but I've been on the Senior Easy Plan for 3 months and it's always been $59. Something looks off.
TKT-2025-01452,03/06/2025 09:54,web_form,Sanjay Patel,Rotorua,Unlimited Max,Ben H.,,My hotspot feature stopped working after I updated my phone. I've checked the settings.
TKT-2025-01453,03/06/2025 10:11,web_form,Isabella Thompson,Christchurch,Youth 15GB,David L.,,I cancelled my data boost add-on last last month but I'm still being billed $145 for it.
TKT-2025-01454,03/06/2025 11:24,social_twitter,Liam Martinez,Rotorua,Business 30GB,Amy S.,1,I'm travelling to Blenheim next week and wanted to flag that I've had poor coverage there previously.
TKT-2025-01455,03/06/2025 11:44,phone_transcript,Luisa Anderson,Tauranga,Essential 3GB,Priya K.,,There's an unexpected roaming charge of $45 on my account for March. I did not travel internationally.
TKT-2025-01456,03/06/2025 12:14,chatbot,Ravi Tane,Auckland,Business Unlimited,Connor B.,3,There's an unexpected roaming charge of $120 on my account for October. I did not travel internationally.
TKT-2025-01457,03/06/2025 13:19,email,Priya Liu,Auckland,Senior Easy Plan,James T.,4,My bill this month is $30 but I've been on the Senior Easy Plan for 4 months and it's always been $99. Something looks off.
TKT-2025-01458,03/06/2025 13:40,email,Hassan Thompson,Whanganui,SmartPlan 20GB,Mei W.,4,My bill this month is $60 but I've been on the SmartPlan 20GB for 5 months and it's always been $79. Something looks off.
TKT-2025-01459,03/06/2025 14:05,chatbot,William Thompson,Auckland,Youth 15GB,Ngaio W.,4,What is the difference between Youth 15GB and Essential 3GB? I'm considering switching.
TKT-2025-01460,03/06/2025 14:12,web_form,Raj Ali,Rotorua,Prepay 1GB,Aroha N.,4,My bill this month is $45 but I've been on the Prepay 1GB for 10 months and it's always been $29. Something looks off.
TKT-2025-01461,03/06/2025 14:23,email,Mere Liu,Wellington,Business Unlimited,Ben H.,3,I've received a new phone but I'm having trouble transferring my number to the eSIM.
TKT-2025-01462,03/06/2025 14:31,web_form,Sophie Ngata,Wellington,Essential 3GB,Sarah M.,4,My bill this month is $75 but I've been on the Essential 3GB for 10 months and it's always been $89. Something looks off.
TKT-2025-01463,03/06/2025 14:53,phone_transcript,Tane Zhang,Auckland,Unlimited Max,David L.,4,The agent I spoke to last Friday was very unhelpful and dismissive of my issue.
TKT-2025-01464,03/06/2025 15:02,web_form,Dev Nguyen,Hamilton,Business 30GB,Fatima R.,4,There's an unexpected roaming charge of $126 on my account for August. I did not travel internationally.
TKT-2025-01465,03/06/2025 16:16,email,Oliver Martinez,Tauranga,Business Unlimited,,,My bill this month is $89 but I've been on the Business Unlimited for 7 months and it's always been $79. Something looks off.
TKT-2025-01466,03/06/2025 18:54,email,Priya Liu,Auckland,Business Unlimited,Connor B.,1,My bill this month is $120 but I've been on the Business Unlimited for 14 months and it's always been $89. Something looks off.
TKT-2025-01467,03/06/2025 19:38,social_twitter,Jin Patel,Wellington,Business 30GB,Auto-response,2,There's an unexpected roaming charge of $189 on my account for April. I did not travel internationally.
TKT-2025-01468,04/06/2025 09:23,chatbot,Mei Ali,Wellington,Unlimited Max,Mei W.,4,My account shows I'm using Unlimited Max but I upgraded to SmartPlan 20GB last month.
TKT-2025-01469,04/06/2025 09:50,web_form,Noah Martin,Palmerston North,Essential 3GB,Amy S.,,I bought a new phone and I want to check it's compatible with your network.
TKT-2025-01470,04/06/2025 09:56,email,Sophie Patel,Dunedin,SmartPlan 20GB,Lisa C.,,I was told I could upgrade mid-contract without fees but now I'm being quoted a break fee.
TKT-2025-01471,04/06/2025 11:50,chatbot,Daniel Brown,Palmerston North,Essential 3GB,Amy S.,5,My device is asking me for an unlock code. I purchased it through you 2 years ago.
TKT-2025-01472,04/06/2025 11:55,social_facebook,Emma Harris,Auckland,Business Unlimited,Fatima R.,,I'm unable to send MMS messages to other networks. Regular SMS works fine.
TKT-2025-01473,04/06/2025 13:01,social_facebook,Aroha Brown,Auckland,Unlimited Max,Priya K.,3,I want to pause my plan for 3 months while I'm overseas. Is that possible?
TKT-2025-01474,04/06/2025 14:52,web_form,William Singh,Palmerston North,Family Share 60GB,Priya K.,2,My bill this month is $89 but I've been on the Family Share 60GB for 12 months and it's always been $99. Something looks off.
TKT-2025-01475,04/06/2025 16:08,social_facebook,Oliver Wilson,Auckland,Unlimited Max,Auto-response,,My account is locked after too many failed login attempts.
TKT-2025-01476,04/06/2025 19:09,web_form,Ava Harris,Christchurch,Pro Unlimited,Priya K.,4,I was given incorrect information by a customer service agent last week and it's caused real problems.
TKT-2025-01477,04/06/2025 20:18,email,Harper Faleolo,Hamilton,Business 30GB,Raj P.,,My eSIM profile disappeared after a factory reset. How do I restore it?
TKT-2025-01478,04/06/2025 20:49,chatbot,Oliver Faleolo,Timaru,Business Unlimited,Raj P.,5,I want to pause my plan for 3 months while I'm overseas. Is that possible?
TKT-2025-01479,05/06/2025 10:50,chatbot,Rangi Singh,Palmerston North,SmartPlan 20GB,Mei W.,4,My bill this month is $126 but I've been on the SmartPlan 20GB for 13 months and it's always been $49. Something looks off.
TKT-2025-01480,05/06/2025 12:16,live_chat,Luisa Liu,Wellington,Youth 15GB,Ngaio W.,2,Data works on 4G but switches off entirely when I move to a 5G area.
TKT-2025-01481,05/06/2025 14:17,social_twitter,Amelia Thompson,Christchurch,Business Unlimited,Auto-response,4,My account email address has changed and I can't receive verification codes anymore.
TKT-2025-01482,05/06/2025 14:30,social_twitter,Fatima Wright,Auckland,Senior Easy Plan,Lisa C.,,I'm experiencing intermittent data dropouts throughout the day in Auckland. This has been happening for 13 days.
TKT-2025-01483,05/06/2025 23:35,social_facebook,Hassan Taylor,New Plymouth,Family Share 60GB,,,There's an unexpected roaming charge of $189 on my account for January. I did not travel internationally.
TKT-2025-01484,06/06/2025 07:05,phone_transcript,Priya Zhang,Auckland,Business Unlimited,Priya K.,,I'm interested in switching my family of 4 to a shared plan. What are my options?
TKT-2025-01485,06/06/2025 12:36,social_facebook,Charlotte Johnson,Auckland,SmartPlan 20GB,Priya K.,,"Since the network update last week, I've had no mobile coverage at my workplace."
TKT-2025-01486,06/06/2025 13:30,email,Amelia Parata,New Plymouth,Business Unlimited,Jake S.,3,I've called three times about the same billing issue and it still hasn't been resolved. This is unacceptable.
TKT-2025-01487,06/06/2025 14:36,live_chat,William Harris,Auckland,Family Share 60GB,James T.,,My account shows I'm using Family Share 60GB but I upgraded to Pro Unlimited last month.
TKT-2025-01488,06/06/2025 16:36,chatbot,Olivia Martin,Auckland,Pro Unlimited,Sarah M.,4,I'm experiencing intermittent data dropouts throughout the day in Auckland. This has been happening for 13 days.
TKT-2025-01489,07/06/2025 10:24,live_chat,Amelia Evans,Hamilton,Business Unlimited,Ngaio W.,4,I need to transfer ownership of this account to my business.
TKT-2025-01490,07/06/2025 11:07,web_form,Ava Garcia,Timaru,Unlimited Max,Priya K.,3,"I'm consistently getting poor signal in my new apartment in East, Timaru."
TKT-2025-01491,07/06/2025 12:39,phone_transcript,Isabella Walker,Auckland,Prepay 1GB,James T.,,I am unable to access my account online and need help resetting my login details.
TKT-2025-01492,07/06/2025 15:56,live_chat,Oliver Liu,Tauranga,Family Share 60GB,Raj P.,,My bill this month is $30 but I've been on the Family Share 60GB for 7 months and it's always been $59. Something looks off.
TKT-2025-01493,08/06/2025 07:01,web_form,George Martin,Dunedin,Unlimited Max,Sarah M.,4,My student discount isn't being applied to my current bill. I submitted my student ID last month.
TKT-2025-01494,08/06/2025 08:07,app_support,Mia Johnson,Auckland,Business 30GB,Mei W.,5,I cancelled my roaming add-on last last month but I'm still being billed $20 for it.
TKT-2025-01495,08/06/2025 12:41,chatbot,James Heke,Palmerston North,Youth 15GB,Sarah M.,,What is the difference between Youth 15GB and Senior Easy Plan? I'm considering switching.
TKT-2025-01496,09/06/2025 05:07,web_form,Noah Khan,Whangarei,Pro Unlimited,Ben H.,4,There's an unexpected roaming charge of $15 on my account for December. I did not travel internationally.
TKT-2025-01497,09/06/2025 09:41,email,Sophia Hassan,Auckland,Unlimited Max,Sarah M.,,My account email address has changed and I can't receive verification codes anymore.
TKT-2025-01498,09/06/2025 10:43,social_facebook,Ravi Heke,Nelson,Youth 15GB,Raj P.,4,I'd like to add a data top-up to my Youth 15GB. How long does it last?
TKT-2025-01499,09/06/2025 13:07,chatbot,Fatima Thompson,Christchurch,Prepay 1GB,Amy S.,3,I've received a new phone but I'm having trouble transferring my number to the eSIM.
TKT-2025-01500,09/06/2025 13:12,chatbot,Thomas Tane,Wellington,Youth 15GB,Sarah M.,2,My bill this month is $126 but I've been on the Youth 15GB for 2 months and it's always been $39. Something looks off.
TKT-2025-01501,09/06/2025 16:01,chatbot,Henry Liu,Auckland,Senior Easy Plan,Lisa C.,3,My bill this month is $89 but I've been on the Senior Easy Plan for 10 months and it's always been $49. Something looks off.
TKT-2025-01502,10/06/2025 06:10,live_chat,Evelyn Thompson,Auckland,Senior Easy Plan,Fatima R.,4,My bill this month is $30 but I've been on the Senior Easy Plan for 6 months and it's always been $79. Something looks off.
TKT-2025-01503,10/06/2025 10:17,chatbot,Priya Evans,Auckland,Youth 15GB,James T.,3,I am unable to access my account online and need help resetting my login details.
TKT-2025-01504,10/06/2025 11:37,email,Olivia Williams,Wellington,Pro Unlimited,Amy S.,2,What is the difference between Pro Unlimited and Essential 3GB? I'm considering switching.
TKT-2025-01505,10/06/2025 14:08,chatbot,Ravi Parata,Whangarei,Senior Easy Plan,Ngaio W.,2,My bill this month is $126 but I've been on the Senior Easy Plan for 9 months and it's always been $99. Something looks off.
TKT-2025-01506,10/06/2025 15:07,web_form,Hassan Singh,Christchurch,Unlimited Max,Raj P.,,My account email address has changed and I can't receive verification codes anymore.
TKT-2025-01507,10/06/2025 16:00,chatbot,Mei Hassan,Auckland,Essential 3GB,Sarah M.,1,"Dear Support Team,

I am the account holder for business number ending in 1291. I would like to request a full audit of charges for the past 6 months as part of a financial review.

Kind regards,
Mei Hassan"
TKT-2025-01508,10/06/2025 17:51,web_form,Emma Kumar,Wellington,Pro Unlimited,Ngaio W.,,I'm considering switching providers after this experience. I'd like to know my early exit options.
TKT-2025-01509,10/06/2025 18:33,web_form,Anika Anderson,Whanganui,Youth 15GB,Raj P.,,I'm considering switching providers after this experience. I'd like to know my early exit options.
TKT-2025-01510,10/06/2025 20:07,live_chat,James Parata,Gisborne,Youth 15GB,Mei W.,3,I have a new 5G-capable phone but I'm not seeing 5G connectivity in Gisborne where it should be available.
TKT-2025-01511,11/06/2025 08:20,email,Tane Ngata,Dunedin,Essential 3GB,Fatima R.,,My SIM card is damaged and I need a replacement sent to my address.
TKT-2025-01512,11/06/2025 09:11,social_twitter,Olivia Parata,Rotorua,Senior Easy Plan,Raj P.,3,I'd like to merge two accounts under my name into one.
TKT-2025-01513,11/06/2025 11:02,email,Harper Taufa,Auckland,Essential 3GB,Amy S.,4,My number isn't receiving calls from overseas. Domestic calls are fine.
TKT-2025-01514,11/06/2025 11:09,phone_transcript,William Williams,Hamilton,Business Unlimited,Sarah M.,,I switched from Business Unlimited to Family Share 60GB mid-month and I think my pro-rata billing is wrong.
TKT-2025-01515,11/06/2025 11:33,phone_transcript,Thomas Thomas,Wellington,Senior Easy Plan,Auto-response,,My bill this month is $120 but I've been on the Senior Easy Plan for 8 months and it's always been $39. Something looks off.
TKT-2025-01516,11/06/2025 12:01,email,Mia Khan,Christchurch,Prepay 1GB,Priya K.,4,I switched from Prepay 1GB to Pro Unlimited mid-month and I think my pro-rata billing is wrong.
TKT-2025-01517,11/06/2025 14:02,web_form,Liam Wilson,Gisborne,SmartPlan 20GB,Tom F.,3,My account shows I'm using SmartPlan 20GB but I upgraded to Family Share 60GB last month.
TKT-2025-01518,11/06/2025 14:06,chatbot,Emma Ngata,Tauranga,Prepay 1GB,David L.,,I cancelled my international calling add-on last two weeks ago but I'm still being billed $145 for it.
TKT-2025-01519,11/06/2025 15:55,email,Xiao Heke,Christchurch,Prepay 1GB,Priya K.,2,Can I get a SIM card for my elderly mother? She needs something very simple.
TKT-2025-01520,11/06/2025 18:59,live_chat,Henry Parata,Hamilton,Essential 3GB,Amy S.,5,I was offered a promotional rate when I renewed but my current bill is full price.
TKT-2025-01521,12/06/2025 09:35,chatbot,Liam Nguyen,Auckland,Business 30GB,Connor B.,4,I need a copy of my last 6 months of bills for a visa application.
TKT-2025-01522,12/06/2025 12:33,web_form,Ethan Williams,Auckland,SmartPlan 20GB,,2,I can't make or receive calls while connected to Wi-Fi. The issue started 3 days ago.
TKT-2025-01523,12/06/2025 13:29,social_twitter,Noah Khalil,Auckland,Business 30GB,Ben H.,3,International roaming isn't working in Australia even though I have the roaming add-on active.
TKT-2025-01524,12/06/2025 14:52,social_facebook,Sophie Thompson,Wellington,Business Unlimited,Fatima R.,4,My bill this month is $20 but I've been on the Business Unlimited for 17 months and it's always been $49. Something looks off.
TKT-2025-01525,12/06/2025 16:30,live_chat,Fatima Lee,Hamilton,Prepay 1GB,Connor B.,,"Dear Support Team,

I am the account holder for business number ending in 8156. I would like to request a full audit of charges for the past 6 months as part of a financial review.

Kind regards,
Fatima Lee"
TKT-2025-01526,12/06/2025 17:16,web_form,James Ngata,Wellington,Senior Easy Plan,Fatima R.,2,I am unable to access my account online and need help resetting my login details.
TKT-2025-01527,12/06/2025 19:36,social_twitter,Anika Khalil,Auckland,Youth 15GB,Auto-response,3,I want to remove an authorised user from my account.
TKT-2025-01528,12/06/2025 20:26,app_support,Sophia Hassan,New Plymouth,Prepay 1GB,,3,"I'm consistently getting poor signal in my new apartment in East, New Plymouth."
TKT-2025-01529,12/06/2025 22:49,phone_transcript,William Harris,Invercargill,Senior Easy Plan,Lisa C.,,"I'm consistently getting poor signal in my new apartment in West, Invercargill."
TKT-2025-01530,13/06/2025 06:42,app_support,Rangi Taylor,Wellington,Senior Easy Plan,Ngaio W.,3,I can't see my usage history beyond 60 days in the app. I need records for a dispute.
TKT-2025-01531,13/06/2025 08:04,chatbot,Sanjay Tane,Auckland,Business 30GB,Raj P.,,What is the difference between Business 30GB and SmartPlan 20GB? I'm considering switching.
TKT-2025-01532,13/06/2025 09:31,web_form,Aroha Nguyen,Wellington,Youth 15GB,Sarah M.,4,I need to update my direct debit bank account details.
TKT-2025-01533,13/06/2025 10:12,chatbot,Liam Taylor,Auckland,Essential 3GB,James T.,4,My data speed has been extremely slow recently - I'm getting under 1Mbps on Essential 3GB.
TKT-2025-01534,13/06/2025 13:09,chatbot,Henry Hassan,Auckland,Family Share 60GB,Tom F.,,My bill this month is $99 but I've been on the Family Share 60GB for 11 months and it's always been $39. Something looks off.
TKT-2025-01535,13/06/2025 13:26,live_chat,Xiao Johnson,Auckland,SmartPlan 20GB,Lisa C.,5,I ported my number last month and was charged by both carriers. I need a refund.
TKT-2025-01536,13/06/2025 14:53,email,Mere Taylor,Wellington,Prepay 1GB,Priya K.,2,What is the difference between Prepay 1GB and Business Unlimited? I'm considering switching.
TKT-2025-01537,13/06/2025 15:30,chatbot,Sione Wright,Wellington,Business 30GB,Ben H.,3,My account shows I'm using Business 30GB but I upgraded to Essential 3GB last month.
TKT-2025-01538,13/06/2025 15:37,social_facebook,Liam Thomas,Dunedin,Youth 15GB,,4,I've received a new phone but I'm having trouble transferring my number to the eSIM.
TKT-2025-01539,13/06/2025 22:11,social_facebook,Sophia Johnson,Auckland,Youth 15GB,Fatima R.,4,International roaming isn't working in Australia even though I have the roaming add-on active.
TKT-2025-01540,14/06/2025 08:23,email,Henry Walker,Gisborne,Prepay 1GB,Auto-response,4,I'm getting 'SIM not provisioned' errors intermittently. My SIM is less than 6 months old.
TKT-2025-01541,14/06/2025 09:56,web_form,Ethan Wright,Auckland,Business 30GB,Jake S.,5,I'd like to add international roaming to my account for a trip to the UK next month.
TKT-2025-01542,14/06/2025 20:22,phone_transcript,Ethan Martin,Dunedin,Youth 15GB,Mei W.,3,My bill this month is $145 but I've been on the Youth 15GB for 3 months and it's always been $89. Something looks off.
TKT-2025-01543,15/06/2025 09:09,social_facebook,Chloe Hassan,Wellington,SmartPlan 20GB,David L.,3,I'm travelling to Queenstown next week and wanted to flag that I've had poor coverage there previously.
TKT-2025-01544,15/06/2025 12:11,chatbot,Xiao Kumar,Auckland,Unlimited Max,,5,What is the difference between Unlimited Max and Family Share 60GB? I'm considering switching.
TKT-2025-01545,15/06/2025 17:52,email,Charlotte Khan,Christchurch,Unlimited Max,,,My eSIM profile disappeared after a factory reset. How do I restore it?
TKT-2025-01546,16/06/2025 13:57,phone_transcript,Evelyn Garcia,Wellington,SmartPlan 20GB,Auto-response,,Calls to landlines are cutting out after exactly 30 minutes every time.
TKT-2025-01547,16/06/2025 14:20,email,Priya Wilson,Christchurch,Business 30GB,,3,I switched from Business 30GB to Unlimited Max mid-month and I think my pro-rata billing is wrong.
TKT-2025-01548,16/06/2025 14:44,phone_transcript,Charlie Anderson,Auckland,Business Unlimited,,3,I need a copy of my last 6 months of bills for a visa application.
TKT-2025-01549,16/06/2025 18:15,social_twitter,Henry Khalil,Tauranga,Family Share 60GB,Ngaio W.,,My bill this month is $15 but I've been on the Family Share 60GB for 2 months and it's always been $39. Something looks off.
TKT-2025-01550,16/06/2025 22:43,chatbot,James Tuimavave,Invercargill,Family Share 60GB,,,"I'm consistently getting poor signal in my new apartment in North, Invercargill."
TKT-2025-01551,17/06/2025 01:27,chatbot,Faleolo Liu,Blenheim,Business Unlimited,Lisa C.,,I am unable to access my account online and need help resetting my login details.
TKT-2025-01552,17/06/2025 06:12,live_chat,Anika Harris,Auckland,Youth 15GB,Lisa C.,3,I cancelled my roaming add-on last two weeks ago but I'm still being billed $30 for it.
TKT-2025-01553,17/06/2025 08:31,email,Noah Walker,Tauranga,Unlimited Max,Mei W.,5,I want to downgrade my plan but I'm unsure of my contract obligations.
TKT-2025-01554,17/06/2025 11:10,social_facebook,George Singh,Christchurch,Business Unlimited,,4,I want to remove an authorised user from my account.
TKT-2025-01555,17/06/2025 11:24,email,Isabella Evans,Timaru,Senior Easy Plan,Jake S.,3,My bill this month is $126 but I've been on the Senior Easy Plan for 11 months and it's always been $89. Something looks off.
TKT-2025-01556,17/06/2025 11:53,chatbot,James Brown,Christchurch,Family Share 60GB,David L.,3,"To Whom It May Concern,

I am writing to formally dispute a charge of $210 applied to my account on 23/2/2025. I have not received adequate explanation despite contacting support twice.

Yours sincerely,
James Brown"
TKT-2025-01557,17/06/2025 13:05,social_facebook,Oliver Patel,Dunedin,Youth 15GB,Aroha N.,4,Calls to landlines are cutting out after exactly 30 minutes every time.
TKT-2025-01558,17/06/2025 14:03,web_form,Noah Xu,Tauranga,Business Unlimited,Priya K.,,International roaming isn't working in Australia even though I have the roaming add-on active.
TKT-2025-01559,17/06/2025 16:07,email,Charlie Taufa,Wellington,Business Unlimited,Aroha N.,,My phone shows full signal but calls keep dropping mid-conversation.
TKT-2025-01560,17/06/2025 18:47,social_facebook,Fatima Wang,Whangarei,Business 30GB,Lisa C.,3,My bill this month is $210 but I've been on the Business 30GB for 8 months and it's always been $49. Something looks off.
TKT-2025-01561,17/06/2025 20:57,web_form,Amelia Kumar,Rotorua,Prepay 1GB,Priya K.,4,My bill this month is $60 but I've been on the Prepay 1GB for 14 months and it's always been $79. Something looks off.
TKT-2025-01562,17/06/2025 22:10,social_twitter,Sanjay Kumar,Dunedin,Unlimited Max,Ben H.,5,I'm moving to Wellington next month and would like to check coverage maps before deciding whether to stay with you.
TKT-2025-01563,18/06/2025 10:46,social_facebook,Anika Zhang,Christchurch,SmartPlan 20GB,Fatima R.,,My account shows I'm using SmartPlan 20GB but I upgraded to Youth 15GB last month.
TKT-2025-01564,18/06/2025 11:15,email,Sanjay Martinez,Timaru,Prepay 1GB,,5,What is the difference between Prepay 1GB and Senior Easy Plan? I'm considering switching.
TKT-2025-01565,18/06/2025 14:08,email,Xiao Roberts,Christchurch,Senior Easy Plan,Aroha N.,,I've been a customer for 7 years and the service quality has dropped significantly.
TKT-2025-01566,18/06/2025 15:05,web_form,Daniel Thomas,Palmerston North,Senior Easy Plan,Tom F.,3,"Dear Support Team,

I am the account holder for business number ending in 9759. I would like to request a full audit of charges for the past 6 months as part of a financial review.

Kind regards,
Daniel Thomas"
TKT-2025-01567,18/06/2025 15:58,social_facebook,Priya Smith,Auckland,Youth 15GB,Tom F.,,I've been sent to the wrong department four times and nobody seems able to help.
TKT-2025-01568,18/06/2025 16:15,social_facebook,George Patel,Auckland,SmartPlan 20GB,Priya K.,4,Can you explain the 'network access charge' of $126 on my latest invoice? I don't know what this is.
TKT-2025-01569,18/06/2025 17:28,phone_transcript,Jin Faleolo,Auckland,SmartPlan 20GB,James T.,4,My bill this month is $126 but I've been on the SmartPlan 20GB for 6 months and it's always been $89. Something looks off.
TKT-2025-01570,18/06/2025 17:42,app_support,Thomas Jones,Christchurch,Family Share 60GB,Sarah M.,5,I was told I could upgrade mid-contract without fees but now I'm being quoted a break fee.
TKT-2025-01571,18/06/2025 18:57,chatbot,Raj Khan,Auckland,Youth 15GB,Tom F.,,I've been sent to the wrong department four times and nobody seems able to help.
TKT-2025-01572,18/06/2025 19:28,web_form,James Brown,Queenstown,Unlimited Max,,4,"I'm consistently getting poor signal in my new apartment in East, Queenstown."
TKT-2025-01573,19/06/2025 10:26,web_form,Ava Wang,Whanganui,Unlimited Max,Priya K.,2,"I'm consistently getting poor signal in my new apartment in Central, Whanganui."
TKT-2025-01574,19/06/2025 11:11,email,Isabella Tane,Wellington,SmartPlan 20GB,Ngaio W.,3,My 4G signal keeps dropping to 3G at my home address even though coverage maps show 4G here.
TKT-2025-01575,19/06/2025 11:19,phone_transcript,Dev Mitchell,Hamilton,Business Unlimited,Sarah M.,4,"I'm consistently getting poor signal in my new apartment in East, Hamilton."
TKT-2025-01576,19/06/2025 12:46,phone_transcript,Isabella Evans,Christchurch,Essential 3GB,,4,I would like to change my current Essential 3GB plan and need to understand my options.
TKT-2025-01577,19/06/2025 14:30,live_chat,Thomas Thompson,Hamilton,Senior Easy Plan,Tom F.,,"I'm consistently getting poor signal in my new apartment in North, Hamilton."
TKT-2025-01578,19/06/2025 14:43,web_form,Raj Anderson,Dunedin,Prepay 1GB,Priya K.,4,I'm experiencing intermittent data dropouts throughout the day in Dunedin. This has been happening for 5 days.
TKT-2025-01579,19/06/2025 15:13,email,Liam Patel,Wellington,Prepay 1GB,David L.,4,What is the difference between Prepay 1GB and Youth 15GB? I'm considering switching.
TKT-2025-01580,19/06/2025 15:45,chatbot,Oliver Tuimavave,Queenstown,Business 30GB,David L.,4,My bill this month is $126 but I've been on the Business 30GB for 13 months and it's always been $39. Something looks off.
TKT-2025-01581,19/06/2025 16:07,chatbot,Emma Mitchell,Christchurch,SmartPlan 20GB,Aroha N.,,My number isn't receiving calls from overseas. Domestic calls are fine.
TKT-2025-01582,19/06/2025 18:23,chatbot,Chloe Khan,New Plymouth,Unlimited Max,Raj P.,4,My device is asking me for an unlock code. I purchased it through you 2 years ago.
TKT-2025-01583,19/06/2025 19:15,app_support,Dev Mitchell,Auckland,Senior Easy Plan,Tom F.,4,I want to escalate my complaint to a manager. My issue has been ongoing for 4 weeks.
TKT-2025-01584,19/06/2025 19:56,web_form,Sione Smith,Auckland,Pro Unlimited,Jake S.,,My bill this month is $20 but I've been on the Pro Unlimited for 7 months and it's always been $99. Something looks off.
TKT-2025-01585,19/06/2025 21:10,chatbot,Isabella Garcia,Hamilton,Essential 3GB,Sarah M.,3,My bill this month is $126 but I've been on the Essential 3GB for 14 months and it's always been $49. Something looks off.
TKT-2025-01586,20/06/2025 06:47,email,Mere Brown,Auckland,Business Unlimited,Tom F.,,I want to escalate my complaint to a manager. My issue has been ongoing for 2 weeks.
TKT-2025-01587,20/06/2025 07:37,web_form,Thomas Kumar,Auckland,Family Share 60GB,,4,My bill this month is $30 but I've been on the Family Share 60GB for 4 months and it's always been $49. Something looks off.
TKT-2025-01588,20/06/2025 07:40,social_facebook,Charlotte Kumar,Napier,Business 30GB,,2,My account shows I'm using Business 30GB but I upgraded to Unlimited Max last month.
TKT-2025-01589,20/06/2025 12:28,live_chat,James Khalil,Christchurch,Youth 15GB,Tom F.,2,My bill this month is $15 but I've been on the Youth 15GB for 8 months and it's always been $79. Something looks off.
TKT-2025-01590,20/06/2025 13:14,chatbot,Rangi Wright,Wellington,Essential 3GB,,,I found my phone after reporting it lost. Can you reactivate my service?
TKT-2025-01591,20/06/2025 13:27,web_form,Rangi Heke,Blenheim,Business Unlimited,Connor B.,4,There's an unexpected roaming charge of $45 on my account for October. I did not travel internationally.
TKT-2025-01592,20/06/2025 17:41,chatbot,James Roberts,Auckland,Unlimited Max,Raj P.,4,My bill this month is $145 but I've been on the Unlimited Max for 12 months and it's always been $39. Something looks off.
TKT-2025-01593,20/06/2025 18:28,chatbot,Xiao Heke,Tauranga,Pro Unlimited,Mei W.,3,"Since the network update last week, I've had no mobile coverage at my workplace."
TKT-2025-01594,20/06/2025 21:59,phone_transcript,Mei Xu,Queenstown,Family Share 60GB,Aroha N.,4,I switched from Family Share 60GB to Business Unlimited mid-month and I think my pro-rata billing is wrong.
TKT-2025-01595,21/06/2025 10:33,web_form,Grace Wilson,Auckland,SmartPlan 20GB,,1,I'm moving to Christchurch next month and would like to check coverage maps before deciding whether to stay with you.
TKT-2025-01596,21/06/2025 16:25,chatbot,George Davies,Wellington,Business 30GB,Fatima R.,4,My hotspot feature stopped working after I updated my phone. I've checked the settings.
TKT-2025-01597,22/06/2025 04:04,email,Henry Martin,Auckland,Senior Easy Plan,James T.,4,My number isn't receiving calls from overseas. Domestic calls are fine.
TKT-2025-01598,22/06/2025 07:39,email,Mei Patel,Timaru,Family Share 60GB,Ngaio W.,3,"Dear Support Team,

I am the account holder for business number ending in 2510. I would like to request a full audit of charges for the past 6 months as part of a financial review.

Kind regards,
Mei Patel"
TKT-2025-01599,22/06/2025 10:36,web_form,Sophie Thompson,Auckland,Youth 15GB,Amy S.,4,My account shows I'm using Youth 15GB but I upgraded to SmartPlan 20GB last month.
TKT-2025-01600,22/06/2025 17:54,phone_transcript,Ethan Garcia,Nelson,Senior Easy Plan,Aroha N.,3,My student discount isn't being applied to my current bill. I submitted my student ID last month.
TKT-2025-01601,22/06/2025 18:55,web_form,Sophia Parata,Wellington,Prepay 1GB,,2,"I'm consistently getting poor signal in my new apartment in South, Wellington."
TKT-2025-01602,22/06/2025 20:50,app_support,Grace Xu,Nelson,Youth 15GB,,3,My bill this month is $145 but I've been on the Youth 15GB for 10 months and it's always been $29. Something looks off.
TKT-2025-01603,23/06/2025 08:01,chatbot,Emma Khan,Christchurch,Business Unlimited,Auto-response,5,My bill this month is $120 but I've been on the Business Unlimited for 4 months and it's always been $49. Something looks off.
TKT-2025-01604,23/06/2025 08:53,web_form,Noah Evans,Wellington,Business 30GB,Amy S.,4,I've been charged for an international calling plan that I never added to my account.
TKT-2025-01605,23/06/2025 12:48,web_form,Evelyn Martin,Wellington,Essential 3GB,Fatima R.,4,My account is showing as suspended but I haven't missed a payment.
TKT-2025-01606,23/06/2025 14:37,email,Jack Parata,Timaru,Business Unlimited,Priya K.,4,I want to escalate my complaint to a manager. My issue has been ongoing for 2 weeks.
TKT-2025-01607,23/06/2025 15:07,live_chat,Grace Kumar,Christchurch,Youth 15GB,,4,I have a new 5G-capable phone but I'm not seeing 5G connectivity in Christchurch where it should be available.
TKT-2025-01608,23/06/2025 16:26,email,Amelia Martinez,Auckland,Senior Easy Plan,Raj P.,,I can't make or receive calls while connected to Wi-Fi. The issue started 5 days ago.
TKT-2025-01609,23/06/2025 18:46,app_support,Sanjay Liu,Auckland,Business Unlimited,Tom F.,5,I was given incorrect information by a customer service agent last week and it's caused real problems.
TKT-2025-01610,23/06/2025 19:08,email,Noah Heke,Tauranga,Business 30GB,,3,I bought a new phone and I want to check it's compatible with your network.
TKT-2025-01611,24/06/2025 14:25,chatbot,William Evans,Hamilton,Youth 15GB,James T.,,My voicemail isn't recording messages. Callers say they hear the greeting but nothing is saved.
TKT-2025-01612,24/06/2025 15:33,email,Ravi Khalil,Palmerston North,Business Unlimited,Ben H.,4,My hotspot feature stopped working after I updated my phone. I've checked the settings.
TKT-2025-01613,24/06/2025 19:33,email,Charlotte Johnson,Rotorua,Business Unlimited,,1,I switched from Business Unlimited to Senior Easy Plan mid-month and I think my pro-rata billing is wrong.
TKT-2025-01614,24/06/2025 20:10,email,Mia Lee,Wellington,Business 30GB,James T.,3,My account shows I'm using Business 30GB but I upgraded to Youth 15GB last month.
TKT-2025-01615,24/06/2025 21:29,email,Emma Kumar,Auckland,Pro Unlimited,Aroha N.,,I am unable to access my account online and need help resetting my login details.
TKT-2025-01616,25/06/2025 06:48,email,Sanjay Johnson,Whanganui,Business 30GB,,3,My bill this month is $189 but I've been on the Business 30GB for 16 months and it's always been $39. Something looks off.
TKT-2025-01617,25/06/2025 14:01,social_twitter,Priya Liu,Gisborne,Family Share 60GB,Priya K.,3,I want to switch to a business plan but I'm not sure which tier suits my usage.
TKT-2025-01618,25/06/2025 15:10,web_form,Mia Martin,Hamilton,Family Share 60GB,Connor B.,3,I was given incorrect information by a customer service agent last week and it's caused real problems.
TKT-2025-01619,25/06/2025 16:51,email,Amelia Taylor,Nelson,Senior Easy Plan,,4,I want to make a formal complaint about the wait times on your phone line. I waited 90 minutes today.
TKT-2025-01620,25/06/2025 17:53,web_form,James Thomas,Queenstown,Prepay 1GB,Auto-response,,I need to transfer ownership of this account to my business.
TKT-2025-01621,25/06/2025 19:14,phone_transcript,Evelyn Khalil,Wellington,Pro Unlimited,Connor B.,1,My 4G signal keeps dropping to 3G at my home address even though coverage maps show 4G here.
TKT-2025-01622,25/06/2025 20:30,chatbot,Liam Harris,Gisborne,Senior Easy Plan,Tom F.,,"Dear Support Team,

I am the account holder for business number ending in 6749. I would like to request a full audit of charges for the past 6 months as part of a financial review.

Kind regards,
Liam Harris"
TKT-2025-01623,26/06/2025 11:22,email,Mere Kumar,Queenstown,Family Share 60GB,James T.,3,My bill this month is $15 but I've been on the Family Share 60GB for 16 months and it's always been $89. Something looks off.
TKT-2025-01624,26/06/2025 13:34,web_form,Ava Liu,Wellington,Senior Easy Plan,Ngaio W.,5,My bill this month is $75 but I've been on the Senior Easy Plan for 17 months and it's always been $89. Something looks off.
TKT-2025-01625,26/06/2025 13:49,phone_transcript,Dev Kumar,Wellington,Business 30GB,,3,"I'm consistently getting poor signal in my new apartment in Central, Wellington."
TKT-2025-01626,26/06/2025 13:55,social_twitter,Charlie Jones,Palmerston North,Prepay 1GB,Aroha N.,3,I need a SIM card replacement for a trip abroad. My current one is too large for my new phone.
TKT-2025-01627,26/06/2025 14:11,phone_transcript,Aroha Wilson,Hamilton,Business Unlimited,Priya K.,3,My bill this month is $30 but I've been on the Business Unlimited for 12 months and it's always been $89. Something looks off.
TKT-2025-01628,26/06/2025 15:54,phone_transcript,Daniel Faleolo,Auckland,Family Share 60GB,Auto-response,,"Dear Support Team,

I am the account holder for business number ending in 4491. I would like to request a full audit of charges for the past 6 months as part of a financial review.

Kind regards,
Daniel Faleolo"
TKT-2025-01629,27/06/2025 01:27,email,Sophie Davies,Tauranga,SmartPlan 20GB,Fatima R.,3,I've been sent to the wrong department four times and nobody seems able to help.
TKT-2025-01630,27/06/2025 02:13,email,Dev Hassan,Auckland,SmartPlan 20GB,Amy S.,,"To Whom It May Concern,

I am writing to formally dispute a charge of $126 applied to my account on 17/4/2025. I have not received adequate explanation despite contacting support twice.

Yours sincerely,
Dev Hassan"
TKT-2025-01631,27/06/2025 11:37,email,Raj Zhang,Auckland,Unlimited Max,James T.,5,I'd like to add international roaming to my account for a trip to the USA next month.
TKT-2025-01632,27/06/2025 11:40,chatbot,Faleolo Johnson,Auckland,Unlimited Max,Fatima R.,,I need to change my SIM card size as I've upgraded my phone.
TKT-2025-01633,27/06/2025 12:36,phone_transcript,James Ali,Wellington,Pro Unlimited,Priya K.,3,I want to remove an authorised user from my account.
TKT-2025-01634,27/06/2025 12:44,web_form,Mia Evans,Wellington,Pro Unlimited,Aroha N.,2,My bill this month is $189 but I've been on the Pro Unlimited for 9 months and it's always been $89. Something looks off.
TKT-2025-01635,27/06/2025 12:59,live_chat,Raj Hassan,Hamilton,Business 30GB,Tom F.,1,I need to update my direct debit bank account details.
TKT-2025-01636,27/06/2025 14:31,web_form,James Tane,Auckland,Pro Unlimited,Tom F.,,I've called three times about the same billing issue and it still hasn't been resolved. This is unacceptable.
TKT-2025-01637,27/06/2025 14:40,email,Anika Williams,Christchurch,Youth 15GB,James T.,,I'm travelling to Timaru next week and wanted to flag that I've had poor coverage there previously.
TKT-2025-01638,27/06/2025 17:40,email,Xiao Li,Wellington,Unlimited Max,David L.,1,I want to escalate my complaint to a manager. My issue has been ongoing for 4 weeks.
TKT-2025-01639,27/06/2025 21:57,chatbot,Aroha Khan,Christchurch,Business 30GB,Tom F.,2,I have a new 5G-capable phone but I'm not seeing 5G connectivity in Christchurch where it should be available.
TKT-2025-01640,28/06/2025 08:03,email,William Thompson,Auckland,Business Unlimited,James T.,,My bill this month is $30 but I've been on the Business Unlimited for 4 months and it's always been $89. Something looks off.
TKT-2025-01641,28/06/2025 09:03,social_twitter,Jack Davies,Auckland,Essential 3GB,Lisa C.,3,My bill this month is $15 but I've been on the Essential 3GB for 4 months and it's always been $79. Something looks off.
TKT-2025-01642,28/06/2025 15:57,phone_transcript,Sanjay Hassan,Auckland,SmartPlan 20GB,Mei W.,4,My bill this month is $99 but I've been on the SmartPlan 20GB for 16 months and it's always been $49. Something looks off.
TKT-2025-01643,28/06/2025 17:00,app_support,Grace Wright,Hamilton,SmartPlan 20GB,Jake S.,5,My bill this month is $45 but I've been on the SmartPlan 20GB for 13 months and it's always been $99. Something looks off.
TKT-2025-01644,28/06/2025 17:20,chatbot,Emma Wright,Wellington,Unlimited Max,Jake S.,3,I want to switch to a business plan but I'm not sure which tier suits my usage.
TKT-2025-01645,29/06/2025 01:17,phone_transcript,Harper Hassan,Christchurch,Prepay 1GB,Raj P.,4,My voicemail isn't recording messages. Callers say they hear the greeting but nothing is saved.
TKT-2025-01646,29/06/2025 08:41,chatbot,Hemi Mitchell,Auckland,Youth 15GB,Aroha N.,3,My bill this month is $210 but I've been on the Youth 15GB for 5 months and it's always been $29. Something looks off.
TKT-2025-01647,29/06/2025 09:23,phone_transcript,Tane Nguyen,Auckland,Senior Easy Plan,Amy S.,1,I'd like to add a second SIM to my account for a tablet.
TKT-2025-01648,29/06/2025 14:44,web_form,Hemi Anderson,Auckland,Youth 15GB,Raj P.,3,I cancelled my roaming add-on last last month but I'm still being billed $75 for it.
TKT-2025-01649,29/06/2025 16:36,live_chat,Raj Miller,Auckland,Youth 15GB,Fatima R.,1,I'm travelling to Invercargill next week and wanted to flag that I've had poor coverage there previously.
TKT-2025-01650,29/06/2025 20:20,email,Tane Smith,Auckland,Essential 3GB,,4,My bill this month is $145 but I've been on the Essential 3GB for 5 months and it's always been $59. Something looks off.
TKT-2025-01651,30/06/2025 08:11,chatbot,Faleolo Mitchell,Auckland,Youth 15GB,,5,My bill this month is $20 but I've been on the Youth 15GB for 6 months and it's always been $99. Something looks off.
TKT-2025-01652,30/06/2025 09:22,chatbot,Mere Li,Wellington,Prepay 1GB,,3,I'd like to add a data top-up to my Prepay 1GB. How long does it last?
TKT-2025-01653,30/06/2025 10:35,web_form,Thomas Hassan,Auckland,Unlimited Max,Fatima R.,3,My account is showing as suspended but I haven't missed a payment.
TKT-2025-01654,30/06/2025 11:07,chatbot,Faleolo Singh,Rotorua,Senior Easy Plan,Auto-response,3,There's an unexpected roaming charge of $15 on my account for March. I did not travel internationally.
TKT-2025-01655,30/06/2025 12:57,web_form,Priya Thomas,Auckland,Essential 3GB,Priya K.,4,My bill this month is $210 but I've been on the Essential 3GB for 14 months and it's always been $99. Something looks off.
TKT-2025-01656,30/06/2025 13:08,email,Ava Walker,Rotorua,Pro Unlimited,James T.,,My bill this month is $120 but I've been on the Pro Unlimited for 7 months and it's always been $89. Something looks off.
TKT-2025-01657,30/06/2025 13:10,social_facebook,Rangi Evans,Wellington,Prepay 1GB,Tom F.,2,"Dear Support Team,

I am the account holder for business number ending in 4069. I would like to request a full audit of charges for the past 6 months as part of a financial review.

Kind regards,
Rangi Evans"
TKT-2025-01658,30/06/2025 18:08,email,Charlotte Anderson,Tauranga,Pro Unlimited,Aroha N.,4,My bill this month is $75 but I've been on the Pro Unlimited for 9 months and it's always been $99. Something looks off.
TKT-2025-01659,01/07/2025 05:39,social_twitter,Mia Heke,Wellington,Senior Easy Plan,Fatima R.,5,I want to remove an authorised user from my account.
TKT-2025-01660,01/07/2025 08:28,live_chat,Dev Miller,Tauranga,Essential 3GB,Sarah M.,,My bill this month is $30 but I've been on the Essential 3GB for 6 months and it's always been $89. Something looks off.
TKT-2025-01661,01/07/2025 08:48,web_form,Amelia Faleolo,Wellington,Pro Unlimited,Connor B.,4,I cancelled my roaming add-on last two weeks ago but I'm still being billed $89 for it.
TKT-2025-01662,01/07/2025 11:41,web_form,Sanjay Garcia,Palmerston North,Prepay 1GB,,4,My autopay failed this month and I was charged a $15 fee. I'd like this waived as a first-time issue.
TKT-2025-01663,01/07/2025 13:21,social_facebook,Tane Taufa,Auckland,Prepay 1GB,Amy S.,,My bill this month is $75 but I've been on the Prepay 1GB for 3 months and it's always been $89. Something looks off.
TKT-2025-01664,01/07/2025 14:35,chatbot,Hassan Harris,Christchurch,Family Share 60GB,Fatima R.,4,There's an unexpected roaming charge of $15 on my account for August. I did not travel internationally.
TKT-2025-01665,01/07/2025 14:50,chatbot,Oliver Xu,Dunedin,Business 30GB,Jake S.,4,I switched from Business 30GB to SmartPlan 20GB mid-month and I think my pro-rata billing is wrong.
TKT-2025-01666,01/07/2025 15:49,app_support,Sophie Martin,Tauranga,Unlimited Max,Aroha N.,5,I switched from Unlimited Max to Prepay 1GB mid-month and I think my pro-rata billing is wrong.
TKT-2025-01667,01/07/2025 16:19,email,Liam Li,Auckland,Prepay 1GB,Mei W.,4,Can you explain the 'network access charge' of $89 on my latest invoice? I don't know what this is.
TKT-2025-01668,01/07/2025 16:22,web_form,James Johnson,Hamilton,Essential 3GB,,2,I'm interested in switching my family of 4 to a shared plan. What are my options?
TKT-2025-01669,01/07/2025 16:44,web_form,Harper Thompson,Whangarei,Essential 3GB,Ngaio W.,,My bill this month is $120 but I've been on the Essential 3GB for 7 months and it's always been $89. Something looks off.
TKT-2025-01670,01/07/2025 16:48,web_form,Emma Singh,Dunedin,Family Share 60GB,Connor B.,5,There's an unexpected roaming charge of $75 on my account for May. I did not travel internationally.
TKT-2025-01671,01/07/2025 22:09,web_form,Sophie Tane,Wellington,Prepay 1GB,Amy S.,4,My bill this month is $75 but I've been on the Prepay 1GB for 4 months and it's always been $79. Something looks off.
TKT-2025-01672,01/07/2025 22:21,web_form,Hassan Wright,Whanganui,Unlimited Max,,3,My bill this month is $189 but I've been on the Unlimited Max for 5 months and it's always been $29. Something looks off.
TKT-2025-01673,02/07/2025 07:31,phone_transcript,Evelyn Jones,Tauranga,Senior Easy Plan,Aroha N.,4,My SIM card is damaged and I need a replacement sent to my address.
TKT-2025-01674,02/07/2025 07:36,email,Isabella Brown,Tauranga,Pro Unlimited,Amy S.,3,I believe I've been double-charged for my Pro Unlimited plan this month. Please investigate.
TKT-2025-01675,02/07/2025 07:49,phone_transcript,Fatima Miller,Christchurch,Prepay 1GB,Priya K.,4,My bill this month is $45 but I've been on the Prepay 1GB for 15 months and it's always been $59. Something looks off.
TKT-2025-01676,02/07/2025 08:18,social_twitter,Dev Faleolo,Auckland,Senior Easy Plan,Lisa C.,3,I switched from Senior Easy Plan to Business Unlimited mid-month and I think my pro-rata billing is wrong.
TKT-2025-01677,02/07/2025 08:51,social_facebook,Sione Singh,Auckland,Prepay 1GB,Lisa C.,1,I need a SIM card replacement for a trip abroad. My current one is too large for my new phone.
TKT-2025-01678,02/07/2025 09:02,social_facebook,Emma Liu,Wellington,Business 30GB,Amy S.,,"Since the network update last week, I've had no mobile coverage at my workplace."
TKT-2025-01679,02/07/2025 09:09,chatbot,Henry Johnson,Auckland,Essential 3GB,Priya K.,4,Can I get a SIM card for my elderly mother? She needs something very simple.
TKT-2025-01680,02/07/2025 09:41,phone_transcript,Evelyn Xu,Dunedin,Essential 3GB,Raj P.,4,I was offered a promotional rate when I renewed but my current bill is full price.
TKT-2025-01681,02/07/2025 09:56,email,William Anderson,Auckland,Business Unlimited,Aroha N.,,I would like to add my partner to my account as an authorised person.
TKT-2025-01682,02/07/2025 10:24,social_facebook,Oliver Williams,Whangarei,Prepay 1GB,Auto-response,2,I cancelled my roaming add-on last last month but I'm still being billed $210 for it.
TKT-2025-01683,02/07/2025 10:48,web_form,James Patel,Palmerston North,Business Unlimited,,2,I cancelled my insurance add-on last last month but I'm still being billed $45 for it.
TKT-2025-01684,02/07/2025 11:02,web_form,Sophie Martinez,Wellington,Senior Easy Plan,Priya K.,3,My bill this month is $15 but I've been on the Senior Easy Plan for 2 months and it's always been $79. Something looks off.
TKT-2025-01685,02/07/2025 11:04,chatbot,Faleolo Martin,Nelson,Essential 3GB,Raj P.,,My bill this month is $30 but I've been on the Essential 3GB for 13 months and it's always been $79. Something looks off.
TKT-2025-01686,02/07/2025 11:11,web_form,Ravi Wilson,Wellington,Family Share 60GB,David L.,5,My 4G signal keeps dropping to 3G at my home address even though coverage maps show 4G here.
TKT-2025-01687,02/07/2025 12:18,live_chat,Chloe Khalil,Christchurch,Business Unlimited,Ben H.,4,My bill this month is $45 but I've been on the Business Unlimited for 10 months and it's always been $29. Something looks off.
TKT-2025-01688,02/07/2025 12:19,app_support,Sanjay Ngata,Nelson,Unlimited Max,Connor B.,2,My bill this month is $210 but I've been on the Unlimited Max for 13 months and it's always been $59. Something looks off.
TKT-2025-01689,02/07/2025 13:10,web_form,Chloe Patel,Auckland,Business 30GB,Raj P.,5,I'm interested in switching my family of 4 to a shared plan. What are my options?
TKT-2025-01690,02/07/2025 13:24,chatbot,Emma Tane,Wellington,Unlimited Max,Fatima R.,,I was promised a discount when I signed up but my bill doesn't reflect it. I'm being charged $20 instead of $29.
TKT-2025-01691,02/07/2025 13:29,email,Henry Smith,Wellington,Senior Easy Plan,Raj P.,4,My bill this month is $120 but I've been on the Senior Easy Plan for 10 months and it's always been $79. Something looks off.
TKT-2025-01692,02/07/2025 14:40,email,Priya Tuimavave,Auckland,Senior Easy Plan,Lisa C.,,I ported my number last month and was charged by both carriers. I need a refund.
TKT-2025-01693,02/07/2025 16:23,web_form,Harper Wright,Rotorua,Youth 15GB,Aroha N.,,My bill this month is $210 but I've been on the Youth 15GB for 8 months and it's always been $99. Something looks off.
TKT-2025-01694,02/07/2025 17:00,web_form,Fatima Kumar,Auckland,Pro Unlimited,Ngaio W.,5,My account is locked after too many failed login attempts.
TKT-2025-01695,02/07/2025 20:28,chatbot,Anika Mitchell,Napier,Senior Easy Plan,Mei W.,3,I need a copy of my last 6 months of bills for a visa application.
TKT-2025-01696,03/07/2025 07:57,web_form,Priya Ali,Hamilton,Prepay 1GB,Raj P.,4,There's an unexpected roaming charge of $145 on my account for November. I did not travel internationally.
TKT-2025-01697,03/07/2025 08:47,email,Pita Taufa,Invercargill,Business 30GB,Tom F.,,I was offered a promotional rate when I renewed but my current bill is full price.
TKT-2025-01698,03/07/2025 09:37,social_twitter,Dev Martinez,Wellington,Business 30GB,Priya K.,1,There's an unexpected roaming charge of $30 on my account for September. I did not travel internationally.
TKT-2025-01699,03/07/2025 10:26,chatbot,Emma Heke,New Plymouth,Senior Easy Plan,Jake S.,,I've been charged for an international calling plan that I never added to my account.
TKT-2025-01700,03/07/2025 10:33,web_form,James Wilson,Auckland,Youth 15GB,James T.,3,I would like to change my current Youth 15GB plan and need to understand my options.
TKT-2025-01701,03/07/2025 11:57,email,Pita Lee,Auckland,Essential 3GB,Lisa C.,,I've received a new phone but I'm having trouble transferring my number to the eSIM.
TKT-2025-01702,03/07/2025 12:13,email,Chloe Roberts,Palmerston North,Pro Unlimited,Jake S.,4,My bill shows a late payment fee of $45 but I paid on time. I have bank confirmation.
TKT-2025-01703,03/07/2025 12:15,live_chat,Tane Taufa,Invercargill,Business 30GB,Tom F.,,My bill this month is $189 but I've been on the Business 30GB for 4 months and it's always been $89. Something looks off.
TKT-2025-01704,03/07/2025 14:10,email,Dev Singh,Christchurch,Essential 3GB,Lisa C.,4,I'm travelling to Timaru next week and wanted to flag that I've had poor coverage there previously.
TKT-2025-01705,03/07/2025 16:10,chatbot,Sanjay Kumar,Hamilton,Business Unlimited,Connor B.,,My account shows I'm using Business Unlimited but I upgraded to Business 30GB last month.
TKT-2025-01706,03/07/2025 17:27,phone_transcript,Rangi Thomas,Auckland,Business 30GB,Mei W.,4,My bill this month is $30 but I've been on the Business 30GB for 4 months and it's always been $29. Something looks off.
TKT-2025-01707,03/07/2025 17:35,email,Harper Thompson,Dunedin,Business Unlimited,Amy S.,,I've been charged for an international calling plan that I never added to my account.
TKT-2025-01708,03/07/2025 20:10,email,Ravi Ali,Rotorua,Business Unlimited,Ben H.,3,What is the difference between Business Unlimited and Essential 3GB? I'm considering switching.
TKT-2025-01709,03/07/2025 20:31,social_facebook,George Thompson,Wellington,Prepay 1GB,Raj P.,,My bill this month is $120 but I've been on the Prepay 1GB for 5 months and it's always been $89. Something looks off.
TKT-2025-01710,03/07/2025 22:26,app_support,Isabella Kumar,Wellington,Business 30GB,,4,I'm getting 'SIM not provisioned' errors intermittently. My SIM is less than 6 months old.
TKT-2025-01711,03/07/2025 23:42,email,Jin Ali,Wellington,Prepay 1GB,Jake S.,,My account shows I'm using Prepay 1GB but I upgraded to Business 30GB last month.
TKT-2025-01712,04/07/2025 06:00,live_chat,Daniel Xu,Rotorua,Essential 3GB,Fatima R.,4,I'd like to add international roaming to my account for a trip to the UK next month.
TKT-2025-01713,04/07/2025 08:30,web_form,Charlie Liu,Christchurch,Family Share 60GB,,4,I was given incorrect information by a customer service agent last week and it's caused real problems.
TKT-2025-01714,04/07/2025 10:00,web_form,Ethan Ngata,Hamilton,Pro Unlimited,Ngaio W.,4,I found my phone after reporting it lost. Can you reactivate my service?
TKT-2025-01715,04/07/2025 10:31,phone_transcript,Faleolo Roberts,Hamilton,Prepay 1GB,Connor B.,3,My data speed has been extremely slow recently - I'm getting under 1Mbps on Prepay 1GB.
TKT-2025-01716,04/07/2025 11:27,web_form,Rangi Smith,Palmerston North,Youth 15GB,Priya K.,4,I want to downgrade my plan but I'm unsure of my contract obligations.
TKT-2025-01717,04/07/2025 12:32,email,Charlie Tuimavave,Wellington,Unlimited Max,James T.,3,What is the difference between Unlimited Max and Business 30GB? I'm considering switching.
TKT-2025-01718,04/07/2025 15:01,chatbot,Sione Brown,Auckland,SmartPlan 20GB,Ngaio W.,4,My bill this month is $120 but I've been on the SmartPlan 20GB for 16 months and it's always been $99. Something looks off.
TKT-2025-01719,04/07/2025 16:01,phone_transcript,Henry Thompson,Wellington,Family Share 60GB,Connor B.,,Calls to landlines are cutting out after exactly 30 minutes every time.
TKT-2025-01720,04/07/2025 20:23,chatbot,Noah Hassan,Wellington,Essential 3GB,Raj P.,4,There's an unexpected roaming charge of $120 on my account for November. I did not travel internationally.
TKT-2025-01721,04/07/2025 20:57,email,Fatima Li,Dunedin,Youth 15GB,Aroha N.,3,My bill this month is $99 but I've been on the Youth 15GB for 7 months and it's always been $89. Something looks off.
TKT-2025-01722,04/07/2025 21:36,app_support,Mere Ali,Hamilton,Unlimited Max,James T.,5,My student discount isn't being applied to my current bill. I submitted my student ID last month.
TKT-2025-01723,04/07/2025 21:38,chatbot,Faleolo Kumar,Napier,Pro Unlimited,Ben H.,4,My bill this month is $15 but I've been on the Pro Unlimited for 6 months and it's always been $79. Something looks off.
TKT-2025-01724,05/07/2025 06:49,phone_transcript,George Tuimavave,Tauranga,Unlimited Max,Lisa C.,3,I'm unable to send MMS messages to other networks. Regular SMS works fine.
TKT-2025-01725,05/07/2025 10:41,email,Jack Taylor,Auckland,Prepay 1GB,Lisa C.,3,I have a new 5G-capable phone but I'm not seeing 5G connectivity in Auckland where it should be available.
TKT-2025-01726,05/07/2025 10:53,web_form,Sione Williams,Auckland,SmartPlan 20GB,Fatima R.,3,My bill this month is $20 but I've been on the SmartPlan 20GB for 6 months and it's always been $49. Something looks off.
TKT-2025-01727,05/07/2025 11:18,chatbot,Priya Taylor,Auckland,Essential 3GB,Lisa C.,3,My bill this month is $99 but I've been on the Essential 3GB for 10 months and it's always been $59. Something looks off.
TKT-2025-01728,05/07/2025 13:43,live_chat,Sione Lee,Whanganui,Unlimited Max,Aroha N.,,The agent I spoke to last Friday was very unhelpful and dismissive of my issue.
TKT-2025-01729,05/07/2025 15:49,chatbot,Chloe Hassan,Napier,Business 30GB,Mei W.,4,I need to update my direct debit bank account details.
TKT-2025-01730,05/07/2025 23:51,email,Sione Li,Palmerston North,Family Share 60GB,,2,My hotspot feature stopped working after I updated my phone. I've checked the settings.
TKT-2025-01731,06/07/2025 01:10,app_support,Emma Xu,Dunedin,Essential 3GB,Raj P.,4,My account shows I'm using Essential 3GB but I upgraded to Pro Unlimited last month.
TKT-2025-01732,06/07/2025 12:16,phone_transcript,Jack Ngata,Queenstown,Business 30GB,Jake S.,4,My account shows I'm using Business 30GB but I upgraded to SmartPlan 20GB last month.
TKT-2025-01733,06/07/2025 14:25,phone_transcript,Noah Parata,Christchurch,Prepay 1GB,Amy S.,2,I'm experiencing intermittent data dropouts throughout the day in Christchurch. This has been happening for 8 days.
TKT-2025-01734,06/07/2025 15:52,chatbot,Ravi Brown,New Plymouth,Business 30GB,David L.,4,There's an unexpected roaming charge of $210 on my account for March. I did not travel internationally.
TKT-2025-01735,07/07/2025 09:08,social_twitter,Charlie Tuimavave,Auckland,Pro Unlimited,Ben H.,,My hotspot feature stopped working after I updated my phone. I've checked the settings.
TKT-2025-01736,07/07/2025 10:01,social_twitter,Sanjay Wang,Whanganui,Youth 15GB,Lisa C.,2,Mobile data works but I can't make voice calls. I've tried restarting my phone multiple times.
TKT-2025-01737,07/07/2025 10:42,web_form,Xiao Walker,Auckland,Senior Easy Plan,,,My account email address has changed and I can't receive verification codes anymore.
TKT-2025-01738,07/07/2025 10:49,social_twitter,Henry Patel,Auckland,Family Share 60GB,Jake S.,5,I bought a new phone and I want to check it's compatible with your network.
TKT-2025-01739,07/07/2025 11:21,chatbot,Isabella Harris,Christchurch,Family Share 60GB,Raj P.,,I believe I've been double-charged for my Family Share 60GB plan this month. Please investigate.
TKT-2025-01740,07/07/2025 12:37,phone_transcript,Sophie Evans,Rotorua,Youth 15GB,Auto-response,,I'd like to add international roaming to my account for a trip to the USA next month.
TKT-2025-01741,07/07/2025 13:45,email,Charlie Martinez,Palmerston North,Business 30GB,Aroha N.,3,I was promised a discount when I signed up but my bill doesn't reflect it. I'm being charged $189 instead of $99.
TKT-2025-01742,07/07/2025 16:52,web_form,Thomas Thompson,Invercargill,Senior Easy Plan,Jake S.,3,I cancelled my roaming add-on last last week but I'm still being billed $60 for it.
TKT-2025-01743,07/07/2025 17:59,chatbot,Mere Mitchell,Napier,Business Unlimited,Tom F.,2,I was offered a promotional rate when I renewed but my current bill is full price.
TKT-2025-01744,07/07/2025 21:11,chatbot,Xiao Thompson,Tauranga,Unlimited Max,Ngaio W.,4,My bill this month is $189 but I've been on the Unlimited Max for 14 months and it's always been $79. Something looks off.
TKT-2025-01745,08/07/2025 08:07,email,Sophia Taylor,Blenheim,Business 30GB,Connor B.,,My bill this month is $99 but I've been on the Business 30GB for 3 months and it's always been $39. Something looks off.
TKT-2025-01746,08/07/2025 09:03,chatbot,Amelia Li,Hamilton,Essential 3GB,Ngaio W.,5,"I'm consistently getting poor signal in my new apartment in Valley, Hamilton."
TKT-2025-01747,08/07/2025 09:42,chatbot,Grace Nguyen,Christchurch,Unlimited Max,Aroha N.,4,Data works on 4G but switches off entirely when I move to a 5G area.
TKT-2025-01748,08/07/2025 10:13,email,Ethan Wilson,Auckland,Youth 15GB,Ben H.,,My account is locked after too many failed login attempts.
TKT-2025-01749,08/07/2025 11:13,phone_transcript,Mere Roberts,Christchurch,Family Share 60GB,,2,What is the difference between Family Share 60GB and Business 30GB? I'm considering switching.
TKT-2025-01750,08/07/2025 12:27,social_twitter,Hemi Mitchell,Christchurch,Business Unlimited,Aroha N.,4,Data works on 4G but switches off entirely when I move to a 5G area.
TKT-2025-01751,08/07/2025 13:17,email,Rangi Khalil,Nelson,Family Share 60GB,Connor B.,4,"Dear Support Team,

I am the account holder for business number ending in 9082. I would like to request a full audit of charges for the past 6 months as part of a financial review.

Kind regards,
Rangi Khalil"
TKT-2025-01752,08/07/2025 14:24,social_facebook,Hassan Thompson,Christchurch,Business 30GB,Aroha N.,,I ported my number last month and was charged by both carriers. I need a refund.
TKT-2025-01753,08/07/2025 14:30,phone_transcript,Henry Thompson,Palmerston North,Pro Unlimited,David L.,4,I was promised a callback within 24 hours and I'm still waiting after 8 days.
TKT-2025-01754,08/07/2025 14:36,email,Ethan Jones,Christchurch,Essential 3GB,Fatima R.,3,My bill this month is $60 but I've been on the Essential 3GB for 5 months and it's always been $39. Something looks off.
TKT-2025-01755,08/07/2025 14:48,phone_transcript,Raj Mitchell,Palmerston North,Prepay 1GB,Tom F.,4,I would like to change my current Prepay 1GB plan and need to understand my options.
TKT-2025-01756,08/07/2025 17:09,chatbot,Pita Davies,New Plymouth,SmartPlan 20GB,Fatima R.,5,"Since the network update last week, I've had no mobile coverage at my workplace."
TKT-2025-01757,08/07/2025 18:52,web_form,Aroha Harris,Auckland,Essential 3GB,Tom F.,3,My bill this month is $189 but I've been on the Essential 3GB for 8 months and it's always been $59. Something looks off.
TKT-2025-01758,08/07/2025 20:40,phone_transcript,Harper Wright,Hamilton,Unlimited Max,Raj P.,,I was told I could upgrade mid-contract without fees but now I'm being quoted a break fee.
TKT-2025-01759,09/07/2025 08:24,web_form,Ravi Heke,New Plymouth,Essential 3GB,,4,I've forgotten my account PIN and I need to verify my identity to make changes.
TKT-2025-01760,09/07/2025 09:12,chatbot,Sophie Lee,Christchurch,Business Unlimited,Raj P.,3,There's an unexpected roaming charge of $20 on my account for March. I did not travel internationally.
TKT-2025-01761,09/07/2025 09:47,live_chat,Ethan Davies,Whanganui,SmartPlan 20GB,Fatima R.,3,"I'm consistently getting poor signal in my new apartment in Valley, Whanganui."
TKT-2025-01762,09/07/2025 10:15,email,Thomas Patel,Christchurch,Unlimited Max,Fatima R.,,I'd like to add a data top-up to my Unlimited Max. How long does it last?
TKT-2025-01763,09/07/2025 10:15,chatbot,Pita Tuimavave,Auckland,Essential 3GB,Sarah M.,2,I switched from Essential 3GB to Senior Easy Plan mid-month and I think my pro-rata billing is wrong.
TKT-2025-01764,09/07/2025 10:21,email,James Johnson,Auckland,Family Share 60GB,Sarah M.,4,My account is showing as suspended but I haven't missed a payment.
TKT-2025-01765,09/07/2025 11:03,phone_transcript,Chloe Liu,Christchurch,Business 30GB,Auto-response,2,I cancelled my roaming add-on last last week but I'm still being billed $189 for it.
TKT-2025-01766,09/07/2025 13:38,email,Sanjay Wang,Christchurch,Pro Unlimited,Connor B.,,I found my phone after reporting it lost. Can you reactivate my service?
TKT-2025-01767,09/07/2025 14:53,email,Jin Lee,Wellington,Pro Unlimited,Tom F.,3,My account shows I'm using Pro Unlimited but I upgraded to Essential 3GB last month.
TKT-2025-01768,10/07/2025 08:59,web_form,Xiao Nguyen,Hamilton,Senior Easy Plan,Sarah M.,,I've been charged $30 and I don't recognise this charge. Could a billing specialist please review my account?
TKT-2025-01769,10/07/2025 10:02,phone_transcript,Sione Li,Nelson,Family Share 60GB,,3,My voicemail isn't recording messages. Callers say they hear the greeting but nothing is saved.
TKT-2025-01770,10/07/2025 10:14,phone_transcript,Raj Ali,Auckland,Family Share 60GB,Jake S.,4,My account is showing as suspended but I haven't missed a payment.
TKT-2025-01771,10/07/2025 10:35,live_chat,Olivia Roberts,Whangarei,Business 30GB,Connor B.,2,My bill this month is $45 but I've been on the Business 30GB for 12 months and it's always been $59. Something looks off.
TKT-2025-01772,10/07/2025 10:36,chatbot,James Smith,Gisborne,Unlimited Max,,4,There's an unexpected roaming charge of $30 on my account for March. I did not travel internationally.
TKT-2025-01773,10/07/2025 14:09,social_facebook,Sione Martin,Christchurch,Pro Unlimited,James T.,4,My voicemail isn't recording messages. Callers say they hear the greeting but nothing is saved.
TKT-2025-01774,10/07/2025 15:03,email,Raj Tane,Hamilton,SmartPlan 20GB,Auto-response,2,My eSIM profile disappeared after a factory reset. How do I restore it?
TKT-2025-01775,10/07/2025 15:53,phone_transcript,Jin Walker,Hamilton,Youth 15GB,Sarah M.,4,I'm moving to Tauranga next month and would like to check coverage maps before deciding whether to stay with you.
TKT-2025-01776,11/07/2025 03:36,phone_transcript,Sophia Miller,Palmerston North,Prepay 1GB,Ben H.,3,My bill this month is $75 but I've been on the Prepay 1GB for 14 months and it's always been $79. Something looks off.
TKT-2025-01777,11/07/2025 06:20,phone_transcript,Mere Brown,Wellington,Youth 15GB,Priya K.,4,I was offered a promotional rate when I renewed but my current bill is full price.
TKT-2025-01778,11/07/2025 06:32,web_form,Jin Wang,Whanganui,Essential 3GB,Tom F.,2,I've called three times about the same billing issue and it still hasn't been resolved. This is unacceptable.
TKT-2025-01779,11/07/2025 09:01,email,Grace Smith,Tauranga,Senior Easy Plan,,1,I've lost my phone and need to suspend my service immediately.
TKT-2025-01780,11/07/2025 14:33,phone_transcript,Sophia Mitchell,Auckland,Unlimited Max,Raj P.,3,My bill this month is $15 but I've been on the Unlimited Max for 6 months and it's always been $99. Something looks off.
TKT-2025-01781,11/07/2025 14:53,chatbot,Chloe Johnson,Wellington,Pro Unlimited,Priya K.,4,Can I keep my number if I switch to a different plan? I've had this number for 10 years.
TKT-2025-01782,11/07/2025 15:17,email,Pita Evans,Christchurch,Senior Easy Plan,Amy S.,,"Dear Support Team,

I am the account holder for business number ending in 5592. I would like to request a full audit of charges for the past 6 months as part of a financial review.

Kind regards,
Pita Evans"
TKT-2025-01783,11/07/2025 15:47,web_form,William Singh,Gisborne,Unlimited Max,Raj P.,4,My SIM card is damaged and I need a replacement sent to my address.
TKT-2025-01784,11/07/2025 20:51,live_chat,Charlie Evans,Christchurch,Family Share 60GB,,,I want to remove an authorised user from my account.
TKT-2025-01785,11/07/2025 21:10,social_twitter,Thomas Jones,Rotorua,Family Share 60GB,Connor B.,3,I was told I could upgrade mid-contract without fees but now I'm being quoted a break fee.
TKT-2025-01786,11/07/2025 21:33,web_form,Isabella Kumar,Auckland,SmartPlan 20GB,,5,I'm considering switching providers after this experience. I'd like to know my early exit options.
TKT-2025-01787,12/07/2025 09:13,social_facebook,Noah Taufa,Christchurch,Essential 3GB,David L.,4,I'm getting 'SIM not provisioned' errors intermittently. My SIM is less than 6 months old.
TKT-2025-01788,12/07/2025 18:05,chatbot,Jin Martin,Palmerston North,Unlimited Max,Sarah M.,4,My student discount isn't being applied to my current bill. I submitted my student ID last month.
TKT-2025-01789,13/07/2025 17:54,social_facebook,Fatima Liu,Christchurch,Prepay 1GB,,,I've been a customer for 11 years and the service quality has dropped significantly.
TKT-2025-01790,14/07/2025 04:06,social_facebook,Priya Walker,Dunedin,SmartPlan 20GB,Ngaio W.,3,I've called three times about the same billing issue and it still hasn't been resolved. This is unacceptable.
TKT-2025-01791,14/07/2025 08:47,email,Charlotte Parata,Gisborne,SmartPlan 20GB,Amy S.,2,I was promised a discount when I signed up but my bill doesn't reflect it. I'm being charged $210 instead of $49.
TKT-2025-01792,14/07/2025 11:35,phone_transcript,George Liu,Dunedin,Essential 3GB,David L.,,I need a copy of my last 6 months of bills for a visa application.
TKT-2025-01793,14/07/2025 12:13,email,Faleolo Singh,Hamilton,Pro Unlimited,James T.,3,My bill this month is $15 but I've been on the Pro Unlimited for 5 months and it's always been $49. Something looks off.
TKT-2025-01794,14/07/2025 14:03,web_form,Grace Walker,New Plymouth,Family Share 60GB,Raj P.,2,I've moved to a new country and want to check my device is unlocked before I leave.
TKT-2025-01795,14/07/2025 19:18,phone_transcript,Fatima Harris,Invercargill,Unlimited Max,Aroha N.,,"I'm consistently getting poor signal in my new apartment in Valley, Invercargill."
TKT-2025-01796,15/07/2025 09:07,web_form,Xiao Evans,Wellington,Business 30GB,Mei W.,,I found my phone after reporting it lost. Can you reactivate my service?
TKT-2025-01797,15/07/2025 09:57,social_facebook,Tane Martinez,Tauranga,Essential 3GB,Jake S.,3,My account is locked after too many failed login attempts.
TKT-2025-01798,15/07/2025 12:08,phone_transcript,Ethan Mitchell,Wellington,Youth 15GB,Lisa C.,3,My bill this month is $60 but I've been on the Youth 15GB for 4 months and it's always been $59. Something looks off.
TKT-2025-01799,15/07/2025 12:27,web_form,Charlotte Thomas,Dunedin,Youth 15GB,Priya K.,,I want to downgrade my plan but I'm unsure of my contract obligations.
TKT-2025-01800,15/07/2025 13:23,email,Ava Jones,Hamilton,Senior Easy Plan,James T.,4,I can't see my usage history beyond 60 days in the app. I need records for a dispute.
TKT-2025-01801,15/07/2025 16:05,email,Ava Parata,Christchurch,Youth 15GB,Lisa C.,,"Dear Support Team,

I am the account holder for business number ending in 7797. I would like to request a full audit of charges for the past 6 months as part of a financial review.

Kind regards,
Ava Parata"
TKT-2025-01802,15/07/2025 16:43,web_form,Sophia Wilson,Auckland,Essential 3GB,Raj P.,,My bill this month is $15 but I've been on the Essential 3GB for 7 months and it's always been $59. Something looks off.
TKT-2025-01803,16/07/2025 08:29,chatbot,Evelyn Patel,Auckland,Prepay 1GB,Aroha N.,4,I want to pause my plan for 3 months while I'm overseas. Is that possible?
TKT-2025-01804,16/07/2025 11:37,live_chat,Ethan Parata,Wellington,Senior Easy Plan,Amy S.,5,I've been sent to the wrong department four times and nobody seems able to help.
TKT-2025-01805,16/07/2025 14:23,phone_transcript,Faleolo Thompson,Dunedin,Senior Easy Plan,James T.,,Mobile data works but I can't make voice calls. I've tried restarting my phone multiple times.
TKT-2025-01806,16/07/2025 17:07,phone_transcript,Liam Singh,Tauranga,Business Unlimited,Connor B.,,My number isn't receiving calls from overseas. Domestic calls are fine.
TKT-2025-01807,16/07/2025 21:07,phone_transcript,Chloe Harris,New Plymouth,Essential 3GB,Connor B.,5,My bill this month is $20 but I've been on the Essential 3GB for 9 months and it's always been $89. Something looks off.
TKT-2025-01808,17/07/2025 01:49,web_form,Sanjay Harris,Rotorua,Essential 3GB,Ngaio W.,4,I can't see my usage history beyond 60 days in the app. I need records for a dispute.
TKT-2025-01809,17/07/2025 09:25,live_chat,William Li,Hamilton,Unlimited Max,Amy S.,3,I'm getting 'SIM not provisioned' errors intermittently. My SIM is less than 6 months old.
TKT-2025-01810,17/07/2025 09:42,chatbot,Sione Davies,Auckland,Family Share 60GB,Ngaio W.,,I'm moving to Palmerston North next month and would like to check coverage maps before deciding whether to stay with you.
TKT-2025-01811,17/07/2025 09:56,social_twitter,Ava Martinez,Tauranga,Unlimited Max,James T.,3,"Since the network update last week, I've had no mobile coverage at my workplace."
TKT-2025-01812,17/07/2025 10:39,chatbot,Raj Taylor,Wellington,Prepay 1GB,Lisa C.,4,I've moved to a new country and want to check my device is unlocked before I leave.
TKT-2025-01813,17/07/2025 13:06,web_form,Dev Zhang,Auckland,Unlimited Max,Raj P.,4,"Dear Support Team,

I am the account holder for business number ending in 9540. I would like to request a full audit of charges for the past 6 months as part of a financial review.

Kind regards,
Dev Zhang"
TKT-2025-01814,17/07/2025 14:11,web_form,Ravi Thompson,Wellington,Essential 3GB,Raj P.,4,My bill this month is $75 but I've been on the Essential 3GB for 15 months and it's always been $49. Something looks off.
TKT-2025-01815,17/07/2025 14:37,chatbot,Jack Xu,Christchurch,Essential 3GB,Jake S.,3,I'd like to add a second SIM to my account for a tablet.
TKT-2025-01816,17/07/2025 17:13,web_form,Hassan Davies,Christchurch,Business 30GB,,,My bill this month is $126 but I've been on the Business 30GB for 2 months and it's always been $29. Something looks off.
TKT-2025-01817,17/07/2025 17:30,email,Sophie Kumar,New Plymouth,Unlimited Max,Aroha N.,3,I can't make or receive calls while connected to Wi-Fi. The issue started 7 days ago.
TKT-2025-01818,17/07/2025 18:47,email,Noah Roberts,Invercargill,Prepay 1GB,Jake S.,2,I've been charged $145 and I don't recognise this charge. Could a billing specialist please review my account?
TKT-2025-01819,17/07/2025 19:27,web_form,Ravi Thomas,Blenheim,Business Unlimited,Priya K.,3,What is the difference between Business Unlimited and Youth 15GB? I'm considering switching.
TKT-2025-01820,17/07/2025 21:45,email,Amelia Zhang,Auckland,Family Share 60GB,Lisa C.,2,My bill this month is $75 but I've been on the Family Share 60GB for 6 months and it's always been $89. Something looks off.
TKT-2025-01821,18/07/2025 08:53,email,Priya Khan,Auckland,Business Unlimited,,4,I would like to add my partner to my account as an authorised person.
TKT-2025-01822,18/07/2025 10:02,social_twitter,Chloe Roberts,Wellington,Pro Unlimited,Ngaio W.,,My account email address has changed and I can't receive verification codes anymore.
TKT-2025-01823,18/07/2025 10:46,web_form,William Zhang,Invercargill,Essential 3GB,Ngaio W.,2,I found my phone after reporting it lost. Can you reactivate my service?
TKT-2025-01824,18/07/2025 11:05,phone_transcript,Rangi Thompson,Hamilton,Business 30GB,James T.,3,I want to remove the insurance add-on from my plan. I've been paying for it for 2 years without using it.
TKT-2025-01825,18/07/2025 11:16,email,Mia Jones,Napier,Unlimited Max,Jake S.,,I'm experiencing intermittent data dropouts throughout the day in Napier. This has been happening for 12 days.
TKT-2025-01826,18/07/2025 11:22,web_form,Faleolo Faleolo,Napier,Youth 15GB,,,"I'm consistently getting poor signal in my new apartment in Heights, Napier."
TKT-2025-01827,18/07/2025 12:22,chatbot,Rangi Wilson,Auckland,Pro Unlimited,,4,My bill this month is $45 but I've been on the Pro Unlimited for 8 months and it's always been $79. Something looks off.
TKT-2025-01828,18/07/2025 12:23,web_form,Oliver Ali,Wellington,Family Share 60GB,Sarah M.,4,My account is locked after too many failed login attempts.
TKT-2025-01829,18/07/2025 12:38,chatbot,Mere Roberts,Wellington,Unlimited Max,,3,I'm moving to Auckland next month and would like to check coverage maps before deciding whether to stay with you.
TKT-2025-01830,18/07/2025 15:22,phone_transcript,Pita Liu,Invercargill,Business Unlimited,Aroha N.,4,I was given incorrect information by a customer service agent last week and it's caused real problems.
TKT-2025-01831,18/07/2025 19:56,chatbot,Jin Thompson,Christchurch,Unlimited Max,Auto-response,2,"I'm consistently getting poor signal in my new apartment in South, Christchurch."
TKT-2025-01832,19/07/2025 12:22,email,Ravi Parata,Auckland,Family Share 60GB,Priya K.,2,I am unable to access my account online and need help resetting my login details.
TKT-2025-01833,19/07/2025 12:38,email,Aroha Wilson,Auckland,Business 30GB,Sarah M.,4,I've lost my phone and need to suspend my service immediately.
TKT-2025-01834,19/07/2025 15:17,web_form,Thomas Heke,Auckland,Youth 15GB,Sarah M.,,I'm unable to send MMS messages to other networks. Regular SMS works fine.
TKT-2025-01835,20/07/2025 08:08,phone_transcript,Sophie Miller,Auckland,Senior Easy Plan,David L.,,I want to downgrade my plan but I'm unsure of my contract obligations.
TKT-2025-01836,21/07/2025 06:31,chatbot,Thomas Smith,Auckland,Unlimited Max,Sarah M.,4,The agent I spoke to last Thursday was very unhelpful and dismissive of my issue.
TKT-2025-01837,21/07/2025 07:50,app_support,Mei Thomas,Wellington,Business 30GB,Ben H.,3,My bill this month is $99 but I've been on the Business 30GB for 2 months and it's always been $99. Something looks off.
TKT-2025-01838,21/07/2025 08:08,social_facebook,Hemi Khalil,Auckland,SmartPlan 20GB,James T.,4,My data speed has been extremely slow recently - I'm getting under 1Mbps on SmartPlan 20GB.
TKT-2025-01839,21/07/2025 08:22,live_chat,George Mitchell,Whangarei,Business Unlimited,Ngaio W.,5,I switched from Business Unlimited to Pro Unlimited mid-month and I think my pro-rata billing is wrong.
TKT-2025-01840,21/07/2025 08:26,social_facebook,Liam Nguyen,Hamilton,Business 30GB,Ben H.,,I want to downgrade my plan but I'm unsure of my contract obligations.
TKT-2025-01841,21/07/2025 08:31,social_twitter,Aroha Smith,Wellington,Pro Unlimited,Raj P.,4,I'm checking if there's a network outage in Wellington — I've had no signal since this morning.
TKT-2025-01842,21/07/2025 08:31,app_support,James Wright,Auckland,SmartPlan 20GB,Auto-response,,Can you give me an ETA on restoring service? I've had nothing for 7 hours.
TKT-2025-01843,21/07/2025 08:45,phone_transcript,Faleolo Khan,Nelson,Unlimited Max,Fatima R.,2,My data speed has been extremely slow recently - I'm getting under 1Mbps on Unlimited Max.
TKT-2025-01844,21/07/2025 09:08,email,Anika Brown,Auckland,Pro Unlimited,Raj P.,3,I'm checking if there's a network outage in Auckland — I've had no signal since this morning.
TKT-2025-01845,21/07/2025 09:14,web_form,Emma Williams,Wellington,Senior Easy Plan,Amy S.,3,My 4G signal keeps dropping to 3G at my home address even though coverage maps show 4G here.
TKT-2025-01846,21/07/2025 09:52,email,Chloe Thompson,Hamilton,Senior Easy Plan,James T.,,"I'm consistently getting poor signal in my new apartment in West, Hamilton."
TKT-2025-01847,21/07/2025 10:41,email,Tane Faleolo,Wellington,Unlimited Max,Priya K.,,I'm travelling to Palmerston North next week and wanted to flag that I've had poor coverage there previously.
TKT-2025-01848,21/07/2025 12:28,phone_transcript,Jack Johnson,Auckland,SmartPlan 20GB,Sarah M.,3,I'm getting 'SIM not provisioned' errors intermittently. My SIM is less than 6 months old.
TKT-2025-01849,21/07/2025 12:35,email,Sione Johnson,Wellington,Senior Easy Plan,Aroha N.,4,Mobile data works but I can't make voice calls. I've tried restarting my phone multiple times.
TKT-2025-01850,21/07/2025 12:39,social_twitter,Thomas Walker,Palmerston North,Youth 15GB,Ngaio W.,,I'm checking if there's a network outage in Palmerston North — I've had no signal since this morning.
TKT-2025-01851,21/07/2025 13:43,phone_transcript,Henry Parata,Auckland,Pro Unlimited,Connor B.,3,I can't make or receive calls while connected to Wi-Fi. The issue started 2 days ago.
TKT-2025-01852,21/07/2025 14:03,phone_transcript,Sanjay Lee,Dunedin,Business Unlimited,Amy S.,4,"Dear Support Team,

I am the account holder for business number ending in 2627. I would like to request a full audit of charges for the past 6 months as part of a financial review.

Kind regards,
Sanjay Lee"
TKT-2025-01853,21/07/2025 14:13,web_form,Thomas Xu,Tauranga,Youth 15GB,Auto-response,4,Our entire street has lost mobile coverage. This seems like more than just my account.
TKT-2025-01854,21/07/2025 14:21,email,Ethan Kumar,Auckland,Family Share 60GB,Priya K.,,The agent I spoke to last Friday was very unhelpful and dismissive of my issue.
TKT-2025-01855,21/07/2025 14:32,web_form,Aroha Khan,Auckland,Unlimited Max,Amy S.,5,I need a copy of my last 6 months of bills for a visa application.
TKT-2025-01856,21/07/2025 14:43,email,Hassan Khalil,Whanganui,Prepay 1GB,James T.,,Several of my colleagues in Whanganui are all experiencing the same network outage. Please advise.
TKT-2025-01857,21/07/2025 14:54,social_twitter,Sophie Taufa,Gisborne,Business Unlimited,Raj P.,4,"No signal in East, Gisborne since 8am this morning. Is there a tower issue?"
TKT-2025-01858,21/07/2025 15:08,social_twitter,Sophia Martinez,New Plymouth,Essential 3GB,Jake S.,4,I need to transfer ownership of this account to my business.
TKT-2025-01859,21/07/2025 15:49,web_form,Olivia Taufa,Dunedin,Business Unlimited,Raj P.,3,Several of my colleagues in Dunedin are all experiencing the same network outage. Please advise.
TKT-2025-01860,21/07/2025 15:52,chatbot,Ava Khan,Christchurch,Prepay 1GB,James T.,3,"No signal in Valley, Christchurch since 10am this morning. Is there a tower issue?"
TKT-2025-01861,21/07/2025 15:58,live_chat,Olivia Mitchell,Auckland,Prepay 1GB,David L.,4,"I'm consistently getting poor signal in my new apartment in East, Auckland."
TKT-2025-01862,21/07/2025 16:37,social_twitter,Hemi Martinez,Christchurch,Unlimited Max,Tom F.,,I would like to add my partner to my account as an authorised person.
TKT-2025-01863,21/07/2025 17:13,social_facebook,Pita Davies,New Plymouth,Essential 3GB,,4,My bill this month is $60 but I've been on the Essential 3GB for 10 months and it's always been $99. Something looks off.
TKT-2025-01864,21/07/2025 17:32,social_facebook,Ava Smith,Palmerston North,Business 30GB,,4,"No signal in West, Palmerston North since early this morning this morning. Is there a tower issue?"
TKT-2025-01865,21/07/2025 18:57,web_form,Harper Evans,Dunedin,Family Share 60GB,Auto-response,5,What is the difference between Family Share 60GB and Essential 3GB? I'm considering switching.
TKT-2025-01866,21/07/2025 20:01,web_form,Emma Evans,Tauranga,SmartPlan 20GB,James T.,4,I'm travelling to Auckland next week and wanted to flag that I've had poor coverage there previously.
TKT-2025-01867,21/07/2025 20:47,social_facebook,Luisa Garcia,Hamilton,Essential 3GB,Lisa C.,1,I need to change my SIM card size as I've upgraded my phone.
TKT-2025-01868,21/07/2025 21:12,social_twitter,Tane Taufa,Palmerston North,Pro Unlimited,,1,I currently have no mobile service in Palmerston North. Is there a known outage in my area?
TKT-2025-01869,22/07/2025 00:05,chatbot,George Mitchell,Auckland,Youth 15GB,Auto-response,4,"No signal in CBD, Auckland since 7am this morning. Is there a tower issue?"
TKT-2025-01870,22/07/2025 04:09,phone_transcript,Xiao Heke,New Plymouth,Youth 15GB,,3,I'm checking if there's a network outage in New Plymouth — I've had no signal since this morning.
TKT-2025-01871,22/07/2025 04:09,chatbot,Grace Garcia,Wellington,Pro Unlimited,James T.,,"No signal in East, Wellington since 8am this morning. Is there a tower issue?"
TKT-2025-01872,22/07/2025 07:01,social_twitter,Sophie Taufa,Dunedin,Family Share 60GB,Sarah M.,,I currently have no mobile service in Dunedin. Is there a known outage in my area?
TKT-2025-01873,22/07/2025 07:13,social_twitter,Fatima Faleolo,Auckland,Essential 3GB,Ngaio W.,2,Several of my colleagues in Auckland are all experiencing the same network outage. Please advise.
TKT-2025-01874,22/07/2025 07:17,social_twitter,Aroha Nguyen,Auckland,Essential 3GB,Sarah M.,5,I currently have no mobile service in Auckland. Is there a known outage in my area?
TKT-2025-01875,22/07/2025 07:21,chatbot,Noah Liu,Tauranga,Senior Easy Plan,Auto-response,3,"No signal in East, Tauranga since 9am this morning. Is there a tower issue?"
TKT-2025-01876,22/07/2025 07:34,social_twitter,Luisa Nguyen,New Plymouth,Family Share 60GB,James T.,,I currently have no mobile service in New Plymouth. Is there a known outage in my area?
TKT-2025-01877,22/07/2025 07:49,chatbot,Daniel Thompson,Wellington,Family Share 60GB,James T.,3,I currently have no mobile service in Wellington. Is there a known outage in my area?
TKT-2025-01878,22/07/2025 08:10,social_twitter,Amelia Anderson,Christchurch,Youth 15GB,Raj P.,2,"No signal in West, Christchurch since 8am this morning. Is there a tower issue?"
TKT-2025-01879,22/07/2025 08:33,web_form,Amelia Jones,Hamilton,SmartPlan 20GB,Raj P.,3,I'm checking if there's a network outage in Hamilton — I've had no signal since this morning.
TKT-2025-01880,22/07/2025 08:38,chatbot,Oliver Evans,Auckland,Senior Easy Plan,Raj P.,3,"No signal in Heights, Auckland since early this morning this morning. Is there a tower issue?"
TKT-2025-01881,22/07/2025 08:50,social_twitter,James Ngata,Christchurch,Unlimited Max,Sarah M.,3,Several of my colleagues in Christchurch are all experiencing the same network outage. Please advise.
TKT-2025-01882,22/07/2025 09:29,phone_transcript,Mia Mitchell,Wellington,Unlimited Max,Raj P.,3,"No signal in North, Wellington since early this morning this morning. Is there a tower issue?"
TKT-2025-01883,22/07/2025 09:30,social_twitter,Chloe Lee,Dunedin,Essential 3GB,Raj P.,,"No signal in Heights, Dunedin since 10am this morning. Is there a tower issue?"
TKT-2025-01884,22/07/2025 10:01,chatbot,Anika Khalil,Wellington,Family Share 60GB,Sarah M.,4,"No signal in Valley, Wellington since 9am this morning. Is there a tower issue?"
TKT-2025-01885,22/07/2025 10:12,chatbot,Harper Garcia,Tauranga,Youth 15GB,,3,I currently have no mobile service in Tauranga. Is there a known outage in my area?
TKT-2025-01886,22/07/2025 10:14,chatbot,Harper Ali,Auckland,SmartPlan 20GB,Sarah M.,3,"No signal in Valley, Auckland since 6am this morning. Is there a tower issue?"
TKT-2025-01887,22/07/2025 10:14,social_twitter,Sophie Miller,Christchurch,Business Unlimited,James T.,,I'm checking if there's a network outage in Christchurch — I've had no signal since this morning.
TKT-2025-01888,22/07/2025 10:25,phone_transcript,Ava Brown,Wellington,Business Unlimited,Raj P.,4,"No signal in West, Wellington since early this morning this morning. Is there a tower issue?"
TKT-2025-01889,22/07/2025 10:26,social_twitter,Ethan Thompson,Tauranga,Youth 15GB,Ngaio W.,4,I work from home and rely entirely on mobile data. The ongoing outage is affecting my ability to work.
TKT-2025-01890,22/07/2025 10:44,email,Rangi Lee,Whangarei,Family Share 60GB,Sarah M.,4,Several of my colleagues in Whangarei are all experiencing the same network outage. Please advise.
TKT-2025-01891,22/07/2025 10:46,phone_transcript,Aroha Khalil,Nelson,Senior Easy Plan,Sarah M.,5,I'm checking if there's a network outage in Nelson — I've had no signal since this morning.
TKT-2025-01892,22/07/2025 10:52,chatbot,Faleolo Brown,Palmerston North,SmartPlan 20GB,Raj P.,4,Several of my colleagues in Palmerston North are all experiencing the same network outage. Please advise.
TKT-2025-01893,22/07/2025 10:56,email,George Nguyen,Nelson,Pro Unlimited,Sarah M.,,Several of my colleagues in Nelson are all experiencing the same network outage. Please advise.
TKT-2025-01894,22/07/2025 11:18,chatbot,Amelia Martin,Auckland,Business 30GB,Ngaio W.,3,"No signal in Central, Auckland since 10am this morning. Is there a tower issue?"
TKT-2025-01895,22/07/2025 11:44,phone_transcript,Ava Ngata,Hamilton,Unlimited Max,,4,Several of my colleagues in Hamilton are all experiencing the same network outage. Please advise.
TKT-2025-01896,22/07/2025 11:49,email,Thomas Williams,Queenstown,Unlimited Max,Sarah M.,3,I'm checking if there's a network outage in Queenstown — I've had no signal since this morning.
TKT-2025-01897,22/07/2025 12:05,live_chat,Isabella Singh,Auckland,Unlimited Max,Sarah M.,5,"No signal in CBD, Auckland since 10am this morning. Is there a tower issue?"
TKT-2025-01898,22/07/2025 12:10,chatbot,Henry Wright,Tauranga,Essential 3GB,Raj P.,3,"No signal in South, Tauranga since 9am this morning. Is there a tower issue?"
TKT-2025-01899,22/07/2025 12:19,social_twitter,Olivia Khalil,Auckland,Youth 15GB,James T.,4,"No signal in West, Auckland since 7am this morning. Is there a tower issue?"
TKT-2025-01900,22/07/2025 12:29,social_twitter,Sophia Walker,Auckland,Senior Easy Plan,Sarah M.,4,"No signal in South, Auckland since 6am this morning. Is there a tower issue?"
TKT-2025-01901,22/07/2025 12:49,social_facebook,Amelia Xu,Auckland,Family Share 60GB,,3,The outage has now lasted over 12 hours with no communication from you. This is unacceptable.
TKT-2025-01902,22/07/2025 12:58,chatbot,Mei Hassan,Whangarei,Family Share 60GB,Ngaio W.,,I currently have no mobile service in Whangarei. Is there a known outage in my area?
TKT-2025-01903,22/07/2025 13:13,chatbot,Tane Mitchell,Auckland,Senior Easy Plan,James T.,,I'm checking if there's a network outage in Auckland — I've had no signal since this morning.
TKT-2025-01904,22/07/2025 13:32,phone_transcript,James Davies,Auckland,Pro Unlimited,James T.,,"No signal in Heights, Auckland since 10am this morning. Is there a tower issue?"
TKT-2025-01905,22/07/2025 13:34,web_form,Anika Wang,Hamilton,Essential 3GB,,4,"No signal in Heights, Hamilton since 8am this morning. Is there a tower issue?"
TKT-2025-01906,22/07/2025 13:41,phone_transcript,Sophie Ali,Tauranga,Essential 3GB,James T.,1,"No signal in West, Tauranga since 10am this morning. Is there a tower issue?"
TKT-2025-01907,22/07/2025 13:42,phone_transcript,Mia Thomas,Christchurch,Youth 15GB,Ngaio W.,4,"No signal in Central, Christchurch since 6am this morning. Is there a tower issue?"
TKT-2025-01908,22/07/2025 13:47,chatbot,Mia Khalil,Auckland,SmartPlan 20GB,Sarah M.,5,"No signal in Heights, Auckland since 9am this morning. Is there a tower issue?"
TKT-2025-01909,22/07/2025 13:49,chatbot,Noah Liu,Tauranga,Family Share 60GB,James T.,,Several of my colleagues in Tauranga are all experiencing the same network outage. Please advise.
TKT-2025-01910,22/07/2025 14:03,email,James Thompson,New Plymouth,SmartPlan 20GB,Ngaio W.,2,Several of my colleagues in New Plymouth are all experiencing the same network outage. Please advise.
TKT-2025-01911,22/07/2025 14:30,phone_transcript,Mere Patel,Whangarei,Unlimited Max,Ngaio W.,4,I'm checking if there's a network outage in Whangarei — I've had no signal since this morning.
TKT-2025-01912,22/07/2025 15:22,social_twitter,Daniel Patel,Timaru,Unlimited Max,Sarah M.,,I'm checking if there's a network outage in Timaru — I've had no signal since this morning.
TKT-2025-01913,22/07/2025 15:23,social_facebook,Sione Zhang,Queenstown,Unlimited Max,Ngaio W.,,I currently have no mobile service in Queenstown. Is there a known outage in my area?
TKT-2025-01914,22/07/2025 15:29,social_twitter,Ethan Kumar,Napier,Family Share 60GB,James T.,4,"No signal in Heights, Napier since 7am this morning. Is there a tower issue?"
TKT-2025-01915,22/07/2025 16:15,web_form,Isabella Martin,Auckland,Essential 3GB,James T.,4,"No signal in South, Auckland since early this morning this morning. Is there a tower issue?"
TKT-2025-01916,22/07/2025 16:18,email,Tane Wilson,Palmerston North,Unlimited Max,,4,"No signal in North, Palmerston North since 9am this morning. Is there a tower issue?"
TKT-2025-01917,22/07/2025 16:40,email,Xiao Ngata,Auckland,Business Unlimited,Raj P.,4,"No signal in Valley, Auckland since 10am this morning. Is there a tower issue?"
TKT-2025-01918,22/07/2025 17:53,phone_transcript,Sanjay Lee,Auckland,Prepay 1GB,Sarah M.,1,"No signal in South, Auckland since 7am this morning. Is there a tower issue?"
TKT-2025-01919,22/07/2025 18:19,social_facebook,Xiao Roberts,Auckland,Essential 3GB,Raj P.,4,"No signal in CBD, Auckland since 9am this morning. Is there a tower issue?"
TKT-2025-01920,22/07/2025 19:13,app_support,Mia Tane,Auckland,Youth 15GB,Ngaio W.,2,"No signal in West, Auckland since early this morning this morning. Is there a tower issue?"
TKT-2025-01921,22/07/2025 19:14,app_support,Raj Tane,Christchurch,Business 30GB,James T.,4,I currently have no mobile service in Christchurch. Is there a known outage in my area?
TKT-2025-01922,22/07/2025 19:16,social_twitter,Henry Nguyen,Tauranga,Business Unlimited,Raj P.,5,"No signal in CBD, Tauranga since 9am this morning. Is there a tower issue?"
TKT-2025-01923,22/07/2025 20:36,email,Tane Martin,Auckland,Prepay 1GB,Sarah M.,5,"No signal in Central, Auckland since 6am this morning. Is there a tower issue?"
TKT-2025-01924,22/07/2025 21:09,phone_transcript,Tane Khan,Auckland,Senior Easy Plan,Auto-response,1,"No signal in Valley, Auckland since 9am this morning. Is there a tower issue?"
TKT-2025-01925,22/07/2025 22:43,app_support,Jin Walker,Auckland,Pro Unlimited,Ngaio W.,2,Our entire street has lost mobile coverage. This seems like more than just my account.
TKT-2025-01926,22/07/2025 23:13,email,Thomas Xu,Whangarei,Business Unlimited,Raj P.,,"No signal in South, Whangarei since 7am this morning. Is there a tower issue?"
TKT-2025-01927,23/07/2025 01:07,email,Aroha Harris,Napier,Unlimited Max,Aroha N.,,I've received a new phone but I'm having trouble transferring my number to the eSIM.
TKT-2025-01928,23/07/2025 07:00,social_twitter,Emma Li,Napier,Business Unlimited,Ngaio W.,4,My data and calls have been down for 12 hours. I rely on this for work and it's causing major disruption.
TKT-2025-01929,23/07/2025 07:56,web_form,Emma Miller,Tauranga,Unlimited Max,Tom F.,2,I want to remove the insurance add-on from my plan. I've been paying for it for 2 years without using it.
TKT-2025-01930,23/07/2025 08:03,live_chat,Sophie Singh,Auckland,Business 30GB,Connor B.,4,My voicemail isn't recording messages. Callers say they hear the greeting but nothing is saved.
TKT-2025-01931,23/07/2025 09:42,social_facebook,Mia Brown,Wellington,Essential 3GB,Jake S.,,My bill this month is $45 but I've been on the Essential 3GB for 17 months and it's always been $29. Something looks off.
TKT-2025-01932,23/07/2025 10:50,app_support,Sanjay Brown,Tauranga,Family Share 60GB,,,My bill this month is $75 but I've been on the Family Share 60GB for 14 months and it's always been $29. Something looks off.
TKT-2025-01933,23/07/2025 11:37,phone_transcript,Fatima Thompson,Auckland,Business Unlimited,James T.,3,I need mobile data for remote work and the outage has cost me an entire day of productivity.
TKT-2025-01934,23/07/2025 11:52,web_form,Mere Wright,Wellington,Senior Easy Plan,James T.,4,Several of my colleagues in Wellington are all experiencing the same network outage. Please advise.
TKT-2025-01935,23/07/2025 12:02,live_chat,Ravi Wang,Wellington,Essential 3GB,Mei W.,4,Data works on 4G but switches off entirely when I move to a 5G area.
TKT-2025-01936,23/07/2025 12:24,app_support,Charlie Harris,Auckland,Family Share 60GB,Auto-response,4,I currently have no mobile service in Auckland. Is there a known outage in my area?
TKT-2025-01937,23/07/2025 14:41,social_twitter,Mia Singh,Rotorua,SmartPlan 20GB,Auto-response,,I work from home and rely entirely on mobile data. The ongoing outage is affecting my ability to work.
TKT-2025-01938,23/07/2025 15:35,chatbot,Aroha Davies,Palmerston North,Pro Unlimited,Raj P.,2,"No signal in West, Palmerston North since 7am this morning. Is there a tower issue?"
TKT-2025-01939,23/07/2025 16:30,email,Mia Thompson,Auckland,Unlimited Max,Sarah M.,3,"No signal in North, Auckland since 8am this morning. Is there a tower issue?"
TKT-2025-01940,23/07/2025 21:30,email,Anika Anderson,Dunedin,Business 30GB,Jake S.,3,My bill this month is $89 but I've been on the Business 30GB for 11 months and it's always been $59. Something looks off.
TKT-2025-01941,24/07/2025 07:06,web_form,Oliver Heke,Gisborne,Pro Unlimited,,,"I'm consistently getting poor signal in my new apartment in Central, Gisborne."
TKT-2025-01942,24/07/2025 08:00,social_facebook,Rangi Martinez,Auckland,Family Share 60GB,David L.,5,I'd like to add a data top-up to my Family Share 60GB. How long does it last?
TKT-2025-01943,24/07/2025 10:18,web_form,Dev Tuimavave,Rotorua,Business 30GB,Sarah M.,,What is the difference between Business 30GB and Family Share 60GB? I'm considering switching.
TKT-2025-01944,24/07/2025 12:54,email,Hemi Ali,Tauranga,Business Unlimited,Ngaio W.,4,I'm experiencing intermittent data dropouts throughout the day in Tauranga. This has been happening for 7 days.
TKT-2025-01945,24/07/2025 13:27,web_form,Thomas Patel,Tauranga,Unlimited Max,Amy S.,,My bill this month is $15 but I've been on the Unlimited Max for 3 months and it's always been $49. Something looks off.
TKT-2025-01946,24/07/2025 14:47,email,George Garcia,Dunedin,Family Share 60GB,Jake S.,3,My bill this month is $20 but I've been on the Family Share 60GB for 4 months and it's always been $89. Something looks off.
TKT-2025-01947,24/07/2025 15:20,social_facebook,Evelyn Zhang,Christchurch,Family Share 60GB,James T.,4,The agent I spoke to last Friday was very unhelpful and dismissive of my issue.
TKT-2025-01948,24/07/2025 16:02,web_form,Grace Evans,Whanganui,Family Share 60GB,Priya K.,5,My bill this month is $120 but I've been on the Family Share 60GB for 10 months and it's always been $79. Something looks off.
TKT-2025-01949,24/07/2025 18:26,web_form,Grace Mitchell,New Plymouth,Business Unlimited,,,I'm moving to Invercargill next month and would like to check coverage maps before deciding whether to stay with you.
TKT-2025-01950,24/07/2025 21:43,chatbot,Fatima Tane,Wellington,Business Unlimited,Fatima R.,3,What is the difference between Business Unlimited and Youth 15GB? I'm considering switching.
TKT-2025-01951,25/07/2025 07:42,live_chat,Noah Ali,Nelson,Senior Easy Plan,Connor B.,3,International roaming isn't working in Australia even though I have the roaming add-on active.
TKT-2025-01952,25/07/2025 08:36,social_facebook,Ravi Nguyen,Wellington,Essential 3GB,Ben H.,2,Mobile data works but I can't make voice calls. I've tried restarting my phone multiple times.
TKT-2025-01953,25/07/2025 09:38,app_support,Luisa Tuimavave,Hamilton,Unlimited Max,Priya K.,,My bill this month is $30 but I've been on the Unlimited Max for 6 months and it's always been $49. Something looks off.
TKT-2025-01954,25/07/2025 10:14,email,Jack Thomas,New Plymouth,Prepay 1GB,Ngaio W.,,My bill this month is $145 but I've been on the Prepay 1GB for 14 months and it's always been $79. Something looks off.
TKT-2025-01955,25/07/2025 11:04,social_twitter,Ravi Thompson,Wellington,Pro Unlimited,Aroha N.,,Can you explain the 'network access charge' of $75 on my latest invoice? I don't know what this is.
TKT-2025-01956,25/07/2025 11:14,email,Pita Roberts,Auckland,Prepay 1GB,Amy S.,5,My bill this month is $210 but I've been on the Prepay 1GB for 5 months and it's always been $39. Something looks off.
TKT-2025-01957,25/07/2025 13:02,phone_transcript,Evelyn Evans,Wellington,Youth 15GB,Connor B.,,My Wi-Fi calling has stopped working and I need technical support.
TKT-2025-01958,25/07/2025 13:20,chatbot,Dev Jones,Tauranga,Family Share 60GB,Sarah M.,1,What is the difference between Family Share 60GB and SmartPlan 20GB? I'm considering switching.
TKT-2025-01959,25/07/2025 14:43,phone_transcript,Jack Wang,Christchurch,Prepay 1GB,Auto-response,4,I'd like to add a second SIM to my account for a tablet.
TKT-2025-01960,25/07/2025 15:36,email,Oliver Anderson,Auckland,Unlimited Max,Amy S.,5,Calls to landlines are cutting out after exactly 30 minutes every time.
TKT-2025-01961,25/07/2025 16:14,chatbot,Thomas Taufa,Christchurch,Family Share 60GB,Sarah M.,4,"Dear Support Team,

I am the account holder for business number ending in 3208. I would like to request a full audit of charges for the past 6 months as part of a financial review.

Kind regards,
Thomas Taufa"
TKT-2025-01962,25/07/2025 16:44,email,William Davies,Wellington,Essential 3GB,Raj P.,2,My bill this month is $45 but I've been on the Essential 3GB for 9 months and it's always been $59. Something looks off.
TKT-2025-01963,25/07/2025 16:49,live_chat,Mia Thompson,Rotorua,Pro Unlimited,David L.,4,My account shows I'm using Pro Unlimited but I upgraded to Business Unlimited last month.
TKT-2025-01964,25/07/2025 18:39,live_chat,Emma Khalil,Wellington,Family Share 60GB,Ngaio W.,,"I'm consistently getting poor signal in my new apartment in Valley, Wellington."
TKT-2025-01965,25/07/2025 18:46,phone_transcript,George Thompson,Auckland,SmartPlan 20GB,,4,My phone shows full signal but calls keep dropping mid-conversation.
TKT-2025-01966,25/07/2025 19:05,web_form,Charlie Williams,Auckland,Youth 15GB,Fatima R.,4,My account shows I'm using Youth 15GB but I upgraded to Business 30GB last month.
TKT-2025-01967,25/07/2025 20:37,email,Dev Nguyen,Tauranga,Business Unlimited,Tom F.,3,"I'm consistently getting poor signal in my new apartment in Heights, Tauranga."
TKT-2025-01968,26/07/2025 12:36,email,Olivia Singh,Napier,Unlimited Max,Tom F.,4,My bill this month is $30 but I've been on the Unlimited Max for 12 months and it's always been $49. Something looks off.
TKT-2025-01969,26/07/2025 15:20,social_facebook,Mia Faleolo,Wellington,Prepay 1GB,,,I'd like to add a data top-up to my Prepay 1GB. How long does it last?
TKT-2025-01970,26/07/2025 17:11,web_form,Grace Tane,Wellington,Prepay 1GB,Lisa C.,4,"Dear Support Team,

I am the account holder for business number ending in 5674. I would like to request a full audit of charges for the past 6 months as part of a financial review.

Kind regards,
Grace Tane"
TKT-2025-01971,27/07/2025 09:35,chatbot,James Thompson,Whangarei,Pro Unlimited,David L.,,I switched from Pro Unlimited to Unlimited Max mid-month and I think my pro-rata billing is wrong.
TKT-2025-01972,27/07/2025 17:45,web_form,Dev Jones,Christchurch,SmartPlan 20GB,Raj P.,,I would like to add my partner to my account as an authorised person.
TKT-2025-01973,27/07/2025 21:03,social_facebook,Hemi Anderson,Dunedin,SmartPlan 20GB,James T.,3,I need to update the credit card on my account as my old card has expired.
TKT-2025-01974,27/07/2025 21:53,phone_transcript,Mei Williams,Auckland,Youth 15GB,Ben H.,4,Calls to landlines are cutting out after exactly 30 minutes every time.
TKT-2025-01975,28/07/2025 07:01,phone_transcript,Tane Jones,Dunedin,Family Share 60GB,Ben H.,3,My bill this month is $20 but I've been on the Family Share 60GB for 15 months and it's always been $99. Something looks off.
TKT-2025-01976,28/07/2025 08:30,web_form,Raj Khalil,Auckland,Essential 3GB,,5,I'm travelling to Whangarei next week and wanted to flag that I've had poor coverage there previously.
TKT-2025-01977,28/07/2025 10:39,chatbot,Faleolo Thompson,Auckland,Unlimited Max,Mei W.,,My bill this month is $45 but I've been on the Unlimited Max for 10 months and it's always been $79. Something looks off.
TKT-2025-01978,28/07/2025 11:19,web_form,Hemi Evans,Auckland,Essential 3GB,Aroha N.,,My bill this month is $20 but I've been on the Essential 3GB for 14 months and it's always been $99. Something looks off.
TKT-2025-01979,28/07/2025 11:26,email,Mere Wang,Christchurch,SmartPlan 20GB,James T.,5,There's a $30 reconnection fee on my bill but I never requested a disconnection.
TKT-2025-01980,28/07/2025 13:24,web_form,Charlotte Jones,Christchurch,SmartPlan 20GB,Ngaio W.,4,There's an unexpected roaming charge of $145 on my account for August. I did not travel internationally.
TKT-2025-01981,28/07/2025 15:38,chatbot,Tane Tane,Napier,Prepay 1GB,Auto-response,3,My bill this month is $60 but I've been on the Prepay 1GB for 5 months and it's always been $49. Something looks off.
TKT-2025-01982,28/07/2025 16:41,chatbot,Ava Martinez,Nelson,Youth 15GB,Ben H.,,My bill this month is $15 but I've been on the Youth 15GB for 3 months and it's always been $49. Something looks off.
TKT-2025-01983,28/07/2025 16:47,live_chat,George Nguyen,Dunedin,Prepay 1GB,Ben H.,1,My bill this month is $30 but I've been on the Prepay 1GB for 6 months and it's always been $79. Something looks off.
TKT-2025-01984,28/07/2025 19:22,web_form,Ethan Garcia,Auckland,Prepay 1GB,,4,There's an unexpected roaming charge of $145 on my account for March. I did not travel internationally.
TKT-2025-01985,28/07/2025 20:03,email,James Taylor,Wellington,SmartPlan 20GB,Priya K.,4,There's an unexpected roaming charge of $45 on my account for February. I did not travel internationally.
TKT-2025-01986,28/07/2025 21:26,social_twitter,Aroha Tane,Christchurch,Business 30GB,Jake S.,,My bill this month is $210 but I've been on the Business 30GB for 5 months and it's always been $39. Something looks off.
TKT-2025-01987,29/07/2025 08:12,social_twitter,Mere Smith,Whanganui,Family Share 60GB,Jake S.,,My bill this month is $145 but I've been on the Family Share 60GB for 9 months and it's always been $89. Something looks off.
TKT-2025-01988,29/07/2025 09:29,social_facebook,Rangi Martinez,Hamilton,Essential 3GB,Fatima R.,3,My bill this month is $126 but I've been on the Essential 3GB for 9 months and it's always been $89. Something looks off.
TKT-2025-01989,29/07/2025 09:45,web_form,Charlotte Zhang,Christchurch,Business 30GB,Ben H.,5,My bill this month is $15 but I've been on the Business 30GB for 13 months and it's always been $29. Something looks off.
TKT-2025-01990,29/07/2025 10:16,chatbot,Hassan Harris,Auckland,Prepay 1GB,,4,I found my phone after reporting it lost. Can you reactivate my service?
TKT-2025-01991,29/07/2025 10:31,phone_transcript,Oliver Taylor,Dunedin,Youth 15GB,Amy S.,4,My bill this month is $45 but I've been on the Youth 15GB for 9 months and it's always been $99. Something looks off.
TKT-2025-01992,29/07/2025 10:50,web_form,Grace Thomas,Tauranga,Business Unlimited,Fatima R.,,There's an unexpected roaming charge of $120 on my account for March. I did not travel internationally.
TKT-2025-01993,29/07/2025 13:20,app_support,Hemi Taylor,Auckland,Prepay 1GB,,4,My account shows I'm using Prepay 1GB but I upgraded to Senior Easy Plan last month.
TKT-2025-01994,29/07/2025 15:17,phone_transcript,Harper Xu,Napier,SmartPlan 20GB,Tom F.,3,Can I get a SIM card for my elderly mother? She needs something very simple.
TKT-2025-01995,29/07/2025 15:28,web_form,Xiao Singh,Auckland,Business 30GB,Connor B.,4,My bill this month is $89 but I've been on the Business 30GB for 17 months and it's always been $89. Something looks off.
TKT-2025-01996,29/07/2025 15:59,live_chat,Fatima Miller,Blenheim,Prepay 1GB,Ngaio W.,5,There's an unexpected roaming charge of $75 on my account for September. I did not travel internationally.
TKT-2025-01997,29/07/2025 16:18,web_form,Charlotte Heke,Auckland,Prepay 1GB,Ngaio W.,5,My bill this month is $30 but I've been on the Prepay 1GB for 4 months and it's always been $89. Something looks off.
TKT-2025-01998,29/07/2025 16:26,chatbot,Pita Ngata,Christchurch,Youth 15GB,Jake S.,4,What is the difference between Youth 15GB and Prepay 1GB? I'm considering switching.
TKT-2025-01999,29/07/2025 18:09,email,Raj Davies,Tauranga,Business Unlimited,Ben H.,,My bill this month is $45 but I've been on the Business Unlimited for 11 months and it's always been $99. Something looks off.
TKT-2025-02000,29/07/2025 20:07,web_form,Amelia Liu,Wellington,Senior Easy Plan,,,I found my phone after reporting it lost. Can you reactivate my service?
TKT-2025-02001,29/07/2025 22:03,email,Chloe Faleolo,Palmerston North,Senior Easy Plan,David L.,,I've been charged for an international calling plan that I never added to my account.
TKT-2025-02002,29/07/2025 22:56,phone_transcript,Mia Evans,Whangarei,Senior Easy Plan,Ben H.,,My bill this month is $99 but I've been on the Senior Easy Plan for 13 months and it's always been $79. Something looks off.
TKT-2025-02003,30/07/2025 07:02,email,William Harris,Whanganui,Senior Easy Plan,Lisa C.,4,What is the difference between Senior Easy Plan and Family Share 60GB? I'm considering switching.
TKT-2025-02004,30/07/2025 10:15,email,Oliver Taylor,Auckland,Business Unlimited,Sarah M.,4,My bill this month is $210 but I've been on the Business Unlimited for 13 months and it's always been $59. Something looks off.
TKT-2025-02005,30/07/2025 10:32,email,Mia Xu,New Plymouth,Prepay 1GB,Ngaio W.,4,My bill this month is $45 but I've been on the Prepay 1GB for 18 months and it's always been $59. Something looks off.
TKT-2025-02006,30/07/2025 10:48,email,Hassan Martin,Tauranga,Prepay 1GB,David L.,1,I've been a customer for 9 years and the service quality has dropped significantly.
TKT-2025-02007,30/07/2025 11:17,web_form,Aroha Kumar,New Plymouth,Essential 3GB,Aroha N.,1,My bill this month is $30 but I've been on the Essential 3GB for 9 months and it's always been $99. Something looks off.
TKT-2025-02008,30/07/2025 13:08,chatbot,Hemi Brown,Auckland,Pro Unlimited,Fatima R.,4,My bill this month is $60 but I've been on the Pro Unlimited for 12 months and it's always been $59. Something looks off.
TKT-2025-02009,30/07/2025 14:29,web_form,Daniel Evans,Auckland,Business Unlimited,Jake S.,4,My bill this month is $99 but I've been on the Business Unlimited for 12 months and it's always been $49. Something looks off.
TKT-2025-02010,30/07/2025 14:56,web_form,Thomas Patel,Wellington,Family Share 60GB,James T.,1,My bill this month is $20 but I've been on the Family Share 60GB for 17 months and it's always been $49. Something looks off.
TKT-2025-02011,30/07/2025 15:02,email,Raj Evans,Christchurch,Family Share 60GB,Amy S.,,My bill this month is $89 but I've been on the Family Share 60GB for 7 months and it's always been $39. Something looks off.
TKT-2025-02012,30/07/2025 15:17,phone_transcript,Grace Faleolo,Wellington,Business 30GB,Raj P.,4,My bill this month is $45 but I've been on the Business 30GB for 6 months and it's always been $39. Something looks off.
TKT-2025-02013,30/07/2025 15:55,web_form,Ravi Miller,Hamilton,Unlimited Max,,3,I cancelled my insurance add-on last last month but I'm still being billed $189 for it.
TKT-2025-02014,30/07/2025 17:20,web_form,Tane Davies,Invercargill,Youth 15GB,Jake S.,3,I need a SIM card replacement for a trip abroad. My current one is too large for my new phone.
TKT-2025-02015,30/07/2025 17:44,email,Aroha Thompson,Wellington,Business Unlimited,Ngaio W.,,My bill this month is $30 but I've been on the Business Unlimited for 17 months and it's always been $49. Something looks off.
TKT-2025-02016,31/07/2025 04:43,social_facebook,Liam Anderson,Wellington,Essential 3GB,Lisa C.,3,My bill this month is $30 but I've been on the Essential 3GB for 12 months and it's always been $79. Something looks off.
TKT-2025-02017,31/07/2025 08:04,phone_transcript,Luisa Martinez,Auckland,Family Share 60GB,,,My bill this month is $99 but I've been on the Family Share 60GB for 14 months and it's always been $89. Something looks off.
TKT-2025-02018,31/07/2025 08:16,web_form,Pita Wright,Auckland,Essential 3GB,Sarah M.,3,There's an unexpected roaming charge of $60 on my account for June. I did not travel internationally.
TKT-2025-02019,31/07/2025 09:01,social_facebook,Raj Johnson,Timaru,Prepay 1GB,David L.,3,I was offered a promotional rate when I renewed but my current bill is full price.
TKT-2025-02020,31/07/2025 09:39,chatbot,Ethan Williams,Palmerston North,Business 30GB,Mei W.,3,My bill this month is $75 but I've been on the Business 30GB for 11 months and it's always been $39. Something looks off.
TKT-2025-02021,31/07/2025 10:11,web_form,William Harris,Napier,Youth 15GB,Auto-response,5,My bill this month is $99 but I've been on the Youth 15GB for 16 months and it's always been $89. Something looks off.
TKT-2025-02022,31/07/2025 10:28,social_facebook,Grace Wang,Blenheim,Family Share 60GB,Auto-response,4,I was told I could upgrade mid-contract without fees but now I'm being quoted a break fee.
TKT-2025-02023,31/07/2025 11:18,social_facebook,Jack Khalil,Rotorua,Business Unlimited,,3,I need to update my direct debit bank account details.
TKT-2025-02024,31/07/2025 12:21,live_chat,Grace Tuimavave,Hamilton,Prepay 1GB,James T.,2,I'd like to add a data top-up to my Prepay 1GB. How long does it last?
TKT-2025-02025,31/07/2025 14:34,web_form,Sanjay Evans,Auckland,Business 30GB,Ngaio W.,2,My bill this month is $189 but I've been on the Business 30GB for 10 months and it's always been $99. Something looks off.
TKT-2025-02026,31/07/2025 15:56,phone_transcript,Grace Lee,Auckland,Pro Unlimited,Tom F.,,I'm unable to send MMS messages to other networks. Regular SMS works fine.
TKT-2025-02027,31/07/2025 16:17,web_form,Sophia Wilson,Auckland,Essential 3GB,Ben H.,3,I've been charged for an international calling plan that I never added to my account.
TKT-2025-02028,31/07/2025 17:36,chatbot,Mere Tuimavave,Christchurch,Family Share 60GB,Fatima R.,4,I've called three times about the same billing issue and it still hasn't been resolved. This is unacceptable.
TKT-2025-02029,31/07/2025 19:34,chatbot,Xiao Tuimavave,Rotorua,Business 30GB,Jake S.,3,My bill this month is $210 but I've been on the Business 30GB for 12 months and it's always been $59. Something looks off.
TKT-2025-02030,01/08/2025 07:59,web_form,Evelyn Taylor,Palmerston North,SmartPlan 20GB,Tom F.,,I cancelled my roaming add-on last last week but I'm still being billed $75 for it.
TKT-2025-02031,01/08/2025 08:41,email,Charlie Lee,Auckland,Senior Easy Plan,Auto-response,4,My bill this month is $145 but I've been on the Senior Easy Plan for 8 months and it's always been $39. Something looks off.
TKT-2025-02032,01/08/2025 08:46,chatbot,Dev Walker,Auckland,Unlimited Max,Fatima R.,1,I've been charged $15 and I don't recognise this charge. Could a billing specialist please review my account?
TKT-2025-02033,01/08/2025 08:48,email,Mei Smith,Dunedin,Unlimited Max,Raj P.,3,Can you explain the 'network access charge' of $30 on my latest invoice? I don't know what this is.
TKT-2025-02034,01/08/2025 09:52,live_chat,Daniel Xu,Hamilton,Business 30GB,Amy S.,4,There's an unexpected roaming charge of $20 on my account for September. I did not travel internationally.
TKT-2025-02035,01/08/2025 10:00,phone_transcript,Pita Mitchell,Nelson,Youth 15GB,Tom F.,4,I need to update the credit card on my account as my old card has expired.
TKT-2025-02036,01/08/2025 10:10,app_support,Pita Taufa,Wellington,Pro Unlimited,Tom F.,5,My bill this month is $15 but I've been on the Pro Unlimited for 3 months and it's always been $79. Something looks off.
TKT-2025-02037,01/08/2025 10:12,chatbot,George Thompson,Christchurch,Pro Unlimited,,2,I was promised a discount when I signed up but my bill doesn't reflect it. I'm being charged $15 instead of $49.
TKT-2025-02038,01/08/2025 10:22,email,Sanjay Thompson,Auckland,Essential 3GB,David L.,5,I've called three times about the same billing issue and it still hasn't been resolved. This is unacceptable.
TKT-2025-02039,01/08/2025 10:48,phone_transcript,Fatima Liu,Tauranga,Essential 3GB,,,I want to pause my plan for 3 months while I'm overseas. Is that possible?
TKT-2025-02040,01/08/2025 10:57,live_chat,Sione Kumar,Napier,Pro Unlimited,,5,My account shows I'm using Pro Unlimited but I upgraded to SmartPlan 20GB last month.
TKT-2025-02041,01/08/2025 13:06,live_chat,Dev Wang,Auckland,Pro Unlimited,Aroha N.,4,My bill this month is $189 but I've been on the Pro Unlimited for 16 months and it's always been $29. Something looks off.
TKT-2025-02042,01/08/2025 13:17,chatbot,Aroha Smith,Palmerston North,Unlimited Max,Raj P.,3,My bill this month is $99 but I've been on the Unlimited Max for 3 months and it's always been $49. Something looks off.
TKT-2025-02043,01/08/2025 13:44,web_form,Rangi Williams,Dunedin,Pro Unlimited,Connor B.,,"I'm consistently getting poor signal in my new apartment in CBD, Dunedin."
TKT-2025-02044,01/08/2025 13:52,web_form,Aroha Khalil,Auckland,Essential 3GB,Priya K.,,My bill this month is $20 but I've been on the Essential 3GB for 3 months and it's always been $99. Something looks off.
TKT-2025-02045,01/08/2025 13:59,chatbot,Isabella Garcia,Wellington,Essential 3GB,Auto-response,,My account email address has changed and I can't receive verification codes anymore.
TKT-2025-02046,01/08/2025 16:03,social_twitter,Noah Thomas,Christchurch,SmartPlan 20GB,Ngaio W.,,My phone shows full signal but calls keep dropping mid-conversation.
TKT-2025-02047,01/08/2025 16:25,phone_transcript,Harper Roberts,Auckland,SmartPlan 20GB,Auto-response,3,My bill this month is $189 but I've been on the SmartPlan 20GB for 13 months and it's always been $99. Something looks off.
TKT-2025-02048,01/08/2025 17:31,phone_transcript,Xiao Liu,Dunedin,Unlimited Max,Amy S.,3,I cancelled my data boost add-on last last month but I'm still being billed $20 for it.
TKT-2025-02049,01/08/2025 19:14,email,Evelyn Roberts,Rotorua,SmartPlan 20GB,Tom F.,3,My bill this month is $126 but I've been on the SmartPlan 20GB for 11 months and it's always been $99. Something looks off.
TKT-2025-02050,02/08/2025 02:57,chatbot,Raj Heke,Hamilton,SmartPlan 20GB,,3,I bought a new phone and I want to check it's compatible with your network.
TKT-2025-02051,02/08/2025 12:30,chatbot,Xiao Khan,Hamilton,Business Unlimited,Mei W.,3,I'm unable to send MMS messages to other networks. Regular SMS works fine.
TKT-2025-02052,02/08/2025 14:47,email,Sophie Patel,Hamilton,Business 30GB,Auto-response,1,My bill this month is $45 but I've been on the Business 30GB for 2 months and it's always been $49. Something looks off.
TKT-2025-02053,02/08/2025 15:23,phone_transcript,Jack Wilson,Napier,Unlimited Max,Raj P.,3,My bill this month is $120 but I've been on the Unlimited Max for 10 months and it's always been $89. Something looks off.
TKT-2025-02054,03/08/2025 09:45,chatbot,Oliver Wright,Rotorua,Senior Easy Plan,Amy S.,,I need a copy of my last 6 months of bills for a visa application.
TKT-2025-02055,03/08/2025 14:07,chatbot,Mia Taylor,Wellington,SmartPlan 20GB,Ngaio W.,,My bill this month is $145 but I've been on the SmartPlan 20GB for 11 months and it's always been $89. Something looks off.
TKT-2025-02056,03/08/2025 15:37,phone_transcript,Evelyn Johnson,Auckland,Family Share 60GB,David L.,,I would like to add my partner to my account as an authorised person.
TKT-2025-02057,03/08/2025 17:58,phone_transcript,Faleolo Taylor,Auckland,Family Share 60GB,Aroha N.,3,I've been charged $126 and I don't recognise this charge. Could a billing specialist please review my account?
TKT-2025-02058,03/08/2025 18:26,social_twitter,Sophia Evans,Hamilton,SmartPlan 20GB,Ben H.,5,There's an unexpected roaming charge of $126 on my account for September. I did not travel internationally.
TKT-2025-02059,03/08/2025 20:15,phone_transcript,Jin Taufa,Palmerston North,Senior Easy Plan,Auto-response,3,There's an unexpected roaming charge of $189 on my account for June. I did not travel internationally.
TKT-2025-02060,04/08/2025 07:49,app_support,Liam Thompson,Auckland,Business Unlimited,Tom F.,2,I want to make a formal complaint about the wait times on your phone line. I waited 50 minutes today.
TKT-2025-02061,04/08/2025 08:29,live_chat,Jin Kumar,Invercargill,Senior Easy Plan,,4,I want to make a formal complaint about the wait times on your phone line. I waited 90 minutes today.
TKT-2025-02062,04/08/2025 13:23,phone_transcript,William Wilson,Whangarei,Unlimited Max,,,My account shows I'm using Unlimited Max but I upgraded to Business Unlimited last month.
TKT-2025-02063,04/08/2025 15:32,email,Dev Hassan,Auckland,Youth 15GB,Amy S.,2,My bill this month is $120 but I've been on the Youth 15GB for 4 months and it's always been $59. Something looks off.
TKT-2025-02064,04/08/2025 15:52,social_facebook,Oliver Heke,Auckland,Youth 15GB,Aroha N.,,I cancelled my roaming add-on last last week but I'm still being billed $99 for it.
TKT-2025-02065,04/08/2025 19:31,social_facebook,Faleolo Wilson,Auckland,Unlimited Max,James T.,4,I cancelled my roaming add-on last last month but I'm still being billed $99 for it.
TKT-2025-02066,05/08/2025 07:24,phone_transcript,Priya Kumar,Nelson,Senior Easy Plan,Auto-response,,There's an unexpected roaming charge of $15 on my account for June. I did not travel internationally.
TKT-2025-02067,05/08/2025 09:28,web_form,Sanjay Patel,Auckland,Senior Easy Plan,Fatima R.,,My bill this month is $75 but I've been on the Senior Easy Plan for 12 months and it's always been $79. Something looks off.
TKT-2025-02068,05/08/2025 10:54,phone_transcript,Isabella Ngata,Palmerston North,Prepay 1GB,Auto-response,3,My bill this month is $45 but I've been on the Prepay 1GB for 16 months and it's always been $59. Something looks off.
TKT-2025-02069,05/08/2025 11:07,web_form,Mei Zhang,Auckland,Youth 15GB,Priya K.,3,I was told I could upgrade mid-contract without fees but now I'm being quoted a break fee.
TKT-2025-02070,05/08/2025 11:24,web_form,Chloe Nguyen,Rotorua,Senior Easy Plan,Fatima R.,,I'd like to add a second SIM to my account for a tablet.
TKT-2025-02071,05/08/2025 13:32,social_facebook,Sione Johnson,Dunedin,Youth 15GB,Aroha N.,4,My bill this month is $45 but I've been on the Youth 15GB for 12 months and it's always been $49. Something looks off.
TKT-2025-02072,05/08/2025 17:49,chatbot,Sanjay Thompson,Dunedin,Prepay 1GB,Aroha N.,2,I need to transfer ownership of this account to my business.
TKT-2025-02073,06/08/2025 00:51,email,Olivia Martin,Auckland,Business 30GB,Priya K.,,I've forgotten my account PIN and I need to verify my identity to make changes.
TKT-2025-02074,06/08/2025 00:54,chatbot,Rangi Martinez,Wellington,Business Unlimited,Mei W.,4,My bill this month is $126 but I've been on the Business Unlimited for 16 months and it's always been $39. Something looks off.
TKT-2025-02075,06/08/2025 07:45,chatbot,Isabella Williams,Dunedin,Prepay 1GB,James T.,2,My eSIM profile disappeared after a factory reset. How do I restore it?
TKT-2025-02076,06/08/2025 11:19,live_chat,George Martinez,Auckland,Prepay 1GB,Priya K.,4,My student discount isn't being applied to my current bill. I submitted my student ID last month.
TKT-2025-02077,06/08/2025 20:58,web_form,Anika Patel,Christchurch,Family Share 60GB,,4,Data works on 4G but switches off entirely when I move to a 5G area.
TKT-2025-02078,06/08/2025 21:13,web_form,Fatima Liu,Napier,Senior Easy Plan,David L.,4,My bill this month is $75 but I've been on the Senior Easy Plan for 15 months and it's always been $79. Something looks off.
TKT-2025-02079,07/08/2025 08:45,email,Sanjay Martin,Auckland,Senior Easy Plan,,1,My SIM card is damaged and I need a replacement sent to my address.
TKT-2025-02080,07/08/2025 10:32,email,Noah Thompson,Whangarei,Family Share 60GB,Sarah M.,2,My account email address has changed and I can't receive verification codes anymore.
TKT-2025-02081,07/08/2025 10:44,chatbot,Luisa Taufa,Gisborne,Unlimited Max,Auto-response,,My bill this month is $145 but I've been on the Unlimited Max for 18 months and it's always been $39. Something looks off.
TKT-2025-02082,07/08/2025 11:33,phone_transcript,Chloe Brown,Whangarei,Unlimited Max,,3,I believe I've been double-charged for my Unlimited Max plan this month. Please investigate.
TKT-2025-02083,07/08/2025 12:04,web_form,Hemi Wang,Napier,Senior Easy Plan,Auto-response,,There's a $30 reconnection fee on my bill but I never requested a disconnection.
TKT-2025-02084,07/08/2025 13:15,email,Noah Tane,Nelson,Pro Unlimited,Amy S.,4,"Dear Support Team,

I am the account holder for business number ending in 2923. I would like to request a full audit of charges for the past 6 months as part of a financial review.

Kind regards,
Noah Tane"
TKT-2025-02085,07/08/2025 15:43,phone_transcript,Sophia Brown,Palmerston North,Unlimited Max,Priya K.,2,"I'm consistently getting poor signal in my new apartment in CBD, Palmerston North."
TKT-2025-02086,07/08/2025 16:02,social_twitter,Mei Brown,Palmerston North,Family Share 60GB,Tom F.,,I've forgotten my account PIN and I need to verify my identity to make changes.
TKT-2025-02087,07/08/2025 16:57,chatbot,Sione Smith,Auckland,Youth 15GB,,3,I found my phone after reporting it lost. Can you reactivate my service?
TKT-2025-02088,08/08/2025 08:45,email,Ava Hassan,Auckland,Senior Easy Plan,Ben H.,4,My bill this month is $99 but I've been on the Senior Easy Plan for 4 months and it's always been $39. Something looks off.
TKT-2025-02089,08/08/2025 09:02,web_form,Ava Evans,Christchurch,Youth 15GB,Sarah M.,3,My bill this month is $120 but I've been on the Youth 15GB for 13 months and it's always been $39. Something looks off.
TKT-2025-02090,08/08/2025 09:04,web_form,Sanjay Wright,Palmerston North,Senior Easy Plan,Jake S.,4,I'd like to add a data top-up to my Senior Easy Plan. How long does it last?
TKT-2025-02091,08/08/2025 11:37,chatbot,Anika Singh,Timaru,Business Unlimited,Lisa C.,,My account is locked after too many failed login attempts.
TKT-2025-02092,08/08/2025 11:42,live_chat,Daniel Taylor,Auckland,Senior Easy Plan,Ngaio W.,,My account email address has changed and I can't receive verification codes anymore.
TKT-2025-02093,08/08/2025 12:30,web_form,Charlie Li,Auckland,SmartPlan 20GB,Amy S.,3,I'm interested in switching my family of 4 to a shared plan. What are my options?
TKT-2025-02094,08/08/2025 14:25,email,Emma Thomas,Auckland,Senior Easy Plan,Jake S.,5,I need to update my direct debit bank account details.
TKT-2025-02095,08/08/2025 15:01,web_form,Luisa Williams,New Plymouth,SmartPlan 20GB,David L.,4,I need to transfer ownership of this account to my business.
TKT-2025-02096,08/08/2025 16:01,live_chat,Rangi Smith,Auckland,SmartPlan 20GB,Aroha N.,,There's an unexpected roaming charge of $45 on my account for June. I did not travel internationally.
TKT-2025-02097,08/08/2025 17:03,email,Mia Hassan,Napier,Family Share 60GB,Aroha N.,5,My bill this month is $99 but I've been on the Family Share 60GB for 8 months and it's always been $39. Something looks off.
TKT-2025-02098,08/08/2025 19:17,email,Thomas Thompson,Whangarei,Business Unlimited,Lisa C.,4,What is the difference between Business Unlimited and SmartPlan 20GB? I'm considering switching.
TKT-2025-02099,08/08/2025 20:15,social_facebook,Ravi Taylor,Auckland,Senior Easy Plan,Aroha N.,4,I want to switch to a business plan but I'm not sure which tier suits my usage.
TKT-2025-02100,09/08/2025 09:18,email,Ethan Liu,Auckland,Prepay 1GB,Tom F.,4,My bill this month is $126 but I've been on the Prepay 1GB for 4 months and it's always been $59. Something looks off.
TKT-2025-02101,09/08/2025 11:30,chatbot,Ravi Lee,Auckland,Family Share 60GB,Sarah M.,4,I've called three times about the same billing issue and it still hasn't been resolved. This is unacceptable.
TKT-2025-02102,09/08/2025 12:07,phone_transcript,Charlie Nguyen,Dunedin,Business 30GB,Sarah M.,3,I need to update my direct debit bank account details.
TKT-2025-02103,10/08/2025 08:04,phone_transcript,Hassan Thompson,Wellington,Family Share 60GB,,4,I was promised a callback within 24 hours and I'm still waiting after 8 days.
TKT-2025-02104,10/08/2025 08:14,web_form,Sophia Smith,New Plymouth,Business Unlimited,Priya K.,3,My bill this month is $126 but I've been on the Business Unlimited for 4 months and it's always been $59. Something looks off.
TKT-2025-02105,10/08/2025 11:01,email,Harper Kumar,Dunedin,Business Unlimited,Amy S.,5,I want to downgrade my plan but I'm unsure of my contract obligations.
TKT-2025-02106,10/08/2025 11:30,web_form,Dev Walker,Hamilton,Prepay 1GB,Mei W.,2,What is the difference between Prepay 1GB and Business 30GB? I'm considering switching.
TKT-2025-02107,10/08/2025 14:37,email,Harper Brown,Auckland,Business Unlimited,,4,I've forgotten my account PIN and I need to verify my identity to make changes.
TKT-2025-02108,10/08/2025 15:45,email,Oliver Li,Whangarei,SmartPlan 20GB,,,My data speed has been extremely slow recently - I'm getting under 1Mbps on SmartPlan 20GB.
TKT-2025-02109,10/08/2025 15:53,email,Mei Patel,Hamilton,Family Share 60GB,Ben H.,3,I'm getting 'SIM not provisioned' errors intermittently. My SIM is less than 6 months old.
TKT-2025-02110,10/08/2025 18:13,email,Emma Martinez,Auckland,Unlimited Max,Fatima R.,5,There's an unexpected roaming charge of $210 on my account for September. I did not travel internationally.
TKT-2025-02111,11/08/2025 05:03,web_form,Charlie Tane,Dunedin,Business 30GB,,3,My bill this month is $126 but I've been on the Business 30GB for 12 months and it's always been $99. Something looks off.
TKT-2025-02112,11/08/2025 07:26,social_twitter,Oliver Davies,Auckland,Family Share 60GB,Priya K.,4,My student discount isn't being applied to my current bill. I submitted my student ID last month.
TKT-2025-02113,11/08/2025 12:01,chatbot,Sophia Taylor,Auckland,SmartPlan 20GB,David L.,3,I want to escalate my complaint to a manager. My issue has been ongoing for 4 weeks.
TKT-2025-02114,11/08/2025 17:30,email,Raj Zhang,Palmerston North,Senior Easy Plan,,5,"I'm consistently getting poor signal in my new apartment in Central, Palmerston North."
TKT-2025-02115,11/08/2025 23:56,web_form,Jack Brown,Auckland,Business Unlimited,Raj P.,4,The agent I spoke to last Friday was very unhelpful and dismissive of my issue.
TKT-2025-02116,12/08/2025 07:28,web_form,Isabella Khan,Hamilton,Unlimited Max,Auto-response,3,My number isn't receiving calls from overseas. Domestic calls are fine.
TKT-2025-02117,12/08/2025 08:36,phone_transcript,Sophia Khalil,Auckland,Prepay 1GB,Connor B.,4,I found my phone after reporting it lost. Can you reactivate my service?
TKT-2025-02118,12/08/2025 09:09,chatbot,Aroha Anderson,Auckland,Youth 15GB,Tom F.,,My account is showing as suspended but I haven't missed a payment.
TKT-2025-02119,12/08/2025 10:00,phone_transcript,Ravi Nguyen,Christchurch,Pro Unlimited,Priya K.,,I've called three times about the same billing issue and it still hasn't been resolved. This is unacceptable.
TKT-2025-02120,12/08/2025 11:36,chatbot,Chloe Hassan,Christchurch,SmartPlan 20GB,Ben H.,3,There's an unexpected roaming charge of $75 on my account for October. I did not travel internationally.
TKT-2025-02121,12/08/2025 13:28,app_support,Charlie Harris,Tauranga,Business 30GB,Priya K.,3,"Dear Support Team,

I am the account holder for business number ending in 8617. I would like to request a full audit of charges for the past 6 months as part of a financial review.

Kind regards,
Charlie Harris"
TKT-2025-02122,12/08/2025 13:42,phone_transcript,Ava Jones,Hamilton,Prepay 1GB,Lisa C.,3,What is the difference between Prepay 1GB and Family Share 60GB? I'm considering switching.
TKT-2025-02123,12/08/2025 15:24,phone_transcript,Charlie Mitchell,Hamilton,Family Share 60GB,Auto-response,4,I want to pause my plan for 3 months while I'm overseas. Is that possible?
TKT-2025-02124,12/08/2025 15:44,phone_transcript,Rangi Khan,Nelson,Family Share 60GB,Ben H.,3,What is the difference between Family Share 60GB and SmartPlan 20GB? I'm considering switching.
TKT-2025-02125,12/08/2025 17:53,email,Pita Mitchell,Nelson,Senior Easy Plan,Sarah M.,5,What is the difference between Senior Easy Plan and Essential 3GB? I'm considering switching.
TKT-2025-02126,13/08/2025 06:18,social_facebook,William Jones,Nelson,Business Unlimited,Aroha N.,4,"Dear Support Team,

I am the account holder for business number ending in 1366. I would like to request a full audit of charges for the past 6 months as part of a financial review.

Kind regards,
William Jones"
TKT-2025-02127,13/08/2025 12:06,live_chat,Thomas Brown,Wellington,Business Unlimited,,2,My Wi-Fi calling has stopped working and I need technical support.
TKT-2025-02128,13/08/2025 15:09,social_facebook,William Khalil,Auckland,Business 30GB,Sarah M.,5,My bill this month is $210 but I've been on the Business 30GB for 18 months and it's always been $49. Something looks off.
TKT-2025-02129,13/08/2025 15:21,live_chat,Sione Faleolo,Auckland,Family Share 60GB,Aroha N.,4,My bill this month is $89 but I've been on the Family Share 60GB for 17 months and it's always been $89. Something looks off.
TKT-2025-02130,13/08/2025 16:47,phone_transcript,Charlie Nguyen,Napier,Business Unlimited,Priya K.,,My SIM card is damaged and I need a replacement sent to my address.
TKT-2025-02131,13/08/2025 17:00,email,Luisa Davies,New Plymouth,Youth 15GB,Amy S.,1,My bill this month is $145 but I've been on the Youth 15GB for 9 months and it's always been $39. Something looks off.
TKT-2025-02132,14/08/2025 00:55,chatbot,Emma Martin,Wellington,SmartPlan 20GB,Jake S.,4,I would like to add my partner to my account as an authorised person.
TKT-2025-02133,14/08/2025 08:01,email,Olivia Thompson,Auckland,Senior Easy Plan,David L.,2,My bill this month is $75 but I've been on the Senior Easy Plan for 18 months and it's always been $39. Something looks off.
TKT-2025-02134,14/08/2025 08:40,phone_transcript,Tane Tuimavave,Auckland,SmartPlan 20GB,Connor B.,4,"To Whom It May Concern,

I am writing to formally dispute a charge of $99 applied to my account on 1/2/2025. I have not received adequate explanation despite contacting support twice.

Yours sincerely,
Tane Tuimavave"
TKT-2025-02135,14/08/2025 09:09,chatbot,Mere Taylor,Timaru,Business 30GB,Amy S.,2,"I'm consistently getting poor signal in my new apartment in North, Timaru."
TKT-2025-02136,14/08/2025 11:01,chatbot,Ava Nguyen,Wellington,Essential 3GB,Fatima R.,,My bill this month is $45 but I've been on the Essential 3GB for 14 months and it's always been $99. Something looks off.
TKT-2025-02137,14/08/2025 13:23,app_support,Pita Roberts,Rotorua,SmartPlan 20GB,Lisa C.,5,My account is locked after too many failed login attempts.
TKT-2025-02138,14/08/2025 13:26,social_twitter,Ravi Lee,Hamilton,Business Unlimited,James T.,4,Calls to landlines are cutting out after exactly 30 minutes every time.
TKT-2025-02139,14/08/2025 14:11,email,Tane Roberts,Wellington,Family Share 60GB,,5,"Dear Support Team,

I am the account holder for business number ending in 5708. I would like to request a full audit of charges for the past 6 months as part of a financial review.

Kind regards,
Tane Roberts"
TKT-2025-02140,14/08/2025 14:46,chatbot,Isabella Liu,Wellington,Business 30GB,Jake S.,,My bill this month is $210 but I've been on the Business 30GB for 16 months and it's always been $89. Something looks off.
TKT-2025-02141,14/08/2025 16:54,social_facebook,Charlotte Williams,Wellington,Family Share 60GB,Tom F.,4,My bill this month is $20 but I've been on the Family Share 60GB for 7 months and it's always been $59. Something looks off.
TKT-2025-02142,14/08/2025 17:09,chatbot,Faleolo Zhang,Auckland,Business Unlimited,David L.,3,My account shows I'm using Business Unlimited but I upgraded to Youth 15GB last month.
TKT-2025-02143,15/08/2025 09:01,email,Xiao Wright,Auckland,Business Unlimited,David L.,4,My device is asking me for an unlock code. I purchased it through you 2 years ago.
TKT-2025-02144,15/08/2025 09:06,live_chat,Xiao Faleolo,Wellington,Business 30GB,James T.,,I need to transfer ownership of this account to my business.
TKT-2025-02145,15/08/2025 10:18,chatbot,Charlie Martin,Auckland,SmartPlan 20GB,David L.,,Calls to landlines are cutting out after exactly 30 minutes every time.
TKT-2025-02146,15/08/2025 11:38,social_facebook,Dev Nguyen,Wellington,Pro Unlimited,Tom F.,4,I cancelled my insurance add-on last two weeks ago but I'm still being billed $89 for it.
TKT-2025-02147,15/08/2025 14:25,phone_transcript,Ethan Taufa,Hamilton,Youth 15GB,Sarah M.,4,My bill this month is $89 but I've been on the Youth 15GB for 7 months and it's always been $59. Something looks off.
TKT-2025-02148,15/08/2025 16:30,web_form,Xiao Mitchell,Hamilton,Essential 3GB,Connor B.,,My data speed has been extremely slow recently - I'm getting under 1Mbps on Essential 3GB.
TKT-2025-02149,15/08/2025 22:46,live_chat,James Kumar,Auckland,Family Share 60GB,Amy S.,,I bought a new phone and I want to check it's compatible with your network.
TKT-2025-02150,17/08/2025 12:54,social_twitter,Mia Evans,Gisborne,SmartPlan 20GB,Ben H.,1,My student discount isn't being applied to my current bill. I submitted my student ID last month.
TKT-2025-02151,17/08/2025 20:07,email,Sophia Zhang,New Plymouth,Senior Easy Plan,Connor B.,,My bill this month is $210 but I've been on the Senior Easy Plan for 11 months and it's always been $49. Something looks off.
TKT-2025-02152,17/08/2025 20:08,email,Evelyn Harris,Tauranga,Family Share 60GB,Raj P.,5,I need a copy of my last 6 months of bills for a visa application.
TKT-2025-02153,18/08/2025 07:01,email,Henry Khan,Whanganui,Prepay 1GB,Auto-response,5,My bill this month is $210 but I've been on the Prepay 1GB for 8 months and it's always been $59. Something looks off.
TKT-2025-02154,18/08/2025 08:14,email,Thomas Zhang,Gisborne,Youth 15GB,Ben H.,,I cancelled my roaming add-on last two weeks ago but I'm still being billed $189 for it.
TKT-2025-02155,18/08/2025 09:10,email,Chloe Nguyen,Wellington,Pro Unlimited,Mei W.,4,My 4G signal keeps dropping to 3G at my home address even though coverage maps show 4G here.
TKT-2025-02156,18/08/2025 11:07,social_facebook,Tane Thompson,Auckland,Unlimited Max,,3,"To Whom It May Concern,

I am writing to formally dispute a charge of $145 applied to my account on 12/5/2025. I have not received adequate explanation despite contacting support twice.

Yours sincerely,
Tane Thompson"
TKT-2025-02157,18/08/2025 11:44,phone_transcript,Noah Jones,Auckland,Unlimited Max,Raj P.,4,I can't see my usage history beyond 60 days in the app. I need records for a dispute.
TKT-2025-02158,18/08/2025 12:55,social_facebook,Charlotte Williams,Tauranga,SmartPlan 20GB,,,I'm considering switching providers after this experience. I'd like to know my early exit options.
TKT-2025-02159,18/08/2025 14:42,email,Grace Martin,Christchurch,Essential 3GB,Raj P.,3,I want to downgrade my plan but I'm unsure of my contract obligations.
TKT-2025-02160,18/08/2025 15:20,chatbot,Sophie Hassan,Palmerston North,Essential 3GB,James T.,4,"I'm consistently getting poor signal in my new apartment in East, Palmerston North."
TKT-2025-02161,18/08/2025 16:20,chatbot,Raj Brown,Hamilton,Youth 15GB,Amy S.,,I want to switch to a business plan but I'm not sure which tier suits my usage.
TKT-2025-02162,19/08/2025 07:41,email,Ethan Khan,Auckland,Unlimited Max,Aroha N.,,I bought a new phone and I want to check it's compatible with your network.
TKT-2025-02163,19/08/2025 08:29,phone_transcript,Mia Taylor,Wellington,Business 30GB,,4,I need to update the credit card on my account as my old card has expired.
TKT-2025-02164,19/08/2025 08:34,chatbot,Ravi Jones,Auckland,Youth 15GB,Connor B.,3,I want to pause my plan for 3 months while I'm overseas. Is that possible?
TKT-2025-02165,19/08/2025 12:10,web_form,Henry Nguyen,Rotorua,Pro Unlimited,Connor B.,3,I'm interested in switching my family of 4 to a shared plan. What are my options?
TKT-2025-02166,19/08/2025 12:50,chatbot,Charlotte Thomas,Auckland,Unlimited Max,Fatima R.,,International roaming isn't working in Australia even though I have the roaming add-on active.
TKT-2025-02167,19/08/2025 13:20,email,Harper Tuimavave,Tauranga,Unlimited Max,Lisa C.,1,My 4G signal keeps dropping to 3G at my home address even though coverage maps show 4G here.
TKT-2025-02168,19/08/2025 14:10,phone_transcript,Sione Liu,Christchurch,Essential 3GB,Sarah M.,4,My account shows I'm using Essential 3GB but I upgraded to Business Unlimited last month.
TKT-2025-02169,19/08/2025 16:25,chatbot,William Tuimavave,Christchurch,Unlimited Max,Priya K.,4,I've received a new phone but I'm having trouble transferring my number to the eSIM.
TKT-2025-02170,19/08/2025 18:08,web_form,Sione Roberts,Christchurch,SmartPlan 20GB,Aroha N.,4,I'm experiencing intermittent data dropouts throughout the day in Christchurch. This has been happening for 5 days.
TKT-2025-02171,20/08/2025 07:47,email,Rangi Williams,Palmerston North,Essential 3GB,Jake S.,3,My number isn't receiving calls from overseas. Domestic calls are fine.
TKT-2025-02172,20/08/2025 10:38,chatbot,Liam Li,Auckland,Business 30GB,Priya K.,,I'm travelling to New Plymouth next week and wanted to flag that I've had poor coverage there previously.
TKT-2025-02173,20/08/2025 10:44,live_chat,Charlie Williams,New Plymouth,Unlimited Max,Auto-response,,I've called three times about the same billing issue and it still hasn't been resolved. This is unacceptable.
TKT-2025-02174,20/08/2025 11:18,web_form,Mere Parata,Hamilton,Family Share 60GB,Lisa C.,3,I bought a new phone and I want to check it's compatible with your network.
TKT-2025-02175,20/08/2025 11:18,chatbot,Charlotte Thompson,Auckland,Family Share 60GB,Mei W.,3,I've moved to a new country and want to check my device is unlocked before I leave.
TKT-2025-02176,20/08/2025 14:35,email,Isabella Thomas,Wellington,Business Unlimited,,,I have a new 5G-capable phone but I'm not seeing 5G connectivity in Wellington where it should be available.
TKT-2025-02177,20/08/2025 15:19,live_chat,Henry Nguyen,Auckland,Youth 15GB,Ngaio W.,3,My device is asking me for an unlock code. I purchased it through you 2 years ago.
TKT-2025-02178,20/08/2025 19:20,live_chat,Evelyn Thompson,Auckland,Business 30GB,Lisa C.,4,I'd like to add international roaming to my account for a trip to Fiji next month.
TKT-2025-02179,20/08/2025 20:40,phone_transcript,Jack Kumar,Tauranga,Prepay 1GB,Sarah M.,3,My bill this month is $126 but I've been on the Prepay 1GB for 2 months and it's always been $29. Something looks off.
TKT-2025-02180,21/08/2025 08:04,web_form,Olivia Johnson,Auckland,Youth 15GB,Tom F.,5,I've been a customer for 4 years and the service quality has dropped significantly.
TKT-2025-02181,21/08/2025 09:25,chatbot,Dev Roberts,Dunedin,Family Share 60GB,David L.,,My SIM card is damaged and I need a replacement sent to my address.
TKT-2025-02182,21/08/2025 12:21,chatbot,Mere Harris,Wellington,Youth 15GB,,3,My account email address has changed and I can't receive verification codes anymore.
TKT-2025-02183,21/08/2025 12:53,live_chat,William Walker,Invercargill,Essential 3GB,Amy S.,,My bill this month is $120 but I've been on the Essential 3GB for 17 months and it's always been $49. Something looks off.
TKT-2025-02184,21/08/2025 13:37,web_form,Anika Thompson,Christchurch,Business 30GB,,5,I was promised a callback within 24 hours and I'm still waiting after 12 days.
TKT-2025-02185,21/08/2025 14:05,web_form,Ava Anderson,Auckland,Family Share 60GB,Priya K.,,My eSIM profile disappeared after a factory reset. How do I restore it?
TKT-2025-02186,21/08/2025 15:11,chatbot,Jin Wright,Auckland,Senior Easy Plan,Amy S.,,I would like to add my partner to my account as an authorised person.
TKT-2025-02187,21/08/2025 16:24,phone_transcript,Luisa Khalil,Blenheim,Business Unlimited,Ben H.,2,I have a new 5G-capable phone but I'm not seeing 5G connectivity in Blenheim where it should be available.
TKT-2025-02188,21/08/2025 16:35,social_facebook,Hassan Mitchell,Wellington,Essential 3GB,Sarah M.,3,My bill this month is $145 but I've been on the Essential 3GB for 17 months and it's always been $39. Something looks off.
TKT-2025-02189,21/08/2025 16:44,phone_transcript,Aroha Martin,Hamilton,Business Unlimited,Priya K.,4,I've been sent to the wrong department four times and nobody seems able to help.
TKT-2025-02190,21/08/2025 17:26,web_form,Mei Evans,Auckland,Unlimited Max,,5,International roaming isn't working in Australia even though I have the roaming add-on active.
TKT-2025-02191,21/08/2025 18:09,email,Sione Taufa,Whangarei,Business 30GB,Raj P.,,I cancelled my data boost add-on last last week but I'm still being billed $15 for it.
TKT-2025-02192,21/08/2025 19:37,web_form,Hassan Hassan,Christchurch,Prepay 1GB,Priya K.,3,I'd like to add international roaming to my account for a trip to the UK next month.
TKT-2025-02193,21/08/2025 20:59,email,Pita Wilson,Hamilton,Pro Unlimited,Lisa C.,,Can I get a SIM card for my elderly mother? She needs something very simple.
TKT-2025-02194,21/08/2025 21:00,app_support,George Evans,Whanganui,Family Share 60GB,Ngaio W.,3,"I'm consistently getting poor signal in my new apartment in South, Whanganui."
TKT-2025-02195,21/08/2025 22:39,email,Ava Tuimavave,Christchurch,Business 30GB,Priya K.,3,"Dear Support Team,

I am the account holder for business number ending in 1725. I would like to request a full audit of charges for the past 6 months as part of a financial review.

Kind regards,
Ava Tuimavave"
TKT-2025-02196,22/08/2025 02:44,chatbot,Fatima Wilson,Invercargill,Unlimited Max,Lisa C.,2,My account email address has changed and I can't receive verification codes anymore.
TKT-2025-02197,22/08/2025 03:35,web_form,Raj Walker,Rotorua,SmartPlan 20GB,Ngaio W.,,"I'm consistently getting poor signal in my new apartment in West, Rotorua."
TKT-2025-02198,22/08/2025 09:03,chatbot,Jack Tane,Auckland,Family Share 60GB,Aroha N.,4,I cancelled my insurance add-on last last month but I'm still being billed $99 for it.
TKT-2025-02199,22/08/2025 13:24,web_form,Mia Garcia,Dunedin,Family Share 60GB,Tom F.,4,I cancelled my international calling add-on last last month but I'm still being billed $20 for it.
TKT-2025-02200,22/08/2025 15:12,email,Sophie Jones,Hamilton,Prepay 1GB,Mei W.,3,I've moved to a new country and want to check my device is unlocked before I leave.
TKT-2025-02201,22/08/2025 17:19,email,Daniel Lee,Christchurch,Senior Easy Plan,Ben H.,,"I'm consistently getting poor signal in my new apartment in South, Christchurch."
TKT-2025-02202,22/08/2025 22:05,social_facebook,Sione Wright,Invercargill,Business Unlimited,Priya K.,4,Can I get a SIM card for my elderly mother? She needs something very simple.
TKT-2025-02203,23/08/2025 09:43,live_chat,Oliver Ngata,Wellington,Pro Unlimited,,5,My account shows I'm using Pro Unlimited but I upgraded to Essential 3GB last month.
TKT-2025-02204,23/08/2025 09:44,chatbot,Olivia Thompson,Dunedin,Senior Easy Plan,Mei W.,,My bill shows a late payment fee of $89 but I paid on time. I have bank confirmation.
TKT-2025-02205,23/08/2025 13:40,social_facebook,Chloe Jones,Auckland,Family Share 60GB,,3,My student discount isn't being applied to my current bill. I submitted my student ID last month.
TKT-2025-02206,23/08/2025 13:46,email,Hemi Thomas,Hamilton,Unlimited Max,Sarah M.,,I want to remove the insurance add-on from my plan. I've been paying for it for 2 years without using it.
TKT-2025-02207,23/08/2025 15:38,email,Evelyn Evans,Auckland,Business Unlimited,,,Data works on 4G but switches off entirely when I move to a 5G area.
TKT-2025-02208,23/08/2025 22:03,web_form,Grace Williams,Christchurch,Prepay 1GB,Auto-response,3,There's an unexpected roaming charge of $120 on my account for July. I did not travel internationally.
TKT-2025-02209,24/08/2025 07:03,phone_transcript,Mei Miller,Christchurch,SmartPlan 20GB,Priya K.,,What is the difference between SmartPlan 20GB and Prepay 1GB? I'm considering switching.
TKT-2025-02210,24/08/2025 08:00,web_form,Sophie Johnson,Nelson,Essential 3GB,Fatima R.,3,The agent I spoke to last Friday was very unhelpful and dismissive of my issue.
TKT-2025-02211,24/08/2025 12:37,web_form,Olivia Martin,New Plymouth,Family Share 60GB,,4,My number isn't receiving calls from overseas. Domestic calls are fine.
TKT-2025-02212,24/08/2025 12:37,email,Mere Thomas,Auckland,Prepay 1GB,Jake S.,3,My number isn't receiving calls from overseas. Domestic calls are fine.
TKT-2025-02213,25/08/2025 07:01,phone_transcript,Sione Zhang,Auckland,Pro Unlimited,Mei W.,,I'm travelling to Nelson next week and wanted to flag that I've had poor coverage there previously.
TKT-2025-02214,25/08/2025 08:18,web_form,Sione Ali,Blenheim,Senior Easy Plan,,3,"I'm consistently getting poor signal in my new apartment in East, Blenheim."
TKT-2025-02215,25/08/2025 08:24,web_form,Isabella Singh,Hamilton,Essential 3GB,Connor B.,4,International roaming isn't working in Australia even though I have the roaming add-on active.
TKT-2025-02216,25/08/2025 09:13,social_twitter,Isabella Smith,Auckland,Prepay 1GB,Jake S.,3,My phone shows full signal but calls keep dropping mid-conversation.
TKT-2025-02217,25/08/2025 09:36,live_chat,Sophie Liu,Auckland,Business Unlimited,James T.,1,My SIM card is damaged and I need a replacement sent to my address.
TKT-2025-02218,25/08/2025 09:40,chatbot,Sophie Anderson,Christchurch,Prepay 1GB,Lisa C.,3,The agent I spoke to last Friday was very unhelpful and dismissive of my issue.
TKT-2025-02219,25/08/2025 11:11,web_form,George Taylor,Timaru,Unlimited Max,Fatima R.,4,My hotspot feature stopped working after I updated my phone. I've checked the settings.
TKT-2025-02220,25/08/2025 11:26,phone_transcript,Daniel Taufa,Hamilton,SmartPlan 20GB,Sarah M.,,My bill this month is $20 but I've been on the SmartPlan 20GB for 17 months and it's always been $59. Something looks off.
TKT-2025-02221,25/08/2025 13:44,email,Xiao Zhang,Christchurch,SmartPlan 20GB,Lisa C.,3,My bill this month is $99 but I've been on the SmartPlan 20GB for 10 months and it's always been $59. Something looks off.
TKT-2025-02222,25/08/2025 14:56,chatbot,Emma Evans,Christchurch,Unlimited Max,Connor B.,4,My bill this month is $210 but I've been on the Unlimited Max for 11 months and it's always been $49. Something looks off.
TKT-2025-02223,25/08/2025 17:37,phone_transcript,Isabella Wang,Christchurch,Youth 15GB,Sarah M.,,I'm unable to send MMS messages to other networks. Regular SMS works fine.
TKT-2025-02224,25/08/2025 20:15,email,Sanjay Martin,Wellington,Essential 3GB,James T.,4,I've lost my phone and need to suspend my service immediately.
TKT-2025-02225,25/08/2025 21:43,email,Dev Tuimavave,Tauranga,Senior Easy Plan,David L.,3,My account email address has changed and I can't receive verification codes anymore.
TKT-2025-02226,26/08/2025 13:11,chatbot,Fatima Garcia,Wellington,Prepay 1GB,Sarah M.,4,My data speed has been extremely slow recently - I'm getting under 1Mbps on Prepay 1GB.
TKT-2025-02227,26/08/2025 13:16,email,Evelyn Singh,Tauranga,Prepay 1GB,Auto-response,4,I need to update the credit card on my account as my old card has expired.
TKT-2025-02228,26/08/2025 14:08,phone_transcript,Jack Smith,Christchurch,Essential 3GB,Ben H.,4,I was promised a callback within 24 hours and I'm still waiting after 5 days.
TKT-2025-02229,26/08/2025 16:59,web_form,Oliver Nguyen,Palmerston North,Business Unlimited,Aroha N.,3,I need to transfer ownership of this account to my business.
TKT-2025-02230,26/08/2025 19:59,app_support,Daniel Heke,Christchurch,Youth 15GB,Tom F.,4,I believe I've been double-charged for my Youth 15GB plan this month. Please investigate.
TKT-2025-02231,26/08/2025 20:22,chatbot,James Wilson,New Plymouth,Unlimited Max,Sarah M.,1,I want to make a formal complaint about the wait times on your phone line. I waited 90 minutes today.
TKT-2025-02232,26/08/2025 20:37,live_chat,Oliver Thompson,Wellington,SmartPlan 20GB,Fatima R.,5,I want to pause my plan for 3 months while I'm overseas. Is that possible?
TKT-2025-02233,27/08/2025 01:19,live_chat,Emma Kumar,Rotorua,Pro Unlimited,David L.,3,My hotspot feature stopped working after I updated my phone. I've checked the settings.
TKT-2025-02234,27/08/2025 08:14,social_twitter,Sanjay Davies,Wellington,Unlimited Max,Ngaio W.,,I was told I could upgrade mid-contract without fees but now I'm being quoted a break fee.
TKT-2025-02235,27/08/2025 10:24,web_form,Xiao Zhang,Hamilton,Prepay 1GB,Fatima R.,1,I've moved to a new country and want to check my device is unlocked before I leave.
TKT-2025-02236,27/08/2025 10:40,social_facebook,Amelia Thompson,Tauranga,Business 30GB,Ben H.,3,"I'm consistently getting poor signal in my new apartment in Central, Tauranga."
TKT-2025-02237,27/08/2025 12:47,phone_transcript,Raj Davies,Christchurch,Business Unlimited,Priya K.,2,I'm travelling to Auckland next week and wanted to flag that I've had poor coverage there previously.
TKT-2025-02238,27/08/2025 14:15,chatbot,Sophie Ngata,Palmerston North,Youth 15GB,Raj P.,,My 4G signal keeps dropping to 3G at my home address even though coverage maps show 4G here.
TKT-2025-02239,27/08/2025 14:41,live_chat,Thomas Wilson,Hamilton,Business 30GB,Ben H.,4,I was promised a callback within 24 hours and I'm still waiting after 10 days.
TKT-2025-02240,27/08/2025 14:57,web_form,Olivia Evans,Auckland,Youth 15GB,Lisa C.,4,My bill this month is $20 but I've been on the Youth 15GB for 17 months and it's always been $59. Something looks off.
TKT-2025-02241,27/08/2025 16:42,app_support,Sione Wright,Palmerston North,Business Unlimited,Mei W.,4,My Wi-Fi calling has stopped working and I need technical support.
TKT-2025-02242,27/08/2025 16:48,phone_transcript,Sophia Parata,Auckland,Business 30GB,Sarah M.,5,"Dear Support Team,

I am the account holder for business number ending in 5124. I would like to request a full audit of charges for the past 6 months as part of a financial review.

Kind regards,
Sophia Parata"
TKT-2025-02243,27/08/2025 18:30,phone_transcript,Pita Li,Auckland,Business Unlimited,Sarah M.,2,What is the difference between Business Unlimited and Family Share 60GB? I'm considering switching.
TKT-2025-02244,28/08/2025 07:04,chatbot,Sanjay Davies,Wellington,Prepay 1GB,Priya K.,3,My bill shows a late payment fee of $60 but I paid on time. I have bank confirmation.
TKT-2025-02245,28/08/2025 09:53,phone_transcript,Pita Smith,Auckland,Senior Easy Plan,Amy S.,4,I want to escalate my complaint to a manager. My issue has been ongoing for 4 weeks.
TKT-2025-02246,28/08/2025 09:56,email,Sophia Walker,Auckland,Prepay 1GB,Jake S.,3,I have a new 5G-capable phone but I'm not seeing 5G connectivity in Auckland where it should be available.
TKT-2025-02247,28/08/2025 10:12,email,Thomas Thompson,Wellington,Business 30GB,Ben H.,2,My data speed has been extremely slow recently - I'm getting under 1Mbps on Business 30GB.
TKT-2025-02248,28/08/2025 10:35,chatbot,Luisa Khan,Nelson,Business 30GB,Mei W.,3,Can you explain the 'network access charge' of $45 on my latest invoice? I don't know what this is.
TKT-2025-02249,28/08/2025 10:36,social_twitter,Charlie Li,Wellington,Youth 15GB,Connor B.,1,My bill this month is $60 but I've been on the Youth 15GB for 15 months and it's always been $89. Something looks off.
TKT-2025-02250,28/08/2025 11:20,phone_transcript,Priya Heke,Christchurch,Family Share 60GB,,,My bill this month is $210 but I've been on the Family Share 60GB for 7 months and it's always been $99. Something looks off.
TKT-2025-02251,28/08/2025 12:35,chatbot,Priya Garcia,Auckland,Youth 15GB,Mei W.,5,I've called three times about the same billing issue and it still hasn't been resolved. This is unacceptable.
TKT-2025-02252,28/08/2025 12:46,email,Mei Thompson,Wellington,Youth 15GB,David L.,,My bill this month is $20 but I've been on the Youth 15GB for 15 months and it's always been $49. Something looks off.
TKT-2025-02253,28/08/2025 13:08,phone_transcript,Sione Khalil,Auckland,Business 30GB,Sarah M.,3,I have a new 5G-capable phone but I'm not seeing 5G connectivity in Auckland where it should be available.
TKT-2025-02254,28/08/2025 13:09,social_facebook,Faleolo Mitchell,Auckland,Family Share 60GB,Fatima R.,4,My phone shows full signal but calls keep dropping mid-conversation.
TKT-2025-02255,28/08/2025 13:17,email,Jack Martin,Auckland,Family Share 60GB,Sarah M.,2,Can you explain the 'network access charge' of $126 on my latest invoice? I don't know what this is.
TKT-2025-02256,28/08/2025 17:55,phone_transcript,Anika Khan,Auckland,SmartPlan 20GB,Fatima R.,4,My bill this month is $30 but I've been on the SmartPlan 20GB for 10 months and it's always been $59. Something looks off.
TKT-2025-02257,28/08/2025 20:41,phone_transcript,Xiao Hassan,Auckland,Senior Easy Plan,Jake S.,5,My bill this month is $60 but I've been on the Senior Easy Plan for 14 months and it's always been $59. Something looks off.
TKT-2025-02258,28/08/2025 21:38,social_twitter,Amelia Jones,Queenstown,Senior Easy Plan,Ngaio W.,2,My student discount isn't being applied to my current bill. I submitted my student ID last month.
TKT-2025-02259,28/08/2025 23:46,chatbot,William Martin,Palmerston North,Senior Easy Plan,Mei W.,1,I've been charged $189 and I don't recognise this charge. Could a billing specialist please review my account?
TKT-2025-02260,29/08/2025 07:13,live_chat,Aroha Liu,Napier,Essential 3GB,Ben H.,4,I need a SIM card replacement for a trip abroad. My current one is too large for my new phone.
TKT-2025-02261,29/08/2025 07:22,chatbot,Tane Patel,Auckland,Pro Unlimited,Connor B.,3,I switched from Pro Unlimited to Family Share 60GB mid-month and I think my pro-rata billing is wrong.
TKT-2025-02262,29/08/2025 09:30,web_form,Hemi Mitchell,Queenstown,Business Unlimited,Raj P.,5,I want to remove the insurance add-on from my plan. I've been paying for it for 2 years without using it.
TKT-2025-02263,29/08/2025 10:06,social_facebook,Evelyn Wilson,Tauranga,Youth 15GB,James T.,3,Calls to landlines are cutting out after exactly 30 minutes every time.
TKT-2025-02264,29/08/2025 10:19,chatbot,Daniel Miller,Christchurch,Pro Unlimited,Sarah M.,5,I have a new 5G-capable phone but I'm not seeing 5G connectivity in Christchurch where it should be available.
TKT-2025-02265,29/08/2025 10:40,chatbot,Luisa Xu,Christchurch,Business Unlimited,Priya K.,1,My 4G signal keeps dropping to 3G at my home address even though coverage maps show 4G here.
TKT-2025-02266,29/08/2025 11:09,chatbot,Mia Evans,Auckland,Business Unlimited,James T.,3,There's an unexpected roaming charge of $30 on my account for June. I did not travel internationally.
TKT-2025-02267,29/08/2025 12:02,phone_transcript,Evelyn Garcia,Timaru,Business Unlimited,,4,I have a new 5G-capable phone but I'm not seeing 5G connectivity in Timaru where it should be available.
TKT-2025-02268,29/08/2025 12:29,social_facebook,Dev Walker,Auckland,Youth 15GB,Ngaio W.,2,My bill this month is $210 but I've been on the Youth 15GB for 17 months and it's always been $29. Something looks off.
TKT-2025-02269,29/08/2025 13:42,phone_transcript,Oliver Liu,Christchurch,Business Unlimited,Aroha N.,5,I've forgotten my account PIN and I need to verify my identity to make changes.
TKT-2025-02270,29/08/2025 14:06,social_twitter,Evelyn Garcia,Auckland,Essential 3GB,Auto-response,,There's an unexpected roaming charge of $89 on my account for January. I did not travel internationally.
TKT-2025-02271,29/08/2025 14:45,chatbot,Hassan Smith,Auckland,Business Unlimited,Aroha N.,4,My bill this month is $45 but I've been on the Business Unlimited for 16 months and it's always been $89. Something looks off.
TKT-2025-02272,29/08/2025 15:29,email,Charlotte Tuimavave,New Plymouth,Youth 15GB,Aroha N.,4,My bill this month is $99 but I've been on the Youth 15GB for 2 months and it's always been $99. Something looks off.
TKT-2025-02273,29/08/2025 16:57,email,Harper Zhang,Auckland,Pro Unlimited,Sarah M.,4,My bill this month is $15 but I've been on the Pro Unlimited for 14 months and it's always been $79. Something looks off.
TKT-2025-02274,29/08/2025 17:04,social_facebook,Jack Zhang,New Plymouth,Business Unlimited,,,There's an unexpected roaming charge of $126 on my account for December. I did not travel internationally.
TKT-2025-02275,29/08/2025 17:38,chatbot,Sione Parata,Christchurch,Family Share 60GB,Amy S.,4,My bill this month is $126 but I've been on the Family Share 60GB for 3 months and it's always been $29. Something looks off.
TKT-2025-02276,29/08/2025 17:43,email,Priya Evans,Auckland,Senior Easy Plan,Tom F.,4,My bill this month is $99 but I've been on the Senior Easy Plan for 18 months and it's always been $39. Something looks off.
TKT-2025-02277,29/08/2025 18:39,chatbot,Henry Patel,Auckland,Essential 3GB,Fatima R.,5,My bill this month is $120 but I've been on the Essential 3GB for 2 months and it's always been $89. Something looks off.
TKT-2025-02278,29/08/2025 19:46,email,Sanjay Parata,Palmerston North,Family Share 60GB,David L.,,My bill this month is $120 but I've been on the Family Share 60GB for 16 months and it's always been $49. Something looks off.
TKT-2025-02279,29/08/2025 22:20,chatbot,Emma Thomas,Palmerston North,Prepay 1GB,Fatima R.,,I'm moving to Nelson next month and would like to check coverage maps before deciding whether to stay with you.
TKT-2025-02280,29/08/2025 22:44,phone_transcript,Isabella Jones,Tauranga,Business 30GB,Aroha N.,3,My bill this month is $189 but I've been on the Business 30GB for 14 months and it's always been $99. Something looks off.
TKT-2025-02281,30/08/2025 09:50,email,Jack Davies,Tauranga,Unlimited Max,,4,My bill this month is $189 but I've been on the Unlimited Max for 18 months and it's always been $89. Something looks off.
TKT-2025-02282,30/08/2025 10:09,chatbot,James Singh,Auckland,Essential 3GB,Ngaio W.,2,I want to switch to a business plan but I'm not sure which tier suits my usage.
TKT-2025-02283,30/08/2025 12:43,email,Olivia Anderson,Auckland,Prepay 1GB,Lisa C.,3,My bill this month is $30 but I've been on the Prepay 1GB for 8 months and it's always been $79. Something looks off.
TKT-2025-02284,30/08/2025 13:31,email,Anika Brown,Gisborne,Business Unlimited,Sarah M.,5,My bill this month is $99 but I've been on the Business Unlimited for 2 months and it's always been $99. Something looks off.
TKT-2025-02285,30/08/2025 23:42,phone_transcript,Aroha Wilson,Christchurch,Prepay 1GB,Fatima R.,3,My bill this month is $99 but I've been on the Prepay 1GB for 15 months and it's always been $79. Something looks off.
TKT-2025-02286,31/08/2025 09:31,web_form,Jin Thompson,Auckland,Essential 3GB,,4,I want to escalate my complaint to a manager. My issue has been ongoing for 5 weeks.
TKT-2025-02287,31/08/2025 09:46,web_form,Luisa Garcia,Napier,Senior Easy Plan,,3,I'm moving to Auckland next month and would like to check coverage maps before deciding whether to stay with you.
TKT-2025-02288,31/08/2025 14:00,social_facebook,Emma Hassan,Auckland,Pro Unlimited,Priya K.,4,My bill this month is $15 but I've been on the Pro Unlimited for 18 months and it's always been $39. Something looks off.
TKT-2025-02289,31/08/2025 14:55,web_form,Fatima Li,Queenstown,Family Share 60GB,Jake S.,,I ported my number last month and was charged by both carriers. I need a refund.
TKT-2025-02290,31/08/2025 16:31,email,Sanjay Zhang,Timaru,Youth 15GB,Amy S.,,I've been charged $30 and I don't recognise this charge. Could a billing specialist please review my account?
TKT-2025-02291,31/08/2025 17:23,social_facebook,Oliver Thomas,Auckland,Pro Unlimited,Raj P.,4,"Dear Support Team,

I am the account holder for business number ending in 8153. I would like to request a full audit of charges for the past 6 months as part of a financial review.

Kind regards,
Oliver Thomas"
TKT-2025-02292,31/08/2025 18:38,email,Fatima Martinez,Auckland,Family Share 60GB,Amy S.,,My bill this month is $60 but I've been on the Family Share 60GB for 17 months and it's always been $49. Something looks off.
TKT-2025-02293,31/08/2025 22:01,web_form,Charlotte Davies,Auckland,Prepay 1GB,Jake S.,3,I found my phone after reporting it lost. Can you reactivate my service?
TKT-2025-02294,01/09/2025 06:17,web_form,George Miller,Invercargill,SmartPlan 20GB,Amy S.,3,I cancelled my insurance add-on last two weeks ago but I'm still being billed $99 for it.
TKT-2025-02295,01/09/2025 08:34,email,Sione Martinez,Dunedin,Unlimited Max,Priya K.,5,My bill this month is $45 but I've been on the Unlimited Max for 4 months and it's always been $29. Something looks off.
TKT-2025-02296,01/09/2025 09:47,live_chat,Mia Zhang,New Plymouth,Prepay 1GB,James T.,2,My bill this month is $120 but I've been on the Prepay 1GB for 8 months and it's always been $79. Something looks off.
TKT-2025-02297,01/09/2025 10:10,email,Anika Nguyen,Palmerston North,Unlimited Max,James T.,1,I was given incorrect information by a customer service agent last week and it's caused real problems.
TKT-2025-02298,01/09/2025 10:21,social_twitter,Raj Patel,Hamilton,Youth 15GB,Jake S.,,"Dear Support Team,

I am the account holder for business number ending in 2220. I would like to request a full audit of charges for the past 6 months as part of a financial review.

Kind regards,
Raj Patel"
TKT-2025-02299,01/09/2025 10:40,social_facebook,James Wang,Auckland,Senior Easy Plan,Amy S.,3,My SIM card is damaged and I need a replacement sent to my address.
TKT-2025-02300,01/09/2025 11:37,web_form,Rangi Taylor,Auckland,SmartPlan 20GB,David L.,4,My bill this month is $145 but I've been on the SmartPlan 20GB for 4 months and it's always been $89. Something looks off.
TKT-2025-02301,01/09/2025 12:00,email,Mere Roberts,Christchurch,Family Share 60GB,Jake S.,5,I want to remove an authorised user from my account.
TKT-2025-02302,01/09/2025 12:08,chatbot,Olivia Anderson,Wellington,Essential 3GB,Ben H.,,My bill this month is $75 but I've been on the Essential 3GB for 3 months and it's always been $59. Something looks off.
TKT-2025-02303,01/09/2025 12:25,web_form,Isabella Singh,Auckland,Essential 3GB,Lisa C.,3,My bill this month is $145 but I've been on the Essential 3GB for 16 months and it's always been $39. Something looks off.
TKT-2025-02304,01/09/2025 12:44,phone_transcript,Liam Evans,Auckland,Prepay 1GB,Sarah M.,3,I need a copy of my last 6 months of bills for a visa application.
TKT-2025-02305,01/09/2025 14:04,email,Tane Mitchell,Wellington,Prepay 1GB,,3,I received no communication about a planned outage that affected my service for 8 hours.
TKT-2025-02306,01/09/2025 14:29,email,Rangi Walker,Hamilton,SmartPlan 20GB,James T.,4,My bill this month is $145 but I've been on the SmartPlan 20GB for 6 months and it's always been $79. Something looks off.
TKT-2025-02307,01/09/2025 14:40,chatbot,Charlotte Xu,Wellington,Family Share 60GB,Aroha N.,2,My number isn't receiving calls from overseas. Domestic calls are fine.
TKT-2025-02308,01/09/2025 15:56,email,Pita Harris,Tauranga,Senior Easy Plan,Amy S.,,Data works on 4G but switches off entirely when I move to a 5G area.
TKT-2025-02309,01/09/2025 16:32,phone_transcript,Aroha Tuimavave,Auckland,SmartPlan 20GB,Priya K.,1,Can you explain the 'network access charge' of $189 on my latest invoice? I don't know what this is.
TKT-2025-02310,01/09/2025 18:50,email,Mei Lee,Hamilton,Essential 3GB,Priya K.,3,I was promised a callback within 24 hours and I'm still waiting after 14 days.
TKT-2025-02311,01/09/2025 19:53,email,Anika Evans,New Plymouth,Essential 3GB,Priya K.,4,My number isn't receiving calls from overseas. Domestic calls are fine.
TKT-2025-02312,01/09/2025 23:13,email,Priya Taylor,Auckland,Youth 15GB,Amy S.,4,There's an unexpected roaming charge of $15 on my account for April. I did not travel internationally.
TKT-2025-02313,02/09/2025 06:50,chatbot,Dev Singh,Nelson,Essential 3GB,James T.,4,My bill this month is $126 but I've been on the Essential 3GB for 5 months and it's always been $99. Something looks off.
TKT-2025-02314,02/09/2025 07:12,phone_transcript,Priya Thomas,Auckland,Unlimited Max,Raj P.,2,My bill this month is $210 but I've been on the Unlimited Max for 12 months and it's always been $39. Something looks off.
TKT-2025-02315,02/09/2025 08:58,app_support,Liam Parata,Rotorua,Unlimited Max,Jake S.,,I've been charged for an international calling plan that I never added to my account.
TKT-2025-02316,02/09/2025 09:22,chatbot,Hemi Taufa,Whangarei,Senior Easy Plan,Aroha N.,3,My bill this month is $89 but I've been on the Senior Easy Plan for 14 months and it's always been $49. Something looks off.
TKT-2025-02317,02/09/2025 09:47,phone_transcript,Anika Faleolo,Invercargill,Senior Easy Plan,Sarah M.,,I need to update the credit card on my account as my old card has expired.
TKT-2025-02318,02/09/2025 10:39,email,Hemi Williams,Christchurch,Senior Easy Plan,Aroha N.,4,There's an unexpected roaming charge of $145 on my account for September. I did not travel internationally.
TKT-2025-02319,02/09/2025 11:00,chatbot,James Brown,Dunedin,Prepay 1GB,Ngaio W.,,I switched from Prepay 1GB to Pro Unlimited mid-month and I think my pro-rata billing is wrong.
TKT-2025-02320,02/09/2025 15:02,email,Henry Garcia,New Plymouth,SmartPlan 20GB,James T.,4,I've been charged $99 and I don't recognise this charge. Could a billing specialist please review my account?
TKT-2025-02321,02/09/2025 15:09,app_support,Emma Liu,Wellington,Business 30GB,Priya K.,2,I'm travelling to Tauranga next week and wanted to flag that I've had poor coverage there previously.
TKT-2025-02322,02/09/2025 18:48,live_chat,Ravi Tuimavave,Palmerston North,Family Share 60GB,Priya K.,3,My autopay failed this month and I was charged a $15 fee. I'd like this waived as a first-time issue.
TKT-2025-02323,02/09/2025 22:21,phone_transcript,Ethan Jones,Auckland,Prepay 1GB,Auto-response,,My bill this month is $30 but I've been on the Prepay 1GB for 12 months and it's always been $79. Something looks off.
TKT-2025-02324,02/09/2025 23:00,phone_transcript,Pita Heke,Auckland,Unlimited Max,Ben H.,2,I ported my number last month and was charged by both carriers. I need a refund.
TKT-2025-02325,02/09/2025 23:19,phone_transcript,Grace Roberts,Auckland,Senior Easy Plan,Amy S.,2,My bill shows a late payment fee of $189 but I paid on time. I have bank confirmation.
TKT-2025-02326,03/09/2025 07:36,chatbot,Thomas Smith,New Plymouth,Business 30GB,Aroha N.,4,My bill shows a late payment fee of $15 but I paid on time. I have bank confirmation.
TKT-2025-02327,03/09/2025 09:02,social_facebook,Ava Walker,Napier,SmartPlan 20GB,James T.,2,My eSIM profile disappeared after a factory reset. How do I restore it?
TKT-2025-02328,03/09/2025 09:21,chatbot,Xiao Hassan,Auckland,Essential 3GB,Amy S.,5,My bill this month is $60 but I've been on the Essential 3GB for 17 months and it's always been $39. Something looks off.
TKT-2025-02329,03/09/2025 09:23,email,Anika Thompson,Hamilton,Unlimited Max,Auto-response,3,Calls to landlines are cutting out after exactly 30 minutes every time.
TKT-2025-02330,03/09/2025 10:00,chatbot,Ravi Brown,Auckland,Business 30GB,Fatima R.,4,My bill this month is $210 but I've been on the Business 30GB for 17 months and it's always been $49. Something looks off.
TKT-2025-02331,03/09/2025 11:07,email,Charlotte Wang,Nelson,Business Unlimited,Aroha N.,4,What is the difference between Business Unlimited and Business 30GB? I'm considering switching.
TKT-2025-02332,03/09/2025 11:28,phone_transcript,Xiao Thomas,Auckland,Family Share 60GB,Auto-response,,Can you explain the 'network access charge' of $126 on my latest invoice? I don't know what this is.
TKT-2025-02333,03/09/2025 11:30,web_form,Henry Mitchell,Auckland,Senior Easy Plan,Raj P.,,I need a copy of my last 6 months of bills for a visa application.
TKT-2025-02334,03/09/2025 11:43,social_facebook,Sophie Walker,Auckland,Business Unlimited,David L.,,I switched from Business Unlimited to Unlimited Max mid-month and I think my pro-rata billing is wrong.
TKT-2025-02335,03/09/2025 12:51,chatbot,Hemi Tane,Wellington,Unlimited Max,Tom F.,3,I've lost my phone and need to suspend my service immediately.
TKT-2025-02336,03/09/2025 13:21,phone_transcript,Liam Khalil,Auckland,Essential 3GB,,,My data speed has been extremely slow recently - I'm getting under 1Mbps on Essential 3GB.
TKT-2025-02337,03/09/2025 13:37,social_twitter,Rangi Wang,Tauranga,Unlimited Max,Auto-response,4,My bill this month is $145 but I've been on the Unlimited Max for 16 months and it's always been $29. Something looks off.
TKT-2025-02338,03/09/2025 13:39,web_form,Charlotte Mitchell,Auckland,Senior Easy Plan,Raj P.,,I've been charged $89 and I don't recognise this charge. Could a billing specialist please review my account?
TKT-2025-02339,03/09/2025 14:34,chatbot,George Taylor,Hamilton,Business Unlimited,Amy S.,,My bill this month is $15 but I've been on the Business Unlimited for 18 months and it's always been $29. Something looks off.
TKT-2025-02340,03/09/2025 15:10,email,Ethan Lee,Rotorua,Essential 3GB,Auto-response,3,I cancelled my roaming add-on last two weeks ago but I'm still being billed $126 for it.
TKT-2025-02341,03/09/2025 16:06,phone_transcript,Ravi Tuimavave,Hamilton,Essential 3GB,,4,My bill this month is $75 but I've been on the Essential 3GB for 16 months and it's always been $89. Something looks off.
TKT-2025-02342,03/09/2025 20:49,social_facebook,George Singh,Christchurch,Essential 3GB,Tom F.,3,I want to make a formal complaint about the wait times on your phone line. I waited 60 minutes today.
TKT-2025-02343,04/09/2025 09:43,email,Harper Heke,Auckland,Business Unlimited,,4,I'm unable to send MMS messages to other networks. Regular SMS works fine.
TKT-2025-02344,04/09/2025 10:08,social_facebook,Jin Xu,Tauranga,Prepay 1GB,Jake S.,4,My account shows I'm using Prepay 1GB but I upgraded to Essential 3GB last month.
TKT-2025-02345,04/09/2025 10:38,chatbot,Rangi Smith,New Plymouth,Business Unlimited,Raj P.,3,International roaming isn't working in Australia even though I have the roaming add-on active.
TKT-2025-02346,04/09/2025 10:47,email,George Garcia,Christchurch,Family Share 60GB,Aroha N.,4,Can you explain the 'network access charge' of $189 on my latest invoice? I don't know what this is.
TKT-2025-02347,04/09/2025 12:07,web_form,Jin Wright,Wellington,Family Share 60GB,Auto-response,3,"Dear Support Team,

I am the account holder for business number ending in 8596. I would like to request a full audit of charges for the past 6 months as part of a financial review.

Kind regards,
Jin Wright"
TKT-2025-02348,04/09/2025 13:02,social_twitter,Luisa Martinez,Wellington,Essential 3GB,Fatima R.,4,My Wi-Fi calling has stopped working and I need technical support.
TKT-2025-02349,04/09/2025 15:13,app_support,Thomas Khan,Rotorua,SmartPlan 20GB,Sarah M.,4,I want to remove an authorised user from my account.
TKT-2025-02350,04/09/2025 20:27,social_twitter,Aroha Miller,Christchurch,Youth 15GB,Mei W.,1,My data speed has been extremely slow recently - I'm getting under 1Mbps on Youth 15GB.
TKT-2025-02351,04/09/2025 20:40,email,Fatima Williams,Napier,Business 30GB,Mei W.,4,I believe I've been double-charged for my Business 30GB plan this month. Please investigate.
TKT-2025-02352,04/09/2025 21:50,social_facebook,Olivia Wilson,Christchurch,Senior Easy Plan,Fatima R.,2,I have a new 5G-capable phone but I'm not seeing 5G connectivity in Christchurch where it should be available.
TKT-2025-02353,04/09/2025 23:15,phone_transcript,Jin Williams,Wellington,Business Unlimited,David L.,5,My bill this month is $189 but I've been on the Business Unlimited for 13 months and it's always been $49. Something looks off.
TKT-2025-02354,05/09/2025 08:18,chatbot,Fatima Ngata,Wellington,Essential 3GB,,4,My account shows I'm using Essential 3GB but I upgraded to Senior Easy Plan last month.
TKT-2025-02355,05/09/2025 08:55,live_chat,Xiao Evans,Auckland,Youth 15GB,Amy S.,,I'd like to add a second SIM to my account for a tablet.
TKT-2025-02356,05/09/2025 08:57,email,Fatima Williams,Auckland,Pro Unlimited,Priya K.,5,My account is locked after too many failed login attempts.
TKT-2025-02357,05/09/2025 11:47,app_support,Pita Anderson,Gisborne,Family Share 60GB,Jake S.,5,My 4G signal keeps dropping to 3G at my home address even though coverage maps show 4G here.
TKT-2025-02358,05/09/2025 12:20,email,Harper Walker,Hamilton,Youth 15GB,Aroha N.,3,International roaming isn't working in Australia even though I have the roaming add-on active.
TKT-2025-02359,05/09/2025 12:42,social_facebook,Raj Davies,Whanganui,Senior Easy Plan,Raj P.,,I can't see my usage history beyond 60 days in the app. I need records for a dispute.
TKT-2025-02360,05/09/2025 13:06,web_form,Olivia Liu,Hamilton,Senior Easy Plan,David L.,3,"Dear Support Team,

I am the account holder for business number ending in 5036. I would like to request a full audit of charges for the past 6 months as part of a financial review.

Kind regards,
Olivia Liu"
TKT-2025-02361,05/09/2025 13:32,app_support,Henry Mitchell,Auckland,Youth 15GB,Ben H.,3,I cancelled my data boost add-on last last week but I'm still being billed $89 for it.
TKT-2025-02362,05/09/2025 13:44,chatbot,Priya Ngata,Whangarei,Family Share 60GB,Raj P.,3,I bought a new phone and I want to check it's compatible with your network.
TKT-2025-02363,05/09/2025 15:07,email,Rangi Xu,Auckland,Prepay 1GB,Sarah M.,4,My bill this month is $126 but I've been on the Prepay 1GB for 14 months and it's always been $59. Something looks off.
TKT-2025-02364,05/09/2025 15:36,app_support,Mia Evans,Auckland,Essential 3GB,Mei W.,4,Mobile data works but I can't make voice calls. I've tried restarting my phone multiple times.
TKT-2025-02365,05/09/2025 16:24,phone_transcript,Daniel Williams,Dunedin,Unlimited Max,Amy S.,4,My bill this month is $20 but I've been on the Unlimited Max for 5 months and it's always been $89. Something looks off.
TKT-2025-02366,05/09/2025 16:59,web_form,Sione Faleolo,Auckland,Pro Unlimited,Mei W.,3,I want to downgrade my plan but I'm unsure of my contract obligations.
TKT-2025-02367,05/09/2025 18:05,web_form,Sanjay Anderson,Christchurch,SmartPlan 20GB,David L.,4,I received no communication about a planned outage that affected my service for 5 hours.
TKT-2025-02368,05/09/2025 18:18,web_form,Henry Ali,Auckland,Pro Unlimited,James T.,,My bill this month is $45 but I've been on the Pro Unlimited for 17 months and it's always been $49. Something looks off.
TKT-2025-02369,05/09/2025 19:12,phone_transcript,Oliver Anderson,Auckland,Prepay 1GB,James T.,3,I've moved to a new country and want to check my device is unlocked before I leave.
TKT-2025-02370,05/09/2025 19:34,phone_transcript,William Hassan,Hamilton,Essential 3GB,Lisa C.,2,My Wi-Fi calling has stopped working and I need technical support.
TKT-2025-02371,06/09/2025 08:39,email,Faleolo Thompson,Auckland,Family Share 60GB,Aroha N.,,I am unable to access my account online and need help resetting my login details.
TKT-2025-02372,06/09/2025 09:48,phone_transcript,Anika Jones,Whangarei,Unlimited Max,Raj P.,1,I was given incorrect information by a customer service agent last week and it's caused real problems.
TKT-2025-02373,06/09/2025 10:27,app_support,Priya Lee,Queenstown,Family Share 60GB,Tom F.,5,I have a new 5G-capable phone but I'm not seeing 5G connectivity in Queenstown where it should be available.
TKT-2025-02374,06/09/2025 16:19,email,Jack Wilson,Tauranga,Pro Unlimited,David L.,2,I'd like to add a data top-up to my Pro Unlimited. How long does it last?
TKT-2025-02375,06/09/2025 18:54,chatbot,Raj Jones,Auckland,Family Share 60GB,Priya K.,,My account is locked after too many failed login attempts.
TKT-2025-02376,07/09/2025 11:17,phone_transcript,Isabella Thompson,Auckland,Youth 15GB,Ngaio W.,4,I'm interested in switching my family of 4 to a shared plan. What are my options?
TKT-2025-02377,07/09/2025 16:41,web_form,Thomas Wilson,Wellington,Prepay 1GB,David L.,5,I want to make a formal complaint about the wait times on your phone line. I waited 75 minutes today.
TKT-2025-02378,07/09/2025 17:12,phone_transcript,Jack Taufa,Christchurch,Business Unlimited,,3,My account is locked after too many failed login attempts.
TKT-2025-02379,08/09/2025 08:28,web_form,Liam Nguyen,Auckland,Essential 3GB,Priya K.,4,I have a new 5G-capable phone but I'm not seeing 5G connectivity in Auckland where it should be available.
TKT-2025-02380,08/09/2025 11:31,social_facebook,Ava Singh,Christchurch,Business 30GB,Priya K.,2,I'm interested in switching my family of 4 to a shared plan. What are my options?
TKT-2025-02381,08/09/2025 12:08,email,George Ali,Christchurch,Pro Unlimited,Connor B.,3,I need to update the credit card on my account as my old card has expired.
TKT-2025-02382,08/09/2025 12:27,phone_transcript,Xiao Kumar,Wellington,Family Share 60GB,Raj P.,,"Dear Support Team,

I am the account holder for business number ending in 7959. I would like to request a full audit of charges for the past 6 months as part of a financial review.

Kind regards,
Xiao Kumar"
TKT-2025-02383,08/09/2025 15:33,social_twitter,Oliver Kumar,Auckland,Business 30GB,David L.,5,My voicemail isn't recording messages. Callers say they hear the greeting but nothing is saved.
TKT-2025-02384,08/09/2025 15:38,phone_transcript,Sophie Khalil,Tauranga,Unlimited Max,Ngaio W.,4,My eSIM profile disappeared after a factory reset. How do I restore it?
TKT-2025-02385,08/09/2025 15:38,social_twitter,Chloe Wang,Auckland,SmartPlan 20GB,Lisa C.,3,My SIM card is damaged and I need a replacement sent to my address.
TKT-2025-02386,08/09/2025 15:49,app_support,Xiao Walker,Palmerston North,Business Unlimited,Lisa C.,3,I was told I could upgrade mid-contract without fees but now I'm being quoted a break fee.
TKT-2025-02387,08/09/2025 22:43,phone_transcript,Grace Davies,Auckland,SmartPlan 20GB,Raj P.,,I can't see my usage history beyond 60 days in the app. I need records for a dispute.
TKT-2025-02388,09/09/2025 05:45,chatbot,Ethan Walker,Christchurch,Senior Easy Plan,Ngaio W.,2,My bill this month is $126 but I've been on the Senior Easy Plan for 7 months and it's always been $99. Something looks off.
TKT-2025-02389,09/09/2025 10:05,email,Mei Thompson,Rotorua,Family Share 60GB,David L.,,I want to switch to a business plan but I'm not sure which tier suits my usage.
TKT-2025-02390,09/09/2025 10:43,chatbot,Ava Khan,Christchurch,Prepay 1GB,Aroha N.,4,"Dear Support Team,

I am the account holder for business number ending in 2235. I would like to request a full audit of charges for the past 6 months as part of a financial review.

Kind regards,
Ava Khan"
TKT-2025-02391,09/09/2025 10:50,chatbot,Ava Ngata,Auckland,Pro Unlimited,Aroha N.,4,International roaming isn't working in Australia even though I have the roaming add-on active.
TKT-2025-02392,09/09/2025 11:17,web_form,Xiao Khalil,Auckland,Prepay 1GB,Auto-response,1,I found my phone after reporting it lost. Can you reactivate my service?
TKT-2025-02393,09/09/2025 15:07,social_facebook,Dev Singh,Wellington,Senior Easy Plan,Mei W.,5,I'm interested in switching my family of 4 to a shared plan. What are my options?
TKT-2025-02394,09/09/2025 17:50,email,Noah Heke,Christchurch,Business 30GB,Tom F.,5,I'm interested in switching my family of 4 to a shared plan. What are my options?
TKT-2025-02395,09/09/2025 21:39,social_facebook,Ethan Evans,Auckland,Business Unlimited,Ben H.,4,I need to update the credit card on my account as my old card has expired.
TKT-2025-02396,09/09/2025 22:09,email,Raj Wilson,Christchurch,Unlimited Max,Mei W.,4,My number isn't receiving calls from overseas. Domestic calls are fine.
TKT-2025-02397,10/09/2025 08:33,chatbot,Ava Brown,Whangarei,Business Unlimited,Tom F.,3,Can you explain the 'network access charge' of $89 on my latest invoice? I don't know what this is.
TKT-2025-02398,10/09/2025 09:11,chatbot,Jack Xu,Nelson,Unlimited Max,,3,Mobile data works but I can't make voice calls. I've tried restarting my phone multiple times.
TKT-2025-02399,10/09/2025 10:01,phone_transcript,Grace Ngata,Rotorua,SmartPlan 20GB,Priya K.,,My bill this month is $210 but I've been on the SmartPlan 20GB for 6 months and it's always been $29. Something looks off.
TKT-2025-02400,10/09/2025 11:08,email,Mere Evans,Tauranga,Prepay 1GB,Sarah M.,5,I'm getting 'SIM not provisioned' errors intermittently. My SIM is less than 6 months old.
TKT-2025-02401,10/09/2025 15:38,email,Oliver Wilson,Blenheim,Prepay 1GB,Priya K.,3,"I'm consistently getting poor signal in my new apartment in Valley, Blenheim."
TKT-2025-02402,10/09/2025 18:44,app_support,Amelia Xu,Auckland,Business 30GB,Sarah M.,3,I want to downgrade my plan but I'm unsure of my contract obligations.
TKT-2025-02403,10/09/2025 19:42,chatbot,Liam Thomas,Wellington,SmartPlan 20GB,Lisa C.,3,I'm considering switching providers after this experience. I'd like to know my early exit options.
TKT-2025-02404,11/09/2025 01:45,chatbot,Priya Garcia,Auckland,Family Share 60GB,Raj P.,3,I'm interested in switching my family of 4 to a shared plan. What are my options?
TKT-2025-02405,11/09/2025 09:22,email,Olivia Parata,Auckland,Youth 15GB,,4,I'm getting 'SIM not provisioned' errors intermittently. My SIM is less than 6 months old.
TKT-2025-02406,11/09/2025 11:52,chatbot,Oliver Thompson,Auckland,Family Share 60GB,Aroha N.,4,Calls to landlines are cutting out after exactly 30 minutes every time.
TKT-2025-02407,11/09/2025 11:54,email,Chloe Liu,Hamilton,Senior Easy Plan,Ngaio W.,3,I've moved to a new country and want to check my device is unlocked before I leave.
TKT-2025-02408,11/09/2025 11:55,app_support,Sanjay Harris,Wellington,Business 30GB,Fatima R.,,My number isn't receiving calls from overseas. Domestic calls are fine.
TKT-2025-02409,11/09/2025 14:28,phone_transcript,Pita Wang,Tauranga,Business Unlimited,Lisa C.,4,I would like to change my current Business Unlimited plan and need to understand my options.
TKT-2025-02410,11/09/2025 17:11,chatbot,Sophie Heke,Christchurch,Senior Easy Plan,Sarah M.,4,I'd like to add international roaming to my account for a trip to Australia next month.
TKT-2025-02411,11/09/2025 17:19,web_form,Ravi Xu,Wellington,Business 30GB,Priya K.,3,"Dear Support Team,

I am the account holder for business number ending in 7188. I would like to request a full audit of charges for the past 6 months as part of a financial review.

Kind regards,
Ravi Xu"
TKT-2025-02412,11/09/2025 21:07,app_support,Fatima Jones,Hamilton,Senior Easy Plan,Ben H.,,My SIM card is damaged and I need a replacement sent to my address.
TKT-2025-02413,12/09/2025 02:46,web_form,Jack Harris,Hamilton,Youth 15GB,Auto-response,4,My bill this month is $75 but I've been on the Youth 15GB for 18 months and it's always been $29. Something looks off.
TKT-2025-02414,12/09/2025 07:20,live_chat,Thomas Tuimavave,Auckland,Business 30GB,Amy S.,4,I want to remove an authorised user from my account.
TKT-2025-02415,12/09/2025 07:22,web_form,Amelia Thompson,Wellington,Prepay 1GB,James T.,,I cancelled my insurance add-on last last week but I'm still being billed $20 for it.
TKT-2025-02416,12/09/2025 09:37,chatbot,Oliver Li,Whanganui,Pro Unlimited,Priya K.,5,"I'm consistently getting poor signal in my new apartment in Heights, Whanganui."
TKT-2025-02417,12/09/2025 09:52,chatbot,Noah Davies,Tauranga,Essential 3GB,Aroha N.,,The agent I spoke to last Wednesday was very unhelpful and dismissive of my issue.
TKT-2025-02418,12/09/2025 11:42,email,Xiao Ngata,Auckland,Business 30GB,James T.,3,I want to make a formal complaint about the wait times on your phone line. I waited 55 minutes today.
TKT-2025-02419,12/09/2025 13:36,web_form,Charlotte Mitchell,Dunedin,Senior Easy Plan,Raj P.,5,I'd like an itemised bill for the last 3 months. The totals don't match what I expect.
TKT-2025-02420,12/09/2025 14:21,chatbot,James Li,Auckland,Family Share 60GB,David L.,3,I want to remove the insurance add-on from my plan. I've been paying for it for 2 years without using it.
TKT-2025-02421,12/09/2025 14:32,email,Emma Williams,Christchurch,Business Unlimited,,2,I can't see my usage history beyond 60 days in the app. I need records for a dispute.
TKT-2025-02422,12/09/2025 15:22,email,Sophia Wright,Auckland,Prepay 1GB,Fatima R.,,I've received a new phone but I'm having trouble transferring my number to the eSIM.
TKT-2025-02423,12/09/2025 18:12,chatbot,Ethan Nguyen,Wellington,SmartPlan 20GB,James T.,,My device is asking me for an unlock code. I purchased it through you 2 years ago.
TKT-2025-02424,12/09/2025 21:32,phone_transcript,Priya Anderson,Christchurch,Youth 15GB,Jake S.,,My bill this month is $30 but I've been on the Youth 15GB for 16 months and it's always been $89. Something looks off.
TKT-2025-02425,12/09/2025 22:21,email,Sophie Davies,Tauranga,SmartPlan 20GB,Lisa C.,,I'm experiencing intermittent data dropouts throughout the day in Tauranga. This has been happening for 7 days.
TKT-2025-02426,13/09/2025 07:13,email,Faleolo Davies,Wellington,Prepay 1GB,Raj P.,2,My bill this month is $99 but I've been on the Prepay 1GB for 18 months and it's always been $39. Something looks off.
TKT-2025-02427,13/09/2025 08:58,email,Ava Mitchell,Auckland,Senior Easy Plan,Sarah M.,4,My bill this month is $60 but I've been on the Senior Easy Plan for 5 months and it's always been $79. Something looks off.
TKT-2025-02428,13/09/2025 11:16,web_form,Daniel Martinez,Auckland,Senior Easy Plan,Lisa C.,,What is the difference between Senior Easy Plan and Family Share 60GB? I'm considering switching.
TKT-2025-02429,13/09/2025 12:39,email,Noah Martinez,Christchurch,Senior Easy Plan,Raj P.,3,I was told I could upgrade mid-contract without fees but now I'm being quoted a break fee.
TKT-2025-02430,13/09/2025 19:17,email,Harper Liu,Christchurch,Youth 15GB,Priya K.,3,My voicemail isn't recording messages. Callers say they hear the greeting but nothing is saved.
TKT-2025-02431,13/09/2025 19:26,email,Charlotte Zhang,Palmerston North,Prepay 1GB,Auto-response,,My number isn't receiving calls from overseas. Domestic calls are fine.
TKT-2025-02432,14/09/2025 09:50,web_form,Luisa Wang,Auckland,Business 30GB,David L.,5,"I'm consistently getting poor signal in my new apartment in East, Auckland."
TKT-2025-02433,14/09/2025 10:17,web_form,Luisa Ngata,Christchurch,Family Share 60GB,Ngaio W.,2,I've received a new phone but I'm having trouble transferring my number to the eSIM.
TKT-2025-02434,14/09/2025 11:47,social_facebook,Olivia Harris,Gisborne,SmartPlan 20GB,David L.,1,I need to update my direct debit bank account details.
TKT-2025-02435,14/09/2025 13:04,phone_transcript,Grace Xu,Tauranga,SmartPlan 20GB,James T.,4,I'm considering switching providers after this experience. I'd like to know my early exit options.
TKT-2025-02436,14/09/2025 14:54,email,Anika Parata,Invercargill,Business 30GB,David L.,,Calls to landlines are cutting out after exactly 30 minutes every time.
TKT-2025-02437,14/09/2025 15:22,social_twitter,Faleolo Ngata,Tauranga,Unlimited Max,,4,Calls to landlines are cutting out after exactly 30 minutes every time.
TKT-2025-02438,15/09/2025 08:47,web_form,Thomas Davies,Wellington,Business 30GB,Fatima R.,3,I'd like to add a data top-up to my Business 30GB. How long does it last?
TKT-2025-02439,15/09/2025 08:57,email,Aroha Walker,Whanganui,Business 30GB,Raj P.,3,I would like to add my partner to my account as an authorised person.
TKT-2025-02440,15/09/2025 09:05,web_form,Chloe Li,Wellington,Business 30GB,Tom F.,3,My account is locked after too many failed login attempts.
TKT-2025-02441,15/09/2025 13:38,live_chat,Sophie Williams,Auckland,Prepay 1GB,Ngaio W.,3,I've been sent to the wrong department four times and nobody seems able to help.
TKT-2025-02442,15/09/2025 15:21,phone_transcript,Henry Parata,Auckland,Business 30GB,Raj P.,3,I'm moving to Gisborne next month and would like to check coverage maps before deciding whether to stay with you.
TKT-2025-02443,15/09/2025 17:11,social_twitter,Oliver Roberts,Wellington,Senior Easy Plan,Mei W.,,My device is asking me for an unlock code. I purchased it through you 2 years ago.
TKT-2025-02444,15/09/2025 17:44,chatbot,Pita Khan,Auckland,Unlimited Max,Amy S.,4,My bill this month is $20 but I've been on the Unlimited Max for 6 months and it's always been $49. Something looks off.
TKT-2025-02445,16/09/2025 06:01,phone_transcript,Sanjay Nguyen,Timaru,Essential 3GB,Connor B.,3,I am unable to access my account online and need help resetting my login details.
TKT-2025-02446,16/09/2025 08:39,social_twitter,Faleolo Mitchell,New Plymouth,Unlimited Max,Ngaio W.,1,"I'm consistently getting poor signal in my new apartment in South, New Plymouth."
TKT-2025-02447,16/09/2025 12:08,app_support,Emma Garcia,Whanganui,Essential 3GB,James T.,3,I need to update my direct debit bank account details.
TKT-2025-02448,16/09/2025 12:19,web_form,Thomas Singh,Auckland,Prepay 1GB,Fatima R.,5,I was promised a callback within 24 hours and I'm still waiting after 5 days.
TKT-2025-02449,16/09/2025 14:03,email,Olivia Williams,Hamilton,Senior Easy Plan,Lisa C.,4,I'd like to add international roaming to my account for a trip to Singapore next month.
TKT-2025-02450,16/09/2025 14:42,chatbot,Sophie Ali,Auckland,Unlimited Max,Aroha N.,,I've forgotten my account PIN and I need to verify my identity to make changes.
TKT-2025-02451,16/09/2025 15:12,email,Evelyn Martin,Christchurch,Senior Easy Plan,Ngaio W.,5,My phone shows full signal but calls keep dropping mid-conversation.
TKT-2025-02452,16/09/2025 15:34,email,Charlotte Li,Christchurch,Youth 15GB,James T.,5,I want to remove an authorised user from my account.
TKT-2025-02453,16/09/2025 16:33,web_form,Ethan Khalil,Auckland,Pro Unlimited,Raj P.,4,My bill this month is $210 but I've been on the Pro Unlimited for 12 months and it's always been $99. Something looks off.
TKT-2025-02454,16/09/2025 18:33,phone_transcript,Charlotte Davies,Auckland,Family Share 60GB,Tom F.,3,My device is asking me for an unlock code. I purchased it through you 2 years ago.
TKT-2025-02455,16/09/2025 20:57,app_support,Faleolo Evans,Queenstown,Unlimited Max,,4,My number isn't receiving calls from overseas. Domestic calls are fine.
TKT-2025-02456,17/09/2025 08:53,phone_transcript,Sophie Roberts,Auckland,Prepay 1GB,Amy S.,4,My bill this month is $99 but I've been on the Prepay 1GB for 12 months and it's always been $29. Something looks off.
TKT-2025-02457,17/09/2025 10:37,phone_transcript,Daniel Anderson,Christchurch,Family Share 60GB,Sarah M.,5,My bill this month is $145 but I've been on the Family Share 60GB for 18 months and it's always been $39. Something looks off.
TKT-2025-02458,17/09/2025 12:18,web_form,Fatima Hassan,Wellington,Family Share 60GB,Mei W.,3,Can I get a SIM card for my elderly mother? She needs something very simple.
TKT-2025-02459,17/09/2025 12:29,web_form,Jin Garcia,Wellington,Essential 3GB,Ngaio W.,2,I'd like an itemised bill for the last 3 months. The totals don't match what I expect.
TKT-2025-02460,17/09/2025 12:30,web_form,Pita Davies,Christchurch,Essential 3GB,Tom F.,,I want to switch to a business plan but I'm not sure which tier suits my usage.
TKT-2025-02461,17/09/2025 13:13,chatbot,Liam Nguyen,Nelson,SmartPlan 20GB,,4,"I'm consistently getting poor signal in my new apartment in Valley, Nelson."
TKT-2025-02462,17/09/2025 13:24,app_support,Tane Parata,New Plymouth,Senior Easy Plan,Amy S.,3,I'd like to merge two accounts under my name into one.
TKT-2025-02463,17/09/2025 13:46,live_chat,Amelia Zhang,Rotorua,Pro Unlimited,Ben H.,2,My bill this month is $89 but I've been on the Pro Unlimited for 9 months and it's always been $39. Something looks off.
TKT-2025-02464,17/09/2025 14:04,chatbot,Olivia Faleolo,Christchurch,Youth 15GB,Ngaio W.,,The agent I spoke to last Tuesday was very unhelpful and dismissive of my issue.
TKT-2025-02465,17/09/2025 14:23,social_twitter,Sophie Faleolo,Auckland,Unlimited Max,Aroha N.,5,International roaming isn't working in Australia even though I have the roaming add-on active.
TKT-2025-02466,17/09/2025 14:28,email,Dev Williams,Wellington,Senior Easy Plan,Ben H.,,My bill this month is $30 but I've been on the Senior Easy Plan for 9 months and it's always been $29. Something looks off.
TKT-2025-02467,17/09/2025 14:32,social_facebook,James Nguyen,Auckland,Business 30GB,Priya K.,4,There's an unexpected roaming charge of $45 on my account for April. I did not travel internationally.
TKT-2025-02468,17/09/2025 16:26,email,Rangi Nguyen,Blenheim,Prepay 1GB,,,"I'm consistently getting poor signal in my new apartment in CBD, Blenheim."
TKT-2025-02469,17/09/2025 16:28,web_form,Harper Miller,Tauranga,Essential 3GB,,,My device is asking me for an unlock code. I purchased it through you 2 years ago.
TKT-2025-02470,17/09/2025 17:24,email,Ravi Heke,Tauranga,Business 30GB,Aroha N.,4,"Since the network update last week, I've had no mobile coverage at my workplace."
TKT-2025-02471,18/09/2025 05:38,phone_transcript,Emma Martinez,Tauranga,Family Share 60GB,Jake S.,2,I want to escalate my complaint to a manager. My issue has been ongoing for 2 weeks.
TKT-2025-02472,18/09/2025 09:34,social_facebook,James Liu,Dunedin,SmartPlan 20GB,Tom F.,5,Mobile data works but I can't make voice calls. I've tried restarting my phone multiple times.
TKT-2025-02473,18/09/2025 09:45,chatbot,Oliver Johnson,Auckland,Essential 3GB,David L.,,My bill this month is $126 but I've been on the Essential 3GB for 8 months and it's always been $49. Something looks off.
TKT-2025-02474,18/09/2025 11:27,email,Sophia Wilson,Wellington,Business Unlimited,Sarah M.,4,My bill this month is $45 but I've been on the Business Unlimited for 5 months and it's always been $89. Something looks off.
TKT-2025-02475,18/09/2025 13:49,app_support,Raj Li,Palmerston North,Prepay 1GB,Connor B.,4,I'd like to merge two accounts under my name into one.
TKT-2025-02476,18/09/2025 15:15,chatbot,Daniel Taufa,Auckland,Business Unlimited,Priya K.,4,I was given incorrect information by a customer service agent last week and it's caused real problems.
TKT-2025-02477,18/09/2025 20:22,email,Sanjay Williams,Palmerston North,Youth 15GB,Sarah M.,5,My number isn't receiving calls from overseas. Domestic calls are fine.
TKT-2025-02478,18/09/2025 21:52,social_facebook,Henry Hassan,New Plymouth,Pro Unlimited,Tom F.,,My bill this month is $189 but I've been on the Pro Unlimited for 7 months and it's always been $89. Something looks off.
TKT-2025-02479,18/09/2025 23:33,phone_transcript,Grace Jones,Auckland,Business Unlimited,Ben H.,5,My bill this month is $15 but I've been on the Business Unlimited for 10 months and it's always been $99. Something looks off.
TKT-2025-02480,19/09/2025 07:02,web_form,Harper Wang,Christchurch,Pro Unlimited,Connor B.,5,"Hello,

I've been attempting to resolve a technical issue with my Pro Unlimited plan since July. Each time I call I'm told it will be escalated but I haven't heard back. Could a senior technician please contact me?

Thank you,
Harper Wang"
TKT-2025-02481,19/09/2025 09:49,social_twitter,Fatima Jones,Auckland,Essential 3GB,Ben H.,5,There's an unexpected roaming charge of $126 on my account for October. I did not travel internationally.
TKT-2025-02482,19/09/2025 13:17,chatbot,Harper Brown,New Plymouth,Senior Easy Plan,Aroha N.,3,There's an unexpected roaming charge of $126 on my account for December. I did not travel internationally.
TKT-2025-02483,19/09/2025 14:58,email,Isabella Jones,Rotorua,Senior Easy Plan,Lisa C.,,"I'm consistently getting poor signal in my new apartment in Central, Rotorua."
TKT-2025-02484,19/09/2025 14:59,chatbot,Fatima Tane,Auckland,Youth 15GB,Amy S.,5,I want to pause my plan for 3 months while I'm overseas. Is that possible?
TKT-2025-02485,19/09/2025 16:08,social_twitter,Fatima Heke,Hamilton,Pro Unlimited,Ngaio W.,5,My bill this month is $145 but I've been on the Pro Unlimited for 8 months and it's always been $89. Something looks off.
TKT-2025-02486,19/09/2025 21:30,chatbot,Grace Tane,Queenstown,Unlimited Max,Raj P.,,My bill this month is $30 but I've been on the Unlimited Max for 10 months and it's always been $49. Something looks off.
TKT-2025-02487,20/09/2025 14:25,social_facebook,Hassan Hassan,Christchurch,Youth 15GB,Mei W.,,I can't make or receive calls while connected to Wi-Fi. The issue started 12 days ago.
TKT-2025-02488,20/09/2025 15:05,web_form,Charlie Faleolo,Auckland,Unlimited Max,Ben H.,,My eSIM profile disappeared after a factory reset. How do I restore it?
TKT-2025-02489,20/09/2025 20:04,social_twitter,William Li,Queenstown,Unlimited Max,Connor B.,4,I can't see my usage history beyond 60 days in the app. I need records for a dispute.
TKT-2025-02490,20/09/2025 20:57,live_chat,Sione Williams,Auckland,Essential 3GB,Sarah M.,,"Since the network update last week, I've had no mobile coverage at my workplace."
TKT-2025-02491,21/09/2025 11:40,email,Harper Liu,Hamilton,Essential 3GB,Sarah M.,3,I would like to add my partner to my account as an authorised person.
TKT-2025-02492,21/09/2025 12:18,email,Hemi Khan,Christchurch,Business 30GB,,,I was told I could upgrade mid-contract without fees but now I'm being quoted a break fee.
TKT-2025-02493,21/09/2025 16:28,web_form,Grace Harris,Dunedin,Essential 3GB,Lisa C.,3,"I'm consistently getting poor signal in my new apartment in East, Dunedin."
TKT-2025-02494,22/09/2025 08:29,phone_transcript,Charlotte Hassan,Wellington,Essential 3GB,Tom F.,,International roaming isn't working in Australia even though I have the roaming add-on active.
TKT-2025-02495,22/09/2025 10:16,web_form,Henry Hassan,Dunedin,Unlimited Max,,2,I am unable to access my account online and need help resetting my login details.
TKT-2025-02496,22/09/2025 14:05,email,Emma Harris,Dunedin,Prepay 1GB,,,I would like to change my current Prepay 1GB plan and need to understand my options.
TKT-2025-02497,22/09/2025 14:28,phone_transcript,Sanjay Evans,Whangarei,Youth 15GB,Tom F.,,My bill this month is $99 but I've been on the Youth 15GB for 17 months and it's always been $99. Something looks off.
TKT-2025-02498,22/09/2025 14:39,app_support,Emma Khalil,Auckland,Business 30GB,Priya K.,3,My bill this month is $120 but I've been on the Business 30GB for 5 months and it's always been $99. Something looks off.
TKT-2025-02499,22/09/2025 19:29,chatbot,Noah Ngata,Dunedin,SmartPlan 20GB,Ngaio W.,3,My bill this month is $99 but I've been on the SmartPlan 20GB for 8 months and it's always been $29. Something looks off.
TKT-2025-02500,23/09/2025 09:05,email,Xiao Liu,Queenstown,Family Share 60GB,Ngaio W.,2,My hotspot feature stopped working after I updated my phone. I've checked the settings.
TKT-2025-02501,23/09/2025 13:13,chatbot,Sanjay Roberts,Auckland,Business Unlimited,Ngaio W.,2,My bill this month is $60 but I've been on the Business Unlimited for 9 months and it's always been $79. Something looks off.
TKT-2025-02502,23/09/2025 13:42,chatbot,Jack Wilson,Queenstown,Family Share 60GB,Connor B.,4,I've received a new phone but I'm having trouble transferring my number to the eSIM.
TKT-2025-02503,23/09/2025 15:26,social_twitter,Hassan Smith,Christchurch,SmartPlan 20GB,Priya K.,5,I can't see my usage history beyond 60 days in the app. I need records for a dispute.
TKT-2025-02504,23/09/2025 16:40,email,Ravi Xu,Wellington,Senior Easy Plan,Priya K.,3,I want to remove an authorised user from my account.
TKT-2025-02505,23/09/2025 17:12,chatbot,Ethan Taufa,Napier,SmartPlan 20GB,Aroha N.,5,My autopay failed this month and I was charged a $15 fee. I'd like this waived as a first-time issue.
TKT-2025-02506,23/09/2025 20:43,chatbot,Henry Anderson,Christchurch,Business 30GB,Tom F.,3,I want to downgrade my plan but I'm unsure of my contract obligations.
TKT-2025-02507,24/09/2025 01:59,email,Mia Faleolo,Auckland,Youth 15GB,Lisa C.,4,My voicemail isn't recording messages. Callers say they hear the greeting but nothing is saved.
TKT-2025-02508,24/09/2025 07:09,email,Luisa Nguyen,Auckland,Senior Easy Plan,Aroha N.,1,There's an unexpected roaming charge of $126 on my account for June. I did not travel internationally.
TKT-2025-02509,24/09/2025 08:30,social_facebook,Thomas Martin,Palmerston North,Prepay 1GB,Raj P.,,I need to update my direct debit bank account details.
TKT-2025-02510,24/09/2025 08:49,email,Priya Heke,Auckland,Pro Unlimited,David L.,3,My bill this month is $15 but I've been on the Pro Unlimited for 9 months and it's always been $89. Something looks off.
TKT-2025-02511,24/09/2025 10:07,social_twitter,Oliver Thompson,Auckland,Senior Easy Plan,Jake S.,5,I would like to change my current Senior Easy Plan plan and need to understand my options.
TKT-2025-02512,24/09/2025 11:58,live_chat,Emma Wright,Tauranga,Family Share 60GB,Sarah M.,,My 4G signal keeps dropping to 3G at my home address even though coverage maps show 4G here.
TKT-2025-02513,24/09/2025 11:59,chatbot,Emma Ngata,Auckland,Unlimited Max,Sarah M.,3,My autopay failed this month and I was charged a $15 fee. I'd like this waived as a first-time issue.
TKT-2025-02514,24/09/2025 12:51,chatbot,Fatima Miller,Christchurch,Youth 15GB,,2,My account is showing as suspended but I haven't missed a payment.
TKT-2025-02515,24/09/2025 13:02,phone_transcript,Charlie Kumar,Wellington,Family Share 60GB,Amy S.,4,My bill this month is $75 but I've been on the Family Share 60GB for 12 months and it's always been $89. Something looks off.
TKT-2025-02516,24/09/2025 13:35,web_form,Charlie Thompson,Auckland,Essential 3GB,David L.,1,My hotspot feature stopped working after I updated my phone. I've checked the settings.
TKT-2025-02517,24/09/2025 14:41,email,Hemi Thompson,Auckland,Prepay 1GB,Amy S.,4,My account email address has changed and I can't receive verification codes anymore.
TKT-2025-02518,24/09/2025 15:26,social_facebook,Oliver Smith,Christchurch,SmartPlan 20GB,Priya K.,3,My bill this month is $126 but I've been on the SmartPlan 20GB for 3 months and it's always been $29. Something looks off.
TKT-2025-02519,24/09/2025 17:09,chatbot,Charlie Khalil,Rotorua,SmartPlan 20GB,Priya K.,3,My bill this month is $30 but I've been on the SmartPlan 20GB for 16 months and it's always been $79. Something looks off.
TKT-2025-02520,24/09/2025 18:41,web_form,Isabella Nguyen,Auckland,Essential 3GB,James T.,3,Calls to landlines are cutting out after exactly 30 minutes every time.
TKT-2025-02521,24/09/2025 18:54,phone_transcript,William Patel,Wellington,Family Share 60GB,Priya K.,4,I'd like to add a second SIM to my account for a tablet.
TKT-2025-02522,24/09/2025 19:05,chatbot,Evelyn Li,Whangarei,Unlimited Max,,4,I'm experiencing intermittent data dropouts throughout the day in Whangarei. This has been happening for 4 days.
TKT-2025-02523,24/09/2025 19:19,web_form,Xiao Thomas,Whangarei,Unlimited Max,Sarah M.,,I've moved to a new country and want to check my device is unlocked before I leave.
TKT-2025-02524,24/09/2025 20:22,web_form,Priya Khan,Wellington,SmartPlan 20GB,Connor B.,,My bill this month is $189 but I've been on the SmartPlan 20GB for 17 months and it's always been $79. Something looks off.
TKT-2025-02525,25/09/2025 08:09,email,Isabella Tuimavave,Tauranga,Pro Unlimited,,4,My account is locked after too many failed login attempts.
TKT-2025-02526,25/09/2025 08:20,phone_transcript,Ava Thompson,Rotorua,Youth 15GB,Priya K.,4,"Dear Support Team,

I am the account holder for business number ending in 9895. I would like to request a full audit of charges for the past 6 months as part of a financial review.

Kind regards,
Ava Thompson"
TKT-2025-02527,25/09/2025 11:38,web_form,Hemi Jones,Hamilton,Unlimited Max,Sarah M.,4,There's an unexpected roaming charge of $189 on my account for May. I did not travel internationally.
TKT-2025-02528,25/09/2025 11:43,email,Pita Wright,Nelson,Unlimited Max,Priya K.,1,"Since the network update last week, I've had no mobile coverage at my workplace."
TKT-2025-02529,25/09/2025 12:37,chatbot,Mere Wang,Hamilton,SmartPlan 20GB,James T.,4,My data speed has been extremely slow recently - I'm getting under 1Mbps on SmartPlan 20GB.
TKT-2025-02530,25/09/2025 13:19,social_twitter,Grace Evans,Christchurch,Youth 15GB,Tom F.,3,Can I get a SIM card for my elderly mother? She needs something very simple.
TKT-2025-02531,25/09/2025 14:52,phone_transcript,Faleolo Brown,Auckland,Unlimited Max,Sarah M.,3,My phone shows full signal but calls keep dropping mid-conversation.
TKT-2025-02532,25/09/2025 16:38,phone_transcript,Amelia Miller,Wellington,Essential 3GB,Ben H.,,My bill this month is $45 but I've been on the Essential 3GB for 15 months and it's always been $79. Something looks off.
TKT-2025-02533,25/09/2025 17:15,app_support,Charlie Khalil,Invercargill,Pro Unlimited,James T.,2,I want to downgrade my plan but I'm unsure of my contract obligations.
TKT-2025-02534,25/09/2025 17:44,app_support,Tane Tuimavave,Wellington,Prepay 1GB,Raj P.,4,"Since the network update last week, I've had no mobile coverage at my workplace."
TKT-2025-02535,25/09/2025 18:06,live_chat,Rangi Martin,Gisborne,SmartPlan 20GB,,3,My bill this month is $20 but I've been on the SmartPlan 20GB for 11 months and it's always been $79. Something looks off.
TKT-2025-02536,26/09/2025 10:23,web_form,Anika Mitchell,Palmerston North,Youth 15GB,David L.,2,I want to remove an authorised user from my account.
TKT-2025-02537,26/09/2025 11:37,phone_transcript,Oliver Anderson,New Plymouth,Pro Unlimited,Sarah M.,3,What is the difference between Pro Unlimited and Youth 15GB? I'm considering switching.
TKT-2025-02538,26/09/2025 14:10,chatbot,Priya Smith,Hamilton,Senior Easy Plan,Connor B.,4,I received no communication about a planned outage that affected my service for 3 hours.
TKT-2025-02539,26/09/2025 17:17,web_form,Sophie Lee,Invercargill,Prepay 1GB,Ben H.,4,I want to remove the insurance add-on from my plan. I've been paying for it for 2 years without using it.
TKT-2025-02540,26/09/2025 17:48,web_form,Mia Li,Christchurch,SmartPlan 20GB,Tom F.,4,I found my phone after reporting it lost. Can you reactivate my service?
TKT-2025-02541,26/09/2025 18:25,live_chat,Hassan Wright,Dunedin,Pro Unlimited,Sarah M.,1,There's a $30 reconnection fee on my bill but I never requested a disconnection.
TKT-2025-02542,26/09/2025 20:58,email,Jack Ali,Whangarei,Family Share 60GB,Aroha N.,4,I am unable to access my account online and need help resetting my login details.
TKT-2025-02543,26/09/2025 23:35,web_form,Ethan Taylor,Nelson,Senior Easy Plan,Raj P.,3,I want to switch to a business plan but I'm not sure which tier suits my usage.
TKT-2025-02544,27/09/2025 10:40,web_form,Oliver Heke,Wellington,Pro Unlimited,Ngaio W.,1,I'm experiencing intermittent data dropouts throughout the day in Wellington. This has been happening for 8 days.
TKT-2025-02545,27/09/2025 11:38,chatbot,Dev Jones,Rotorua,Business 30GB,,2,I want to remove an authorised user from my account.
TKT-2025-02546,27/09/2025 13:33,app_support,Thomas Taylor,Whangarei,Prepay 1GB,James T.,2,"I'm consistently getting poor signal in my new apartment in Central, Whangarei."
TKT-2025-02547,27/09/2025 14:28,web_form,George Harris,Auckland,Youth 15GB,Aroha N.,4,I want to make a formal complaint about the wait times on your phone line. I waited 45 minutes today.
TKT-2025-02548,27/09/2025 17:20,email,Chloe Nguyen,Christchurch,Senior Easy Plan,,,My bill this month is $45 but I've been on the Senior Easy Plan for 6 months and it's always been $79. Something looks off.
TKT-2025-02549,27/09/2025 18:40,email,Xiao Evans,Auckland,Essential 3GB,Raj P.,2,Calls to landlines are cutting out after exactly 30 minutes every time.
TKT-2025-02550,28/09/2025 08:53,social_facebook,Harper Faleolo,Auckland,Essential 3GB,Ben H.,1,I'd like to merge two accounts under my name into one.
TKT-2025-02551,28/09/2025 09:21,email,Charlie Wilson,Hamilton,Essential 3GB,Ngaio W.,4,There's an unexpected roaming charge of $30 on my account for December. I did not travel internationally.
TKT-2025-02552,28/09/2025 14:58,social_facebook,Hemi Tane,Whangarei,Family Share 60GB,Connor B.,4,My bill this month is $45 but I've been on the Family Share 60GB for 7 months and it's always been $59. Something looks off.
TKT-2025-02553,28/09/2025 15:57,social_facebook,Anika Smith,Wellington,Business 30GB,Ben H.,2,My number isn't receiving calls from overseas. Domestic calls are fine.
TKT-2025-02554,28/09/2025 16:50,live_chat,Sophie Patel,Dunedin,Family Share 60GB,Lisa C.,4,I would like to add my partner to my account as an authorised person.
TKT-2025-02555,28/09/2025 20:07,chatbot,Anika Taylor,Auckland,Pro Unlimited,Jake S.,,My bill this month is $75 but I've been on the Pro Unlimited for 10 months and it's always been $29. Something looks off.
TKT-2025-02556,29/09/2025 08:18,phone_transcript,Oliver Davies,Auckland,Senior Easy Plan,Lisa C.,4,There's a $30 reconnection fee on my bill but I never requested a disconnection.
TKT-2025-02557,29/09/2025 09:56,email,Sophia Martinez,Auckland,Essential 3GB,Jake S.,,My bill this month is $89 but I've been on the Essential 3GB for 8 months and it's always been $99. Something looks off.
TKT-2025-02558,29/09/2025 09:58,chatbot,Isabella Heke,Palmerston North,Pro Unlimited,Priya K.,2,My bill this month is $15 but I've been on the Pro Unlimited for 12 months and it's always been $79. Something looks off.
TKT-2025-02559,29/09/2025 10:47,social_twitter,Dev Faleolo,Nelson,Youth 15GB,James T.,,I've moved to a new country and want to check my device is unlocked before I leave.
TKT-2025-02560,29/09/2025 12:01,web_form,Harper Mitchell,Auckland,Prepay 1GB,Ben H.,,My bill this month is $210 but I've been on the Prepay 1GB for 15 months and it's always been $49. Something looks off.
TKT-2025-02561,29/09/2025 12:37,phone_transcript,Amelia Mitchell,Wellington,Business 30GB,James T.,1,My voicemail isn't recording messages. Callers say they hear the greeting but nothing is saved.
TKT-2025-02562,29/09/2025 12:43,social_twitter,Tane Thompson,Rotorua,SmartPlan 20GB,James T.,,I've been charged $145 and I don't recognise this charge. Could a billing specialist please review my account?
TKT-2025-02563,29/09/2025 13:44,chatbot,Liam Williams,Christchurch,Business Unlimited,,4,My bill this month is $75 but I've been on the Business Unlimited for 6 months and it's always been $99. Something looks off.
TKT-2025-02564,29/09/2025 14:05,social_facebook,Mei Martinez,Wellington,Pro Unlimited,Raj P.,5,My bill this month is $120 but I've been on the Pro Unlimited for 16 months and it's always been $99. Something looks off.
TKT-2025-02565,29/09/2025 14:55,email,Henry Liu,Palmerston North,Essential 3GB,Tom F.,3,I need to update my direct debit bank account details.
TKT-2025-02566,29/09/2025 15:15,phone_transcript,Rangi Brown,Auckland,Business Unlimited,Lisa C.,4,My bill this month is $89 but I've been on the Business Unlimited for 14 months and it's always been $49. Something looks off.
TKT-2025-02567,29/09/2025 15:28,email,Priya Garcia,Auckland,Business 30GB,,2,My bill this month is $15 but I've been on the Business 30GB for 6 months and it's always been $59. Something looks off.
TKT-2025-02568,29/09/2025 19:32,email,Henry Mitchell,Dunedin,Unlimited Max,Jake S.,4,I switched from Unlimited Max to Pro Unlimited mid-month and I think my pro-rata billing is wrong.
TKT-2025-02569,29/09/2025 20:17,web_form,Ethan Martinez,Palmerston North,Family Share 60GB,Mei W.,4,There's a $30 reconnection fee on my bill but I never requested a disconnection.
TKT-2025-02570,30/09/2025 08:25,email,Charlotte Patel,Auckland,Unlimited Max,Aroha N.,3,I believe I've been double-charged for my Unlimited Max plan this month. Please investigate.
TKT-2025-02571,30/09/2025 10:16,live_chat,Sophia Faleolo,Christchurch,Family Share 60GB,Mei W.,,I was told I could upgrade mid-contract without fees but now I'm being quoted a break fee.
TKT-2025-02572,30/09/2025 10:37,email,Mia Khan,Wellington,Business Unlimited,,2,I was promised a discount when I signed up but my bill doesn't reflect it. I'm being charged $145 instead of $39.
TKT-2025-02573,30/09/2025 12:54,social_facebook,Liam Williams,Tauranga,Family Share 60GB,James T.,3,I can't make or receive calls while connected to Wi-Fi. The issue started 4 days ago.
TKT-2025-02574,30/09/2025 13:01,chatbot,Evelyn Miller,Palmerston North,SmartPlan 20GB,Raj P.,3,There's an unexpected roaming charge of $89 on my account for March. I did not travel internationally.
TKT-2025-02575,30/09/2025 16:59,email,Sione Thompson,Auckland,Business Unlimited,Connor B.,5,I need a copy of my last 6 months of bills for a visa application.
TKT-2025-02576,30/09/2025 17:53,chatbot,Jin Xu,Wellington,Business 30GB,David L.,5,My bill this month is $89 but I've been on the Business 30GB for 16 months and it's always been $99. Something looks off.
TKT-2025-02577,30/09/2025 20:53,web_form,Thomas Zhang,Auckland,SmartPlan 20GB,,,My bill this month is $15 but I've been on the SmartPlan 20GB for 10 months and it's always been $59. Something looks off.
TKT-2025-02578,30/09/2025 21:46,app_support,Sione Liu,Gisborne,Essential 3GB,David L.,3,I've been charged for an international calling plan that I never added to my account.
TKT-2025-02579,01/10/2025 07:48,live_chat,Mere Brown,Blenheim,Pro Unlimited,Sarah M.,5,My bill this month is $30 but I've been on the Pro Unlimited for 13 months and it's always been $99. Something looks off.
TKT-2025-02580,01/10/2025 09:32,email,Sophie Walker,Wellington,Pro Unlimited,Jake S.,4,My 4G signal keeps dropping to 3G at my home address even though coverage maps show 4G here.
TKT-2025-02581,01/10/2025 09:49,web_form,Grace Tane,Christchurch,Essential 3GB,Lisa C.,4,My account email address has changed and I can't receive verification codes anymore.
TKT-2025-02582,01/10/2025 10:12,web_form,Jin Martinez,Dunedin,Family Share 60GB,Tom F.,4,"I'm consistently getting poor signal in my new apartment in South, Dunedin."
TKT-2025-02583,01/10/2025 11:13,chatbot,Tane Hassan,Rotorua,Family Share 60GB,,,My bill this month is $89 but I've been on the Family Share 60GB for 15 months and it's always been $29. Something looks off.
TKT-2025-02584,01/10/2025 12:16,social_twitter,Noah Mitchell,Christchurch,Prepay 1GB,Priya K.,3,I switched from Prepay 1GB to Business 30GB mid-month and I think my pro-rata billing is wrong.
TKT-2025-02585,01/10/2025 12:37,chatbot,Sophie Khalil,Hamilton,SmartPlan 20GB,Ben H.,4,My SIM card is damaged and I need a replacement sent to my address.
TKT-2025-02586,01/10/2025 12:57,chatbot,Emma Harris,Rotorua,Business Unlimited,Mei W.,4,My bill this month is $89 but I've been on the Business Unlimited for 8 months and it's always been $99. Something looks off.
TKT-2025-02587,01/10/2025 12:59,chatbot,Raj Smith,Auckland,Prepay 1GB,Amy S.,2,My bill this month is $15 but I've been on the Prepay 1GB for 3 months and it's always been $39. Something looks off.
TKT-2025-02588,01/10/2025 13:17,web_form,Evelyn Liu,Hamilton,Unlimited Max,James T.,,My bill this month is $30 but I've been on the Unlimited Max for 5 months and it's always been $89. Something looks off.
TKT-2025-02589,01/10/2025 13:53,email,Daniel Zhang,Whanganui,Business 30GB,Priya K.,3,I was given incorrect information by a customer service agent last week and it's caused real problems.
TKT-2025-02590,01/10/2025 15:49,email,Sanjay Davies,Dunedin,Prepay 1GB,James T.,3,I've lost my phone and need to suspend my service immediately.
TKT-2025-02591,01/10/2025 16:52,email,Grace Thompson,Wellington,Senior Easy Plan,Connor B.,3,My bill this month is $99 but I've been on the Senior Easy Plan for 7 months and it's always been $79. Something looks off.
TKT-2025-02592,01/10/2025 17:56,social_facebook,Rangi Garcia,Auckland,SmartPlan 20GB,Fatima R.,5,My bill this month is $99 but I've been on the SmartPlan 20GB for 13 months and it's always been $79. Something looks off.
TKT-2025-02593,01/10/2025 21:00,email,Aroha Smith,Tauranga,Unlimited Max,,3,My bill this month is $20 but I've been on the Unlimited Max for 7 months and it's always been $39. Something looks off.
TKT-2025-02594,01/10/2025 21:34,email,Noah Johnson,Christchurch,Family Share 60GB,Priya K.,,My bill this month is $89 but I've been on the Family Share 60GB for 18 months and it's always been $79. Something looks off.
TKT-2025-02595,02/10/2025 05:37,email,Ethan Ali,Wellington,Business Unlimited,,4,I've been charged $120 and I don't recognise this charge. Could a billing specialist please review my account?
TKT-2025-02596,02/10/2025 09:21,phone_transcript,Thomas Anderson,Wellington,Business Unlimited,Lisa C.,,I can't see my usage history beyond 60 days in the app. I need records for a dispute.
TKT-2025-02597,02/10/2025 09:34,chatbot,Henry Khalil,Tauranga,Pro Unlimited,Connor B.,4,I'm experiencing intermittent data dropouts throughout the day in Tauranga. This has been happening for 13 days.
TKT-2025-02598,02/10/2025 10:10,social_twitter,Sanjay Tane,Christchurch,Youth 15GB,,2,I bought a new phone and I want to check it's compatible with your network.
TKT-2025-02599,02/10/2025 11:00,chatbot,Faleolo Ali,Tauranga,Unlimited Max,Auto-response,3,My bill this month is $45 but I've been on the Unlimited Max for 8 months and it's always been $99. Something looks off.
TKT-2025-02600,02/10/2025 11:19,live_chat,Pita Heke,Christchurch,Pro Unlimited,David L.,4,My data speed has been extremely slow recently - I'm getting under 1Mbps on Pro Unlimited.
TKT-2025-02601,02/10/2025 11:34,social_facebook,Mere Evans,Tauranga,Senior Easy Plan,Ngaio W.,4,My device is asking me for an unlock code. I purchased it through you 2 years ago.
TKT-2025-02602,02/10/2025 13:15,live_chat,Olivia Parata,Christchurch,Senior Easy Plan,David L.,5,My bill this month is $15 but I've been on the Senior Easy Plan for 5 months and it's always been $89. Something looks off.
TKT-2025-02603,02/10/2025 14:11,email,Anika Heke,Christchurch,Unlimited Max,Auto-response,4,My bill this month is $60 but I've been on the Unlimited Max for 5 months and it's always been $99. Something looks off.
TKT-2025-02604,02/10/2025 14:42,phone_transcript,Charlotte Anderson,Christchurch,Unlimited Max,Priya K.,4,What is the difference between Unlimited Max and Essential 3GB? I'm considering switching.
TKT-2025-02605,02/10/2025 14:58,web_form,Sophia Xu,Christchurch,Pro Unlimited,Sarah M.,,My bill this month is $20 but I've been on the Pro Unlimited for 6 months and it's always been $49. Something looks off.
TKT-2025-02606,02/10/2025 15:28,phone_transcript,Dev Ngata,Wellington,Youth 15GB,Amy S.,,My phone shows full signal but calls keep dropping mid-conversation.
TKT-2025-02607,02/10/2025 16:06,social_facebook,Grace Ali,Wellington,Senior Easy Plan,,3,I've been charged $126 and I don't recognise this charge. Could a billing specialist please review my account?
TKT-2025-02608,02/10/2025 19:29,web_form,Dev Thompson,Whanganui,Pro Unlimited,,2,I believe I've been double-charged for my Pro Unlimited plan this month. Please investigate.
TKT-2025-02609,02/10/2025 20:09,chatbot,William Wilson,Hamilton,Business Unlimited,,3,My bill this month is $89 but I've been on the Business Unlimited for 17 months and it's always been $49. Something looks off.
TKT-2025-02610,03/10/2025 04:20,email,Ethan Singh,Rotorua,Prepay 1GB,Mei W.,2,I can't see my usage history beyond 60 days in the app. I need records for a dispute.
TKT-2025-02611,03/10/2025 08:44,email,Mia Smith,Auckland,Family Share 60GB,Ngaio W.,3,My bill this month is $15 but I've been on the Family Share 60GB for 17 months and it's always been $79. Something looks off.
TKT-2025-02612,03/10/2025 10:11,email,Olivia Heke,Palmerston North,Senior Easy Plan,,,My bill this month is $189 but I've been on the Senior Easy Plan for 9 months and it's always been $89. Something looks off.
TKT-2025-02613,03/10/2025 10:13,email,Mia Thomas,Auckland,Essential 3GB,,3,I cancelled my data boost add-on last last month but I'm still being billed $120 for it.
TKT-2025-02614,03/10/2025 11:08,chatbot,Jin Garcia,Hamilton,Family Share 60GB,David L.,3,What is the difference between Family Share 60GB and Prepay 1GB? I'm considering switching.
TKT-2025-02615,03/10/2025 11:16,social_facebook,Mere Thompson,Invercargill,SmartPlan 20GB,Ngaio W.,,What is the difference between SmartPlan 20GB and Business 30GB? I'm considering switching.
TKT-2025-02616,03/10/2025 11:53,phone_transcript,Mia Singh,Auckland,Business 30GB,Jake S.,,I can't make or receive calls while connected to Wi-Fi. The issue started 4 days ago.
TKT-2025-02617,03/10/2025 14:12,live_chat,Sophia Khan,Auckland,Senior Easy Plan,Sarah M.,,I want to remove the insurance add-on from my plan. I've been paying for it for 2 years without using it.
TKT-2025-02618,03/10/2025 14:20,email,Rangi Taylor,Dunedin,SmartPlan 20GB,Priya K.,,My 4G signal keeps dropping to 3G at my home address even though coverage maps show 4G here.
TKT-2025-02619,03/10/2025 16:13,social_facebook,Harper Johnson,Whangarei,Essential 3GB,Priya K.,4,My bill this month is $189 but I've been on the Essential 3GB for 18 months and it's always been $39. Something looks off.
TKT-2025-02620,03/10/2025 17:26,web_form,Ava Anderson,Christchurch,Senior Easy Plan,Amy S.,,My bill this month is $120 but I've been on the Senior Easy Plan for 4 months and it's always been $49. Something looks off.
TKT-2025-02621,03/10/2025 18:19,chatbot,Ravi Harris,Auckland,SmartPlan 20GB,Ben H.,3,I believe I've been double-charged for my SmartPlan 20GB plan this month. Please investigate.
TKT-2025-02622,03/10/2025 22:40,social_facebook,Raj Wang,Palmerston North,Senior Easy Plan,Amy S.,4,My bill this month is $210 but I've been on the Senior Easy Plan for 5 months and it's always been $49. Something looks off.
TKT-2025-02623,03/10/2025 23:20,social_facebook,Olivia Ngata,Wellington,Pro Unlimited,Lisa C.,,I've been charged for an international calling plan that I never added to my account.
TKT-2025-02624,04/10/2025 10:54,email,Sanjay Williams,Whangarei,SmartPlan 20GB,,3,"I'm consistently getting poor signal in my new apartment in East, Whangarei."
TKT-2025-02625,04/10/2025 13:18,email,Jin Zhang,Blenheim,Unlimited Max,Mei W.,,My bill this month is $45 but I've been on the Unlimited Max for 18 months and it's always been $39. Something looks off.
TKT-2025-02626,04/10/2025 14:35,web_form,Liam Wright,Wellington,Family Share 60GB,Jake S.,,My bill this month is $45 but I've been on the Family Share 60GB for 11 months and it's always been $49. Something looks off.
TKT-2025-02627,04/10/2025 14:40,email,Sanjay Singh,Napier,SmartPlan 20GB,Auto-response,,My device is asking me for an unlock code. I purchased it through you 2 years ago.
TKT-2025-02628,04/10/2025 15:05,email,Fatima Li,Auckland,Pro Unlimited,Fatima R.,4,My bill this month is $20 but I've been on the Pro Unlimited for 9 months and it's always been $59. Something looks off.
TKT-2025-02629,04/10/2025 16:44,phone_transcript,William Khalil,Queenstown,Pro Unlimited,Fatima R.,,There's a $30 reconnection fee on my bill but I never requested a disconnection.
TKT-2025-02630,04/10/2025 17:26,chatbot,Charlie Thomas,Napier,Prepay 1GB,,,My bill this month is $126 but I've been on the Prepay 1GB for 11 months and it's always been $29. Something looks off.
TKT-2025-02631,05/10/2025 08:45,app_support,William Xu,Wellington,Senior Easy Plan,Raj P.,4,I can't make or receive calls while connected to Wi-Fi. The issue started 12 days ago.
TKT-2025-02632,05/10/2025 12:57,live_chat,Faleolo Wang,Tauranga,Senior Easy Plan,Jake S.,3,I received no communication about a planned outage that affected my service for 8 hours.
TKT-2025-02633,05/10/2025 13:29,phone_transcript,Ava Jones,Tauranga,Youth 15GB,James T.,,My SIM card is damaged and I need a replacement sent to my address.
TKT-2025-02634,05/10/2025 15:00,email,Jin Harris,Christchurch,Essential 3GB,Ngaio W.,,My bill this month is $145 but I've been on the Essential 3GB for 18 months and it's always been $99. Something looks off.
TKT-2025-02635,06/10/2025 09:32,email,Pita Tane,Hamilton,Business Unlimited,Ben H.,,"Since the network update last week, I've had no mobile coverage at my workplace."
TKT-2025-02636,06/10/2025 10:21,live_chat,Anika Mitchell,Tauranga,Business 30GB,Fatima R.,4,The agent I spoke to last Wednesday was very unhelpful and dismissive of my issue.
TKT-2025-02637,06/10/2025 13:51,chatbot,Isabella Martin,Nelson,Senior Easy Plan,Jake S.,4,My Wi-Fi calling has stopped working and I need technical support.
TKT-2025-02638,06/10/2025 14:36,email,Sione Roberts,Christchurch,Senior Easy Plan,Auto-response,4,What is the difference between Senior Easy Plan and Prepay 1GB? I'm considering switching.
TKT-2025-02639,06/10/2025 15:51,web_form,Olivia Zhang,Tauranga,Prepay 1GB,Jake S.,3,My bill this month is $89 but I've been on the Prepay 1GB for 16 months and it's always been $89. Something looks off.
TKT-2025-02640,06/10/2025 15:55,email,Grace Taylor,Christchurch,Essential 3GB,Lisa C.,,"I'm consistently getting poor signal in my new apartment in South, Christchurch."
TKT-2025-02641,06/10/2025 16:37,chatbot,Mia Heke,Auckland,Pro Unlimited,Mei W.,,I am unable to access my account online and need help resetting my login details.
TKT-2025-02642,06/10/2025 18:48,social_facebook,Amelia Nguyen,Napier,Essential 3GB,Aroha N.,4,My bill this month is $210 but I've been on the Essential 3GB for 6 months and it's always been $29. Something looks off.
TKT-2025-02643,06/10/2025 20:40,web_form,James Brown,Dunedin,Family Share 60GB,Auto-response,4,My phone shows full signal but calls keep dropping mid-conversation.
TKT-2025-02644,07/10/2025 12:54,chatbot,Oliver Taylor,Auckland,Family Share 60GB,Connor B.,3,My device is asking me for an unlock code. I purchased it through you 2 years ago.
TKT-2025-02645,07/10/2025 13:18,web_form,Luisa Taufa,Wellington,Family Share 60GB,,,My eSIM profile disappeared after a factory reset. How do I restore it?
TKT-2025-02646,07/10/2025 17:12,chatbot,Harper Tuimavave,Dunedin,Pro Unlimited,Amy S.,3,I want to make a formal complaint about the wait times on your phone line. I waited 60 minutes today.
TKT-2025-02647,07/10/2025 17:33,email,Jin Khan,Auckland,Family Share 60GB,Aroha N.,5,My account email address has changed and I can't receive verification codes anymore.
TKT-2025-02648,07/10/2025 22:06,web_form,Liam Singh,Dunedin,Prepay 1GB,Fatima R.,5,I'm unable to send MMS messages to other networks. Regular SMS works fine.
TKT-2025-02649,08/10/2025 04:03,chatbot,Noah Kumar,Napier,Senior Easy Plan,Ben H.,1,My bill this month is $45 but I've been on the Senior Easy Plan for 4 months and it's always been $99. Something looks off.
TKT-2025-02650,08/10/2025 06:26,email,Charlie Brown,Whanganui,Youth 15GB,Connor B.,3,My bill this month is $75 but I've been on the Youth 15GB for 3 months and it's always been $89. Something looks off.
TKT-2025-02651,08/10/2025 07:57,chatbot,Faleolo Faleolo,Palmerston North,Pro Unlimited,Connor B.,3,My bill this month is $89 but I've been on the Pro Unlimited for 18 months and it's always been $59. Something looks off.
TKT-2025-02652,08/10/2025 09:33,chatbot,Oliver Ali,Whangarei,SmartPlan 20GB,Jake S.,2,I cancelled my roaming add-on last last week but I'm still being billed $210 for it.
TKT-2025-02653,08/10/2025 09:48,social_facebook,Sophie Ali,Auckland,Business Unlimited,Lisa C.,2,My account shows I'm using Business Unlimited but I upgraded to Senior Easy Plan last month.
TKT-2025-02654,08/10/2025 11:34,social_facebook,William Martinez,Christchurch,Business 30GB,Aroha N.,,I cancelled my insurance add-on last last week but I'm still being billed $126 for it.
TKT-2025-02655,08/10/2025 11:47,chatbot,Luisa Anderson,Auckland,Unlimited Max,,,I'm interested in switching my family of 4 to a shared plan. What are my options?
TKT-2025-02656,08/10/2025 13:09,app_support,Charlotte Johnson,Auckland,Business 30GB,Jake S.,3,I switched from Business 30GB to SmartPlan 20GB mid-month and I think my pro-rata billing is wrong.
TKT-2025-02657,08/10/2025 15:30,chatbot,Faleolo Li,Gisborne,Youth 15GB,Auto-response,4,My bill this month is $89 but I've been on the Youth 15GB for 16 months and it's always been $39. Something looks off.
TKT-2025-02658,08/10/2025 15:30,live_chat,Olivia Xu,Auckland,Pro Unlimited,Sarah M.,,My account shows I'm using Pro Unlimited but I upgraded to Youth 15GB last month.
TKT-2025-02659,08/10/2025 17:10,email,Tane Hassan,Hamilton,Family Share 60GB,,3,My account email address has changed and I can't receive verification codes anymore.
TKT-2025-02660,08/10/2025 18:40,web_form,Jack Jones,Dunedin,Prepay 1GB,Lisa C.,3,Can you explain the 'network access charge' of $89 on my latest invoice? I don't know what this is.
TKT-2025-02661,08/10/2025 18:50,email,Sophia Heke,Tauranga,SmartPlan 20GB,Priya K.,,I'd like to add a data top-up to my SmartPlan 20GB. How long does it last?
TKT-2025-02662,09/10/2025 06:24,web_form,Henry Taylor,Whangarei,Unlimited Max,Lisa C.,3,My data speed has been extremely slow recently - I'm getting under 1Mbps on Unlimited Max.
TKT-2025-02663,09/10/2025 08:27,email,Thomas Zhang,Napier,Business 30GB,,4,Can I keep my number if I switch to a different plan? I've had this number for 10 years.
TKT-2025-02664,09/10/2025 09:08,live_chat,Ava Williams,Wellington,Business 30GB,,3,I cancelled my roaming add-on last two weeks ago but I'm still being billed $120 for it.
TKT-2025-02665,09/10/2025 11:51,email,Sophie Heke,Rotorua,Youth 15GB,Ngaio W.,,"Dear Support Team,

I am the account holder for business number ending in 2796. I would like to request a full audit of charges for the past 6 months as part of a financial review.

Kind regards,
Sophie Heke"
TKT-2025-02666,09/10/2025 11:59,phone_transcript,Sanjay Li,Auckland,Prepay 1GB,Sarah M.,3,I can't make or receive calls while connected to Wi-Fi. The issue started 2 days ago.
TKT-2025-02667,09/10/2025 13:33,phone_transcript,Fatima Thomas,Auckland,Pro Unlimited,Sarah M.,,My device is asking me for an unlock code. I purchased it through you 2 years ago.
TKT-2025-02668,09/10/2025 15:01,social_facebook,Sophie Roberts,Hamilton,Youth 15GB,Auto-response,4,Can I get a SIM card for my elderly mother? She needs something very simple.
TKT-2025-02669,09/10/2025 15:18,chatbot,Liam Evans,Auckland,Business 30GB,David L.,3,What is the difference between Business 30GB and Prepay 1GB? I'm considering switching.
TKT-2025-02670,09/10/2025 15:29,chatbot,Amelia Taufa,Auckland,Unlimited Max,Amy S.,,I'd like an itemised bill for the last 3 months. The totals don't match what I expect.
TKT-2025-02671,09/10/2025 16:17,social_facebook,Mere Harris,Auckland,SmartPlan 20GB,Amy S.,5,I would like to add my partner to my account as an authorised person.
TKT-2025-02672,09/10/2025 17:41,chatbot,Raj Garcia,Christchurch,Essential 3GB,Ngaio W.,2,I would like to add my partner to my account as an authorised person.
TKT-2025-02673,09/10/2025 17:44,email,Pita Evans,Nelson,Youth 15GB,,3,I was given incorrect information by a customer service agent last week and it's caused real problems.
TKT-2025-02674,09/10/2025 20:34,live_chat,Priya Ngata,Napier,Senior Easy Plan,,5,I would like to add my partner to my account as an authorised person.
TKT-2025-02675,09/10/2025 21:29,chatbot,Charlie Roberts,Auckland,Youth 15GB,Priya K.,5,My account shows I'm using Youth 15GB but I upgraded to Senior Easy Plan last month.
TKT-2025-02676,10/10/2025 06:02,phone_transcript,Sione Taylor,Napier,Prepay 1GB,,4,My bill this month is $189 but I've been on the Prepay 1GB for 15 months and it's always been $89. Something looks off.
TKT-2025-02677,10/10/2025 07:07,email,Priya Smith,Auckland,Essential 3GB,Aroha N.,1,Mobile data works but I can't make voice calls. I've tried restarting my phone multiple times.
TKT-2025-02678,10/10/2025 07:49,email,Evelyn Liu,Queenstown,SmartPlan 20GB,,,"I'm consistently getting poor signal in my new apartment in Heights, Queenstown."
TKT-2025-02679,10/10/2025 08:06,live_chat,Amelia Li,Dunedin,Youth 15GB,Auto-response,5,I received no communication about a planned outage that affected my service for 2 hours.
TKT-2025-02680,10/10/2025 10:35,phone_transcript,Hassan Wilson,Wellington,Unlimited Max,Sarah M.,4,I'm moving to Whanganui next month and would like to check coverage maps before deciding whether to stay with you.
TKT-2025-02681,10/10/2025 11:30,chatbot,Tane Smith,Rotorua,Essential 3GB,Auto-response,2,My bill this month is $20 but I've been on the Essential 3GB for 16 months and it's always been $59. Something looks off.
TKT-2025-02682,10/10/2025 13:00,chatbot,Thomas Ngata,Rotorua,Family Share 60GB,Ben H.,2,I've forgotten my account PIN and I need to verify my identity to make changes.
TKT-2025-02683,10/10/2025 13:08,phone_transcript,Charlie Smith,Wellington,Family Share 60GB,James T.,,I'm moving to Dunedin next month and would like to check coverage maps before deciding whether to stay with you.
TKT-2025-02684,10/10/2025 13:55,email,Sione Zhang,Queenstown,Senior Easy Plan,Sarah M.,3,I want to escalate my complaint to a manager. My issue has been ongoing for 5 weeks.
TKT-2025-02685,10/10/2025 16:30,web_form,Ava Heke,Tauranga,SmartPlan 20GB,Fatima R.,,I've lost my phone and need to suspend my service immediately.
TKT-2025-02686,10/10/2025 16:31,social_twitter,Aroha Patel,Rotorua,Essential 3GB,Connor B.,4,I want to remove the insurance add-on from my plan. I've been paying for it for 2 years without using it.
TKT-2025-02687,10/10/2025 19:55,web_form,Sophia Tuimavave,Wellington,Business 30GB,David L.,3,I received no communication about a planned outage that affected my service for 12 hours.
TKT-2025-02688,11/10/2025 12:03,social_twitter,Ava Khalil,Auckland,Essential 3GB,Jake S.,1,My SIM card is damaged and I need a replacement sent to my address.
TKT-2025-02689,11/10/2025 23:59,web_form,George Tuimavave,Auckland,Prepay 1GB,Aroha N.,4,I'd like to add a data top-up to my Prepay 1GB. How long does it last?
TKT-2025-02690,12/10/2025 07:38,phone_transcript,Faleolo Zhang,Dunedin,Business 30GB,James T.,4,I can't see my usage history beyond 60 days in the app. I need records for a dispute.
TKT-2025-02691,12/10/2025 10:31,social_facebook,Jin Khalil,Hamilton,Youth 15GB,Mei W.,4,I'm getting 'SIM not provisioned' errors intermittently. My SIM is less than 6 months old.
TKT-2025-02692,12/10/2025 11:44,email,Mere Thompson,Dunedin,Business 30GB,Tom F.,3,My bill this month is $15 but I've been on the Business 30GB for 18 months and it's always been $29. Something looks off.
TKT-2025-02693,12/10/2025 13:27,email,Ava Thomas,Christchurch,Essential 3GB,Lisa C.,3,I was given incorrect information by a customer service agent last week and it's caused real problems.
TKT-2025-02694,12/10/2025 13:33,phone_transcript,Dev Nguyen,Auckland,Family Share 60GB,Lisa C.,5,I'm considering switching providers after this experience. I'd like to know my early exit options.
TKT-2025-02695,13/10/2025 10:11,web_form,Anika Thompson,Christchurch,Prepay 1GB,,,I need to update my direct debit bank account details.
TKT-2025-02696,13/10/2025 11:41,chatbot,Evelyn Zhang,Auckland,Business 30GB,James T.,,My eSIM profile disappeared after a factory reset. How do I restore it?
TKT-2025-02697,13/10/2025 11:59,social_facebook,Harper Brown,Wellington,Business Unlimited,Jake S.,4,My 4G signal keeps dropping to 3G at my home address even though coverage maps show 4G here.
TKT-2025-02698,13/10/2025 12:03,web_form,Dev Liu,Napier,Essential 3GB,Mei W.,4,I've forgotten my account PIN and I need to verify my identity to make changes.
TKT-2025-02699,13/10/2025 13:35,phone_transcript,Raj Xu,Nelson,Youth 15GB,Aroha N.,1,I've been charged $120 and I don't recognise this charge. Could a billing specialist please review my account?
TKT-2025-02700,13/10/2025 14:19,web_form,Grace Thomas,Auckland,Business Unlimited,Ben H.,3,My bill shows a late payment fee of $210 but I paid on time. I have bank confirmation.
TKT-2025-02701,13/10/2025 15:50,email,Ava Wilson,Wellington,Senior Easy Plan,Fatima R.,3,I was offered a promotional rate when I renewed but my current bill is full price.
TKT-2025-02702,13/10/2025 16:34,phone_transcript,Fatima Khan,Rotorua,Business Unlimited,David L.,,My number isn't receiving calls from overseas. Domestic calls are fine.
TKT-2025-02703,13/10/2025 18:11,web_form,Tane Wang,Palmerston North,SmartPlan 20GB,Amy S.,2,My account shows I'm using SmartPlan 20GB but I upgraded to Business Unlimited last month.
TKT-2025-02704,14/10/2025 08:52,email,Noah Evans,Hamilton,Senior Easy Plan,Aroha N.,4,My bill this month is $145 but I've been on the Senior Easy Plan for 3 months and it's always been $99. Something looks off.
TKT-2025-02705,14/10/2025 10:02,email,Xiao Faleolo,Auckland,Senior Easy Plan,Aroha N.,5,My autopay failed this month and I was charged a $15 fee. I'd like this waived as a first-time issue.
TKT-2025-02706,14/10/2025 11:11,app_support,Mia Miller,Wellington,Business 30GB,Aroha N.,,"Dear Support Team,

I am the account holder for business number ending in 4813. I would like to request a full audit of charges for the past 6 months as part of a financial review.

Kind regards,
Mia Miller"
TKT-2025-02707,14/10/2025 11:20,chatbot,Amelia Parata,Hamilton,Business Unlimited,Sarah M.,,My account email address has changed and I can't receive verification codes anymore.
TKT-2025-02708,14/10/2025 11:50,phone_transcript,Noah Lee,Wellington,SmartPlan 20GB,Amy S.,3,I'm experiencing intermittent data dropouts throughout the day in Wellington. This has been happening for 3 days.
TKT-2025-02709,14/10/2025 15:28,web_form,Harper Kumar,Tauranga,Unlimited Max,Sarah M.,3,I've been charged for an international calling plan that I never added to my account.
TKT-2025-02710,14/10/2025 15:38,chatbot,Evelyn Liu,Tauranga,Prepay 1GB,Aroha N.,3,My Wi-Fi calling has stopped working and I need technical support.
TKT-2025-02711,14/10/2025 17:26,phone_transcript,Liam Thomas,Hamilton,Unlimited Max,Raj P.,,I'm unable to send MMS messages to other networks. Regular SMS works fine.
TKT-2025-02712,15/10/2025 00:35,phone_transcript,Thomas Li,Dunedin,Business 30GB,David L.,4,My bill this month is $89 but I've been on the Business 30GB for 3 months and it's always been $99. Something looks off.
TKT-2025-02713,15/10/2025 08:16,web_form,Sione Harris,Christchurch,Essential 3GB,Mei W.,3,I want to pause my plan for 3 months while I'm overseas. Is that possible?
TKT-2025-02714,15/10/2025 08:39,chatbot,Ava Lee,Nelson,Pro Unlimited,David L.,1,I've been a customer for 9 years and the service quality has dropped significantly.
TKT-2025-02715,15/10/2025 11:30,web_form,Grace Khalil,Auckland,Business Unlimited,Tom F.,,I've called three times about the same billing issue and it still hasn't been resolved. This is unacceptable.
TKT-2025-02716,15/10/2025 11:36,social_facebook,Sanjay Martin,Auckland,Unlimited Max,Ben H.,4,I've moved to a new country and want to check my device is unlocked before I leave.
TKT-2025-02717,15/10/2025 11:38,live_chat,Jin Lee,Auckland,Prepay 1GB,Priya K.,4,My bill this month is $189 but I've been on the Prepay 1GB for 8 months and it's always been $89. Something looks off.
TKT-2025-02718,15/10/2025 15:06,chatbot,Daniel Miller,Auckland,Business 30GB,Aroha N.,4,My bill this month is $45 but I've been on the Business 30GB for 4 months and it's always been $79. Something looks off.
TKT-2025-02719,15/10/2025 17:13,chatbot,Sanjay Zhang,Wellington,SmartPlan 20GB,Sarah M.,3,Can I get a SIM card for my elderly mother? She needs something very simple.
TKT-2025-02720,15/10/2025 19:14,email,Sophia Williams,Whanganui,Family Share 60GB,Fatima R.,5,I'd like to add a data top-up to my Family Share 60GB. How long does it last?
TKT-2025-02721,16/10/2025 09:29,web_form,Ava Hassan,Palmerston North,Senior Easy Plan,Amy S.,,I want to make a formal complaint about the wait times on your phone line. I waited 90 minutes today.
TKT-2025-02722,16/10/2025 11:01,chatbot,Raj Roberts,Auckland,Business 30GB,Fatima R.,3,My bill this month is $60 but I've been on the Business 30GB for 3 months and it's always been $99. Something looks off.
TKT-2025-02723,16/10/2025 12:19,web_form,Jin Patel,Auckland,Senior Easy Plan,,,I want to pause my plan for 3 months while I'm overseas. Is that possible?
TKT-2025-02724,16/10/2025 13:10,web_form,Sione Williams,Wellington,Prepay 1GB,Aroha N.,3,I'm interested in switching my family of 4 to a shared plan. What are my options?
TKT-2025-02725,16/10/2025 15:53,web_form,Sione Wang,Whangarei,Business Unlimited,Amy S.,,I'd like an itemised bill for the last 3 months. The totals don't match what I expect.
TKT-2025-02726,16/10/2025 16:51,phone_transcript,Xiao Wang,Auckland,Youth 15GB,Raj P.,,My bill this month is $210 but I've been on the Youth 15GB for 4 months and it's always been $79. Something looks off.
TKT-2025-02727,16/10/2025 16:52,web_form,Luisa Kumar,Wellington,Business 30GB,Tom F.,,What is the difference between Business 30GB and Essential 3GB? I'm considering switching.
TKT-2025-02728,16/10/2025 20:03,chatbot,Amelia Khalil,Rotorua,Prepay 1GB,Fatima R.,4,My account shows I'm using Prepay 1GB but I upgraded to Business Unlimited last month.
TKT-2025-02729,16/10/2025 20:28,chatbot,Anika Taufa,Auckland,Essential 3GB,Ben H.,4,My account shows I'm using Essential 3GB but I upgraded to Unlimited Max last month.
TKT-2025-02730,16/10/2025 23:02,chatbot,Pita Heke,Palmerston North,Pro Unlimited,,3,I received no communication about a planned outage that affected my service for 7 hours.
TKT-2025-02731,17/10/2025 09:03,social_facebook,Xiao Harris,Invercargill,Family Share 60GB,Ngaio W.,4,"I'm consistently getting poor signal in my new apartment in Central, Invercargill."
TKT-2025-02732,17/10/2025 09:11,chatbot,Chloe Garcia,Christchurch,Essential 3GB,Raj P.,5,I was promised a discount when I signed up but my bill doesn't reflect it. I'm being charged $145 instead of $49.
TKT-2025-02733,17/10/2025 09:47,live_chat,William Mitchell,Wellington,Pro Unlimited,Connor B.,5,I found my phone after reporting it lost. Can you reactivate my service?
TKT-2025-02734,17/10/2025 11:48,email,Xiao Wilson,Dunedin,Senior Easy Plan,Ngaio W.,2,My eSIM profile disappeared after a factory reset. How do I restore it?
TKT-2025-02735,17/10/2025 13:08,live_chat,Sophia Jones,Nelson,SmartPlan 20GB,Raj P.,,My bill this month is $189 but I've been on the SmartPlan 20GB for 9 months and it's always been $79. Something looks off.
TKT-2025-02736,17/10/2025 16:09,email,Mere Taylor,Blenheim,Essential 3GB,Fatima R.,2,My bill this month is $120 but I've been on the Essential 3GB for 13 months and it's always been $99. Something looks off.
TKT-2025-02737,17/10/2025 17:12,social_twitter,Aroha Hassan,Hamilton,Unlimited Max,Jake S.,4,I cancelled my insurance add-on last last week but I'm still being billed $45 for it.
TKT-2025-02738,17/10/2025 19:35,web_form,Daniel Wilson,Wellington,Essential 3GB,Fatima R.,,I was promised a callback within 24 hours and I'm still waiting after 8 days.
TKT-2025-02739,18/10/2025 08:14,email,Dev Walker,Nelson,Family Share 60GB,Ben H.,2,"I'm consistently getting poor signal in my new apartment in CBD, Nelson."
TKT-2025-02740,18/10/2025 09:04,social_twitter,Pita Xu,Wellington,Essential 3GB,Raj P.,5,I would like to change my current Essential 3GB plan and need to understand my options.
TKT-2025-02741,18/10/2025 10:39,chatbot,Ava Khan,Auckland,Unlimited Max,Tom F.,3,I ported my number last month and was charged by both carriers. I need a refund.
TKT-2025-02742,18/10/2025 15:54,social_facebook,William Liu,Nelson,Prepay 1GB,Connor B.,,"I'm consistently getting poor signal in my new apartment in West, Nelson."
TKT-2025-02743,19/10/2025 14:51,app_support,Pita Heke,Dunedin,Business Unlimited,Jake S.,4,My bill this month is $30 but I've been on the Business Unlimited for 14 months and it's always been $79. Something looks off.
TKT-2025-02744,19/10/2025 14:53,email,Isabella Garcia,Wellington,Essential 3GB,Aroha N.,4,My data speed has been extremely slow recently - I'm getting under 1Mbps on Essential 3GB.
TKT-2025-02745,19/10/2025 15:09,live_chat,Aroha Hassan,Palmerston North,Youth 15GB,Lisa C.,5,I need to update the credit card on my account as my old card has expired.
TKT-2025-02746,20/10/2025 09:13,social_facebook,Pita Taylor,Christchurch,Business 30GB,Sarah M.,,My bill this month is $60 but I've been on the Business 30GB for 10 months and it's always been $49. Something looks off.
TKT-2025-02747,20/10/2025 13:39,web_form,Olivia Roberts,New Plymouth,Unlimited Max,Lisa C.,,Calls to landlines are cutting out after exactly 30 minutes every time.
TKT-2025-02748,20/10/2025 14:16,web_form,Tane Hassan,Gisborne,Youth 15GB,Tom F.,4,My bill this month is $75 but I've been on the Youth 15GB for 9 months and it's always been $99. Something looks off.
TKT-2025-02749,20/10/2025 14:19,social_facebook,Henry Williams,Whangarei,Unlimited Max,Aroha N.,4,"I'm consistently getting poor signal in my new apartment in Valley, Whangarei."
TKT-2025-02750,20/10/2025 15:01,email,Jack Wang,Christchurch,Youth 15GB,,,My Wi-Fi calling has stopped working and I need technical support.
TKT-2025-02751,20/10/2025 15:35,email,Thomas Zhang,Wellington,Prepay 1GB,Lisa C.,3,My bill this month is $210 but I've been on the Prepay 1GB for 13 months and it's always been $59. Something looks off.
TKT-2025-02752,20/10/2025 23:12,email,William Tuimavave,Nelson,Business Unlimited,Aroha N.,4,"Since the network update last week, I've had no mobile coverage at my workplace."
TKT-2025-02753,21/10/2025 07:35,social_facebook,Ethan Tuimavave,Hamilton,Essential 3GB,Ngaio W.,4,My account is locked after too many failed login attempts.
TKT-2025-02754,21/10/2025 09:03,chatbot,Tane Liu,Invercargill,Essential 3GB,Raj P.,,I've moved to a new country and want to check my device is unlocked before I leave.
TKT-2025-02755,21/10/2025 09:04,email,Thomas Xu,Auckland,Essential 3GB,Mei W.,,I bought a new phone and I want to check it's compatible with your network.
TKT-2025-02756,21/10/2025 11:38,chatbot,Thomas Nguyen,Gisborne,Unlimited Max,Sarah M.,2,I need to transfer ownership of this account to my business.
TKT-2025-02757,21/10/2025 12:29,web_form,Sophie Evans,Tauranga,Senior Easy Plan,Ben H.,5,"Since the network update last week, I've had no mobile coverage at my workplace."
TKT-2025-02758,21/10/2025 15:06,email,Jack Thompson,Auckland,Family Share 60GB,Mei W.,5,"Since the network update last week, I've had no mobile coverage at my workplace."
TKT-2025-02759,21/10/2025 16:35,web_form,Mia Nguyen,Auckland,Youth 15GB,Priya K.,2,My data speed has been extremely slow recently - I'm getting under 1Mbps on Youth 15GB.
TKT-2025-02760,21/10/2025 17:24,chatbot,Luisa Thompson,Christchurch,Business 30GB,,5,International roaming isn't working in Australia even though I have the roaming add-on active.
TKT-2025-02761,22/10/2025 06:09,web_form,Mei Khan,Christchurch,Business 30GB,,3,I am unable to access my account online and need help resetting my login details.
TKT-2025-02762,22/10/2025 07:43,phone_transcript,Hemi Walker,Wellington,Prepay 1GB,Connor B.,3,Can I keep my number if I switch to a different plan? I've had this number for 10 years.
TKT-2025-02763,22/10/2025 08:57,chatbot,William Faleolo,Auckland,Pro Unlimited,Ben H.,3,"Dear Support Team,

I am the account holder for business number ending in 6561. I would like to request a full audit of charges for the past 6 months as part of a financial review.

Kind regards,
William Faleolo"
TKT-2025-02764,22/10/2025 10:25,chatbot,Hassan Walker,Auckland,Business 30GB,,5,I can't see my usage history beyond 60 days in the app. I need records for a dispute.
TKT-2025-02765,22/10/2025 10:30,chatbot,Hemi Harris,Auckland,Business 30GB,Amy S.,5,I was told I could upgrade mid-contract without fees but now I'm being quoted a break fee.
TKT-2025-02766,22/10/2025 12:36,live_chat,Oliver Xu,Auckland,Youth 15GB,Mei W.,3,"Since the network update last week, I've had no mobile coverage at my workplace."
TKT-2025-02767,22/10/2025 13:36,email,Raj Johnson,Napier,Business Unlimited,Raj P.,4,I received no communication about a planned outage that affected my service for 5 hours.
TKT-2025-02768,22/10/2025 14:11,email,Rangi Ali,Tauranga,Essential 3GB,James T.,3,My account is locked after too many failed login attempts.
TKT-2025-02769,22/10/2025 14:54,email,Jin Khan,Auckland,Senior Easy Plan,,5,My hotspot feature stopped working after I updated my phone. I've checked the settings.
TKT-2025-02770,22/10/2025 15:02,social_facebook,Daniel Johnson,Dunedin,SmartPlan 20GB,Raj P.,3,I am unable to access my account online and need help resetting my login details.
TKT-2025-02771,22/10/2025 20:01,social_facebook,Isabella Thomas,Auckland,Business Unlimited,Fatima R.,2,I received no communication about a planned outage that affected my service for 4 hours.
TKT-2025-02772,23/10/2025 10:35,phone_transcript,Isabella Nguyen,Rotorua,SmartPlan 20GB,James T.,,I want to make a formal complaint about the wait times on your phone line. I waited 75 minutes today.
TKT-2025-02773,23/10/2025 11:07,phone_transcript,Emma Roberts,Auckland,Family Share 60GB,,2,My student discount isn't being applied to my current bill. I submitted my student ID last month.
TKT-2025-02774,23/10/2025 11:55,social_twitter,Chloe Tuimavave,Auckland,Business Unlimited,Connor B.,4,My bill this month is $145 but I've been on the Business Unlimited for 17 months and it's always been $49. Something looks off.
TKT-2025-02775,23/10/2025 13:45,chatbot,Noah Martin,Auckland,Prepay 1GB,Ngaio W.,2,My phone shows full signal but calls keep dropping mid-conversation.
TKT-2025-02776,23/10/2025 14:41,email,Oliver Jones,Christchurch,Youth 15GB,Jake S.,3,My account shows I'm using Youth 15GB but I upgraded to Prepay 1GB last month.
TKT-2025-02777,23/10/2025 15:07,chatbot,Charlie Singh,Dunedin,SmartPlan 20GB,James T.,4,My bill this month is $20 but I've been on the SmartPlan 20GB for 16 months and it's always been $89. Something looks off.
TKT-2025-02778,23/10/2025 22:40,social_twitter,Chloe Anderson,New Plymouth,Pro Unlimited,Sarah M.,4,My bill this month is $75 but I've been on the Pro Unlimited for 17 months and it's always been $89. Something looks off.
TKT-2025-02779,23/10/2025 22:43,web_form,Sophie Singh,Wellington,Unlimited Max,Mei W.,3,I've moved to a new country and want to check my device is unlocked before I leave.
TKT-2025-02780,24/10/2025 08:44,web_form,George Khan,Auckland,Business 30GB,Jake S.,4,I need to update the credit card on my account as my old card has expired.
TKT-2025-02781,24/10/2025 09:40,web_form,Emma Wilson,Queenstown,SmartPlan 20GB,,,I've forgotten my account PIN and I need to verify my identity to make changes.
TKT-2025-02782,24/10/2025 10:50,social_facebook,Luisa Brown,Wellington,Senior Easy Plan,Lisa C.,4,My bill this month is $126 but I've been on the Senior Easy Plan for 4 months and it's always been $29. Something looks off.
TKT-2025-02783,24/10/2025 12:29,email,Dev Davies,Auckland,Pro Unlimited,Ben H.,3,I'm moving to Queenstown next month and would like to check coverage maps before deciding whether to stay with you.
TKT-2025-02784,24/10/2025 13:07,email,Raj Jones,Auckland,Essential 3GB,Connor B.,5,"Since the network update last week, I've had no mobile coverage at my workplace."
TKT-2025-02785,24/10/2025 14:42,email,Sione Wright,Wellington,Family Share 60GB,Ben H.,,Calls to landlines are cutting out after exactly 30 minutes every time.
TKT-2025-02786,24/10/2025 14:49,social_facebook,Mere Khan,Dunedin,Business Unlimited,Connor B.,5,My device is asking me for an unlock code. I purchased it through you 2 years ago.
TKT-2025-02787,24/10/2025 18:02,web_form,Oliver Lee,Wellington,SmartPlan 20GB,Lisa C.,3,"I'm consistently getting poor signal in my new apartment in Central, Wellington."
TKT-2025-02788,25/10/2025 17:03,web_form,Charlotte Hassan,Tauranga,Business 30GB,Connor B.,3,My bill this month is $60 but I've been on the Business 30GB for 11 months and it's always been $29. Something looks off.
TKT-2025-02789,26/10/2025 07:31,chatbot,Daniel Faleolo,Hamilton,Youth 15GB,Fatima R.,3,Can I keep my number if I switch to a different plan? I've had this number for 10 years.
TKT-2025-02790,26/10/2025 09:57,phone_transcript,Aroha Ngata,Wellington,Youth 15GB,Fatima R.,3,My bill this month is $99 but I've been on the Youth 15GB for 15 months and it's always been $49. Something looks off.
TKT-2025-02791,27/10/2025 00:58,web_form,Tane Khalil,Palmerston North,Senior Easy Plan,Ben H.,5,I'm unable to send MMS messages to other networks. Regular SMS works fine.
TKT-2025-02792,27/10/2025 07:45,chatbot,Xiao Martinez,Napier,SmartPlan 20GB,Tom F.,4,I've been a customer for 3 years and the service quality has dropped significantly.
TKT-2025-02793,27/10/2025 08:06,email,Oliver Jones,Auckland,Essential 3GB,Mei W.,,I've been a customer for 6 years and the service quality has dropped significantly.
TKT-2025-02794,27/10/2025 09:29,email,Sophia Khalil,Auckland,Unlimited Max,Fatima R.,,I can't see my usage history beyond 60 days in the app. I need records for a dispute.
TKT-2025-02795,27/10/2025 11:04,web_form,Mere Williams,Wellington,Business 30GB,Ben H.,,My bill this month is $15 but I've been on the Business 30GB for 7 months and it's always been $29. Something looks off.
TKT-2025-02796,27/10/2025 11:20,chatbot,Evelyn Heke,Auckland,Youth 15GB,Lisa C.,4,My 4G signal keeps dropping to 3G at my home address even though coverage maps show 4G here.
TKT-2025-02797,27/10/2025 16:14,email,Evelyn Ngata,Christchurch,SmartPlan 20GB,Mei W.,4,I'm experiencing intermittent data dropouts throughout the day in Christchurch. This has been happening for 11 days.
TKT-2025-02798,27/10/2025 17:07,phone_transcript,Jack Khalil,Dunedin,Unlimited Max,Ben H.,,I'm moving to Christchurch next month and would like to check coverage maps before deciding whether to stay with you.
TKT-2025-02799,27/10/2025 17:23,live_chat,Olivia Patel,Whanganui,Senior Easy Plan,David L.,,I want to downgrade my plan but I'm unsure of my contract obligations.
TKT-2025-02800,27/10/2025 17:42,social_facebook,Mere Heke,Napier,Essential 3GB,Aroha N.,,"Hello,

I've been attempting to resolve a technical issue with my Essential 3GB plan since October. Each time I call I'm told it will be escalated but I haven't heard back. Could a senior technician please contact me?

Thank you,
Mere Heke"
TKT-2025-02801,27/10/2025 20:30,social_twitter,Charlie Taylor,Auckland,Unlimited Max,Sarah M.,,I'm considering switching providers after this experience. I'd like to know my early exit options.
TKT-2025-02802,28/10/2025 08:57,app_support,James Wright,Auckland,Pro Unlimited,Lisa C.,4,My phone shows full signal but calls keep dropping mid-conversation.
TKT-2025-02803,28/10/2025 09:24,web_form,Harper Miller,Wellington,Family Share 60GB,,,My bill this month is $75 but I've been on the Family Share 60GB for 18 months and it's always been $49. Something looks off.
TKT-2025-02804,28/10/2025 09:56,chatbot,Oliver Ngata,Dunedin,Family Share 60GB,Raj P.,4,My bill this month is $30 but I've been on the Family Share 60GB for 6 months and it's always been $29. Something looks off.
TKT-2025-02805,28/10/2025 10:28,social_facebook,Oliver Thompson,Napier,Essential 3GB,Ben H.,4,My bill this month is $45 but I've been on the Essential 3GB for 10 months and it's always been $39. Something looks off.
TKT-2025-02806,28/10/2025 11:05,email,Anika Zhang,Christchurch,Prepay 1GB,Priya K.,4,My bill this month is $89 but I've been on the Prepay 1GB for 6 months and it's always been $99. Something looks off.
TKT-2025-02807,28/10/2025 11:09,social_facebook,Xiao Singh,Queenstown,Unlimited Max,Lisa C.,,My bill this month is $15 but I've been on the Unlimited Max for 11 months and it's always been $49. Something looks off.
TKT-2025-02808,28/10/2025 12:39,app_support,Grace Khalil,New Plymouth,Business Unlimited,Fatima R.,4,I'm interested in switching my family of 4 to a shared plan. What are my options?
TKT-2025-02809,28/10/2025 14:23,phone_transcript,George Thomas,Wellington,Youth 15GB,,4,My bill this month is $30 but I've been on the Youth 15GB for 18 months and it's always been $59. Something looks off.
TKT-2025-02810,28/10/2025 15:34,web_form,Sione Martin,Auckland,Pro Unlimited,Ngaio W.,3,My bill this month is $60 but I've been on the Pro Unlimited for 2 months and it's always been $59. Something looks off.
TKT-2025-02811,28/10/2025 15:57,social_twitter,Liam Xu,Queenstown,Youth 15GB,Sarah M.,3,"Dear Support Team,

I am the account holder for business number ending in 3992. I would like to request a full audit of charges for the past 6 months as part of a financial review.

Kind regards,
Liam Xu"
TKT-2025-02812,28/10/2025 16:29,web_form,Isabella Lee,Wellington,Business 30GB,Raj P.,1,I need to transfer ownership of this account to my business.
TKT-2025-02813,28/10/2025 17:53,chatbot,Mia Smith,Queenstown,Youth 15GB,David L.,4,My bill shows a late payment fee of $89 but I paid on time. I have bank confirmation.
TKT-2025-02814,28/10/2025 18:02,chatbot,Isabella Smith,Dunedin,Youth 15GB,,4,My bill this month is $20 but I've been on the Youth 15GB for 13 months and it's always been $49. Something looks off.
TKT-2025-02815,28/10/2025 18:08,live_chat,Emma Taufa,Whangarei,Essential 3GB,Tom F.,3,I'd like to add a data top-up to my Essential 3GB. How long does it last?
TKT-2025-02816,28/10/2025 18:27,phone_transcript,Mia Li,Whangarei,Senior Easy Plan,Ngaio W.,4,My account email address has changed and I can't receive verification codes anymore.
TKT-2025-02817,28/10/2025 18:37,live_chat,Isabella Khalil,Nelson,Business 30GB,Jake S.,3,My device is asking me for an unlock code. I purchased it through you 2 years ago.
TKT-2025-02818,28/10/2025 18:50,web_form,Jack Hassan,Napier,SmartPlan 20GB,Ben H.,,"I'm consistently getting poor signal in my new apartment in CBD, Napier."
TKT-2025-02819,28/10/2025 19:28,web_form,Mia Khalil,Wellington,SmartPlan 20GB,Fatima R.,5,I'd like to add a data top-up to my SmartPlan 20GB. How long does it last?
TKT-2025-02820,28/10/2025 21:04,phone_transcript,Charlotte Walker,Wellington,SmartPlan 20GB,Sarah M.,1,My bill shows a late payment fee of $15 but I paid on time. I have bank confirmation.
TKT-2025-02821,28/10/2025 22:27,web_form,George Ngata,Nelson,Essential 3GB,Tom F.,4,My bill this month is $126 but I've been on the Essential 3GB for 3 months and it's always been $29. Something looks off.
TKT-2025-02822,28/10/2025 23:22,email,Ethan Mitchell,Hamilton,Unlimited Max,,3,What is the difference between Unlimited Max and SmartPlan 20GB? I'm considering switching.
TKT-2025-02823,29/10/2025 08:23,email,Jack Roberts,Auckland,Essential 3GB,Tom F.,3,My bill this month is $120 but I've been on the Essential 3GB for 11 months and it's always been $39. Something looks off.
TKT-2025-02824,29/10/2025 08:58,web_form,Raj Wang,Auckland,Business Unlimited,,3,Can you explain the 'network access charge' of $20 on my latest invoice? I don't know what this is.
TKT-2025-02825,29/10/2025 09:21,social_facebook,Mei Wang,Wellington,Business Unlimited,,4,My bill this month is $120 but I've been on the Business Unlimited for 7 months and it's always been $29. Something looks off.
TKT-2025-02826,29/10/2025 09:22,web_form,Amelia Roberts,Auckland,Business Unlimited,Priya K.,3,I've been charged for an international calling plan that I never added to my account.
TKT-2025-02827,29/10/2025 09:47,email,Evelyn Williams,Napier,Family Share 60GB,Aroha N.,,"Since the network update last week, I've had no mobile coverage at my workplace."
TKT-2025-02828,29/10/2025 10:15,social_facebook,Raj Hassan,Christchurch,Pro Unlimited,David L.,,My bill this month is $99 but I've been on the Pro Unlimited for 11 months and it's always been $89. Something looks off.
TKT-2025-02829,29/10/2025 10:15,app_support,Charlie Garcia,Auckland,SmartPlan 20GB,,,I'm travelling to Gisborne next week and wanted to flag that I've had poor coverage there previously.
TKT-2025-02830,29/10/2025 10:17,social_facebook,Dev Martinez,Wellington,Senior Easy Plan,Sarah M.,2,I've been charged $210 and I don't recognise this charge. Could a billing specialist please review my account?
TKT-2025-02831,29/10/2025 10:29,web_form,Sophie Brown,Wellington,Prepay 1GB,,5,I switched from Prepay 1GB to SmartPlan 20GB mid-month and I think my pro-rata billing is wrong.
TKT-2025-02832,29/10/2025 10:36,web_form,Tane Garcia,Christchurch,Essential 3GB,Amy S.,,My bill this month is $99 but I've been on the Essential 3GB for 5 months and it's always been $49. Something looks off.
TKT-2025-02833,29/10/2025 13:03,web_form,Emma Khalil,Auckland,Unlimited Max,Aroha N.,,My bill this month is $30 but I've been on the Unlimited Max for 16 months and it's always been $89. Something looks off.
TKT-2025-02834,29/10/2025 13:30,live_chat,Charlie Li,Hamilton,Unlimited Max,Tom F.,4,My bill this month is $20 but I've been on the Unlimited Max for 14 months and it's always been $59. Something looks off.
TKT-2025-02835,29/10/2025 13:46,social_facebook,George Thompson,Wellington,SmartPlan 20GB,Mei W.,3,My bill this month is $30 but I've been on the SmartPlan 20GB for 13 months and it's always been $99. Something looks off.
TKT-2025-02836,29/10/2025 13:51,web_form,Sophia Tane,Wellington,Youth 15GB,David L.,3,My Wi-Fi calling has stopped working and I need technical support.
TKT-2025-02837,29/10/2025 14:48,web_form,Amelia Miller,Whangarei,SmartPlan 20GB,Amy S.,3,I ported my number last month and was charged by both carriers. I need a refund.
TKT-2025-02838,29/10/2025 17:50,web_form,Mia Zhang,Napier,Unlimited Max,,,I want to downgrade my plan but I'm unsure of my contract obligations.
TKT-2025-02839,29/10/2025 21:33,web_form,Charlie Zhang,Wellington,Business Unlimited,David L.,4,My bill this month is $89 but I've been on the Business Unlimited for 12 months and it's always been $79. Something looks off.
TKT-2025-02840,29/10/2025 23:09,email,Olivia Nguyen,Invercargill,Unlimited Max,Auto-response,3,There's an unexpected roaming charge of $210 on my account for June. I did not travel internationally.
TKT-2025-02841,30/10/2025 01:06,web_form,Grace Wilson,Auckland,Pro Unlimited,Ngaio W.,,I've lost my phone and need to suspend my service immediately.
TKT-2025-02842,30/10/2025 06:08,email,Sione Thompson,Whangarei,Family Share 60GB,Ben H.,,My bill this month is $210 but I've been on the Family Share 60GB for 14 months and it's always been $39. Something looks off.
TKT-2025-02843,30/10/2025 07:39,phone_transcript,Sophie Anderson,Dunedin,Youth 15GB,Connor B.,5,International roaming isn't working in Australia even though I have the roaming add-on active.
TKT-2025-02844,30/10/2025 09:55,phone_transcript,Charlotte Taufa,Wellington,Pro Unlimited,Connor B.,4,I am unable to access my account online and need help resetting my login details.
TKT-2025-02845,30/10/2025 09:55,web_form,Ava Zhang,Gisborne,Unlimited Max,James T.,4,My bill shows a late payment fee of $120 but I paid on time. I have bank confirmation.
TKT-2025-02846,30/10/2025 10:09,web_form,Sophie Tane,Auckland,Senior Easy Plan,Mei W.,3,My bill this month is $120 but I've been on the Senior Easy Plan for 9 months and it's always been $79. Something looks off.
TKT-2025-02847,30/10/2025 10:47,phone_transcript,Sophia Zhang,Rotorua,SmartPlan 20GB,Connor B.,,My autopay failed this month and I was charged a $15 fee. I'd like this waived as a first-time issue.
TKT-2025-02848,30/10/2025 11:19,web_form,Anika Martin,Nelson,Business 30GB,Mei W.,,My bill this month is $20 but I've been on the Business 30GB for 4 months and it's always been $79. Something looks off.
TKT-2025-02849,30/10/2025 11:50,web_form,Emma Wilson,Auckland,Business Unlimited,,4,There's an unexpected roaming charge of $126 on my account for March. I did not travel internationally.
TKT-2025-02850,30/10/2025 13:23,chatbot,Priya Williams,Christchurch,Business 30GB,,4,I ported my number last month and was charged by both carriers. I need a refund.
TKT-2025-02851,30/10/2025 14:40,web_form,Pita Heke,Christchurch,Family Share 60GB,Lisa C.,5,My bill this month is $210 but I've been on the Family Share 60GB for 17 months and it's always been $39. Something looks off.
TKT-2025-02852,30/10/2025 15:08,email,Henry Anderson,Auckland,Family Share 60GB,Jake S.,3,My bill this month is $210 but I've been on the Family Share 60GB for 10 months and it's always been $99. Something looks off.
TKT-2025-02853,30/10/2025 15:29,email,James Nguyen,Wellington,Family Share 60GB,Raj P.,2,Data works on 4G but switches off entirely when I move to a 5G area.
TKT-2025-02854,30/10/2025 15:38,phone_transcript,Sanjay Wang,Whangarei,SmartPlan 20GB,,4,My hotspot feature stopped working after I updated my phone. I've checked the settings.
TKT-2025-02855,30/10/2025 15:48,app_support,Isabella Wright,New Plymouth,Business 30GB,,,My bill this month is $99 but I've been on the Business 30GB for 5 months and it's always been $89. Something looks off.
TKT-2025-02856,30/10/2025 16:08,live_chat,George Ali,Whangarei,Unlimited Max,Fatima R.,4,My bill this month is $89 but I've been on the Unlimited Max for 2 months and it's always been $39. Something looks off.
TKT-2025-02857,30/10/2025 21:23,web_form,Isabella Jones,Hamilton,Essential 3GB,Amy S.,4,My bill this month is $99 but I've been on the Essential 3GB for 9 months and it's always been $39. Something looks off.
TKT-2025-02858,30/10/2025 22:24,email,Evelyn Mitchell,Auckland,Prepay 1GB,Sarah M.,5,I'd like an itemised bill for the last 3 months. The totals don't match what I expect.
TKT-2025-02859,31/10/2025 05:27,phone_transcript,James Williams,Christchurch,Unlimited Max,David L.,,I'm getting 'SIM not provisioned' errors intermittently. My SIM is less than 6 months old.
TKT-2025-02860,31/10/2025 07:12,social_twitter,Emma Singh,Hamilton,Senior Easy Plan,Raj P.,3,Can you explain the 'network access charge' of $75 on my latest invoice? I don't know what this is.
TKT-2025-02861,31/10/2025 09:07,web_form,Harper Johnson,Wellington,Pro Unlimited,,5,My device is asking me for an unlock code. I purchased it through you 2 years ago.
TKT-2025-02862,31/10/2025 10:51,social_facebook,Priya Smith,Christchurch,Essential 3GB,Amy S.,2,My bill this month is $120 but I've been on the Essential 3GB for 3 months and it's always been $99. Something looks off.
TKT-2025-02863,31/10/2025 11:21,social_facebook,Sophie Kumar,Christchurch,Essential 3GB,Mei W.,2,My autopay failed this month and I was charged a $15 fee. I'd like this waived as a first-time issue.
TKT-2025-02864,31/10/2025 13:27,chatbot,George Mitchell,Auckland,Youth 15GB,Amy S.,3,I'm getting 'SIM not provisioned' errors intermittently. My SIM is less than 6 months old.
TKT-2025-02865,31/10/2025 13:27,email,Dev Wang,Palmerston North,Unlimited Max,,3,"Dear Support Team,

I am the account holder for business number ending in 2043. I would like to request a full audit of charges for the past 6 months as part of a financial review.

Kind regards,
Dev Wang"
TKT-2025-02866,31/10/2025 13:42,email,Rangi Evans,Hamilton,Unlimited Max,,4,I need to update the credit card on my account as my old card has expired.
TKT-2025-02867,31/10/2025 13:55,social_facebook,Rangi Kumar,Tauranga,Pro Unlimited,Tom F.,5,I'm getting 'SIM not provisioned' errors intermittently. My SIM is less than 6 months old.
TKT-2025-02868,31/10/2025 14:59,chatbot,Mei Ali,Hamilton,Pro Unlimited,David L.,1,My bill shows a late payment fee of $145 but I paid on time. I have bank confirmation.
TKT-2025-02869,31/10/2025 15:37,email,Chloe Taylor,Rotorua,Business Unlimited,,4,My bill this month is $120 but I've been on the Business Unlimited for 2 months and it's always been $59. Something looks off.
TKT-2025-02870,31/10/2025 16:39,phone_transcript,Luisa Parata,Whangarei,Business Unlimited,Mei W.,,There's an unexpected roaming charge of $75 on my account for December. I did not travel internationally.
TKT-2025-02871,31/10/2025 16:54,phone_transcript,Ethan Wright,Wellington,SmartPlan 20GB,Connor B.,4,My bill this month is $210 but I've been on the SmartPlan 20GB for 15 months and it's always been $79. Something looks off.
TKT-2025-02872,31/10/2025 17:28,live_chat,Mei Johnson,Christchurch,Pro Unlimited,Mei W.,4,My bill this month is $210 but I've been on the Pro Unlimited for 16 months and it's always been $29. Something looks off.
TKT-2025-02873,31/10/2025 21:22,chatbot,Mere Zhang,Christchurch,Pro Unlimited,Tom F.,3,My bill this month is $60 but I've been on the Pro Unlimited for 8 months and it's always been $29. Something looks off.
TKT-2025-02874,01/11/2025 10:25,web_form,Daniel Garcia,Auckland,Pro Unlimited,,4,I'm experiencing intermittent data dropouts throughout the day in Auckland. This has been happening for 2 days.
TKT-2025-02875,01/11/2025 10:39,web_form,Amelia Roberts,Christchurch,Business 30GB,Ben H.,4,Data works on 4G but switches off entirely when I move to a 5G area.
TKT-2025-02876,01/11/2025 12:39,phone_transcript,Jack Anderson,Auckland,Business 30GB,Jake S.,,My phone shows full signal but calls keep dropping mid-conversation.
TKT-2025-02877,01/11/2025 16:44,social_twitter,Tane Evans,Hamilton,Essential 3GB,James T.,4,I've been charged $189 and I don't recognise this charge. Could a billing specialist please review my account?
TKT-2025-02878,01/11/2025 18:56,live_chat,Ethan Kumar,Christchurch,Youth 15GB,,4,"Since the network update last week, I've had no mobile coverage at my workplace."
TKT-2025-02879,01/11/2025 19:09,social_twitter,Noah Martin,Tauranga,Business Unlimited,Ben H.,5,I was offered a promotional rate when I renewed but my current bill is full price.
TKT-2025-02880,01/11/2025 21:31,app_support,Priya Davies,Auckland,Senior Easy Plan,,4,I was offered a promotional rate when I renewed but my current bill is full price.
TKT-2025-02881,02/11/2025 01:30,email,Evelyn Taylor,Wellington,Business 30GB,David L.,,I've moved to a new country and want to check my device is unlocked before I leave.
TKT-2025-02882,02/11/2025 06:21,email,Xiao Taylor,Hamilton,Essential 3GB,Tom F.,,My bill this month is $15 but I've been on the Essential 3GB for 6 months and it's always been $89. Something looks off.
TKT-2025-02883,02/11/2025 11:30,web_form,Mei Khan,Tauranga,SmartPlan 20GB,Ngaio W.,,Calls to landlines are cutting out after exactly 30 minutes every time.
TKT-2025-02884,02/11/2025 12:28,social_twitter,Xiao Parata,Nelson,Senior Easy Plan,Priya K.,,My autopay failed this month and I was charged a $15 fee. I'd like this waived as a first-time issue.
TKT-2025-02885,02/11/2025 13:36,chatbot,Ravi Zhang,Auckland,Senior Easy Plan,Raj P.,3,I've lost my phone and need to suspend my service immediately.
TKT-2025-02886,02/11/2025 16:07,chatbot,Charlie Kumar,Auckland,Prepay 1GB,Ngaio W.,3,I cancelled my insurance add-on last last month but I'm still being billed $145 for it.
TKT-2025-02887,02/11/2025 16:08,live_chat,Amelia Miller,Auckland,Family Share 60GB,Tom F.,3,I cancelled my insurance add-on last last week but I'm still being billed $75 for it.
TKT-2025-02888,02/11/2025 19:06,email,Charlie Xu,Timaru,Unlimited Max,,2,I ported my number last month and was charged by both carriers. I need a refund.
TKT-2025-02889,02/11/2025 19:17,chatbot,Pita Taufa,Wellington,Business Unlimited,Raj P.,,There's a $30 reconnection fee on my bill but I never requested a disconnection.
TKT-2025-02890,02/11/2025 19:18,social_facebook,Charlotte Zhang,Wellington,Youth 15GB,Lisa C.,5,My bill this month is $30 but I've been on the Youth 15GB for 12 months and it's always been $39. Something looks off.
TKT-2025-02891,03/11/2025 08:03,phone_transcript,Evelyn Jones,Hamilton,Pro Unlimited,Amy S.,4,My account is locked after too many failed login attempts.
TKT-2025-02892,03/11/2025 09:17,phone_transcript,Amelia Ali,Auckland,Youth 15GB,Mei W.,4,My bill this month is $45 but I've been on the Youth 15GB for 7 months and it's always been $49. Something looks off.
TKT-2025-02893,03/11/2025 09:58,chatbot,Xiao Li,Wellington,Business Unlimited,Sarah M.,5,What is the difference between Business Unlimited and Essential 3GB? I'm considering switching.
TKT-2025-02894,03/11/2025 12:59,social_twitter,Olivia Patel,Tauranga,Business 30GB,James T.,3,"Dear Support Team,

I am the account holder for business number ending in 3657. I would like to request a full audit of charges for the past 6 months as part of a financial review.

Kind regards,
Olivia Patel"
TKT-2025-02895,03/11/2025 14:06,chatbot,Charlotte Nguyen,Auckland,Family Share 60GB,Sarah M.,,My number isn't receiving calls from overseas. Domestic calls are fine.
TKT-2025-02896,03/11/2025 14:35,web_form,Rangi Faleolo,Timaru,Business Unlimited,Jake S.,4,My bill this month is $20 but I've been on the Business Unlimited for 18 months and it's always been $39. Something looks off.
TKT-2025-02897,03/11/2025 14:52,live_chat,Sanjay Nguyen,Auckland,Family Share 60GB,Mei W.,4,I ported my number last month and was charged by both carriers. I need a refund.
TKT-2025-02898,03/11/2025 17:22,chatbot,Grace Parata,Christchurch,Essential 3GB,James T.,3,I want to make a formal complaint about the wait times on your phone line. I waited 45 minutes today.
TKT-2025-02899,03/11/2025 20:05,chatbot,Faleolo Singh,Wellington,SmartPlan 20GB,Aroha N.,2,There's an unexpected roaming charge of $89 on my account for April. I did not travel internationally.
TKT-2025-02900,03/11/2025 22:52,chatbot,Hemi Jones,Dunedin,Family Share 60GB,,2,My bill this month is $145 but I've been on the Family Share 60GB for 6 months and it's always been $89. Something looks off.
TKT-2025-02901,04/11/2025 07:57,chatbot,Sophie Brown,Wellington,Family Share 60GB,Auto-response,,I can't make or receive calls while connected to Wi-Fi. The issue started 13 days ago.
TKT-2025-02902,04/11/2025 08:22,phone_transcript,James Thompson,Dunedin,Youth 15GB,Aroha N.,,My bill this month is $120 but I've been on the Youth 15GB for 17 months and it's always been $39. Something looks off.
TKT-2025-02903,04/11/2025 08:46,web_form,Daniel Nguyen,Auckland,Essential 3GB,Fatima R.,2,My voicemail isn't recording messages. Callers say they hear the greeting but nothing is saved.
TKT-2025-02904,04/11/2025 10:02,web_form,Charlotte Lee,Nelson,Unlimited Max,Connor B.,4,I was offered a promotional rate when I renewed but my current bill is full price.
TKT-2025-02905,04/11/2025 12:12,email,Sanjay Williams,Christchurch,Youth 15GB,Ben H.,,My number isn't receiving calls from overseas. Domestic calls are fine.
TKT-2025-02906,04/11/2025 12:47,email,George Jones,Napier,SmartPlan 20GB,Aroha N.,5,I've been charged $45 and I don't recognise this charge. Could a billing specialist please review my account?
TKT-2025-02907,04/11/2025 13:32,phone_transcript,Evelyn Wright,Gisborne,Pro Unlimited,,,I ported my number last month and was charged by both carriers. I need a refund.
TKT-2025-02908,04/11/2025 14:55,phone_transcript,Charlotte Zhang,Whangarei,Business Unlimited,Auto-response,,I cancelled my international calling add-on last last week but I'm still being billed $75 for it.
TKT-2025-02909,04/11/2025 15:34,live_chat,Charlie Roberts,Tauranga,Pro Unlimited,,1,My account shows I'm using Pro Unlimited but I upgraded to Senior Easy Plan last month.
TKT-2025-02910,04/11/2025 15:53,web_form,Xiao Wang,Auckland,Business Unlimited,,4,I need to change my SIM card size as I've upgraded my phone.
TKT-2025-02911,04/11/2025 16:05,phone_transcript,Hassan Smith,Queenstown,Unlimited Max,Aroha N.,5,My bill this month is $210 but I've been on the Unlimited Max for 4 months and it's always been $39. Something looks off.
TKT-2025-02912,04/11/2025 17:11,live_chat,Jack Williams,Wellington,Unlimited Max,,2,Data works on 4G but switches off entirely when I move to a 5G area.
TKT-2025-02913,04/11/2025 18:26,chatbot,Sanjay Patel,Auckland,Prepay 1GB,Tom F.,2,I'd like an itemised bill for the last 3 months. The totals don't match what I expect.
TKT-2025-02914,04/11/2025 20:11,email,Dev Ngata,Auckland,Unlimited Max,David L.,3,My bill this month is $30 but I've been on the Unlimited Max for 3 months and it's always been $29. Something looks off.
TKT-2025-02915,05/11/2025 08:49,live_chat,Charlie Faleolo,Auckland,Prepay 1GB,Mei W.,5,My bill this month is $89 but I've been on the Prepay 1GB for 3 months and it's always been $29. Something looks off.
TKT-2025-02916,05/11/2025 10:28,phone_transcript,Priya Patel,Auckland,Business Unlimited,Tom F.,3,"Dear Support Team,

I am the account holder for business number ending in 5215. I would like to request a full audit of charges for the past 6 months as part of a financial review.

Kind regards,
Priya Patel"
TKT-2025-02917,05/11/2025 10:40,web_form,Daniel Wright,Nelson,Prepay 1GB,Connor B.,,"Dear Support Team,

I am the account holder for business number ending in 4512. I would like to request a full audit of charges for the past 6 months as part of a financial review.

Kind regards,
Daniel Wright"
TKT-2025-02918,05/11/2025 10:43,chatbot,Jack Taufa,Dunedin,Unlimited Max,David L.,,I've been charged for an international calling plan that I never added to my account.
TKT-2025-02919,05/11/2025 10:51,chatbot,Aroha Martin,Hamilton,Unlimited Max,Connor B.,3,I was told I could upgrade mid-contract without fees but now I'm being quoted a break fee.
TKT-2025-02920,05/11/2025 12:48,social_twitter,Mia Roberts,Christchurch,SmartPlan 20GB,Aroha N.,,My bill this month is $60 but I've been on the SmartPlan 20GB for 8 months and it's always been $89. Something looks off.
TKT-2025-02921,05/11/2025 16:14,phone_transcript,Priya Patel,Auckland,Youth 15GB,Tom F.,3,Mobile data works but I can't make voice calls. I've tried restarting my phone multiple times.
TKT-2025-02922,05/11/2025 16:25,chatbot,Anika Wilson,Dunedin,Essential 3GB,Amy S.,3,I received no communication about a planned outage that affected my service for 6 hours.
TKT-2025-02923,05/11/2025 16:49,phone_transcript,Olivia Harris,Nelson,Family Share 60GB,Priya K.,1,I was promised a discount when I signed up but my bill doesn't reflect it. I'm being charged $145 instead of $59.
TKT-2025-02924,05/11/2025 18:10,chatbot,Charlotte Parata,Invercargill,Business 30GB,Fatima R.,,My bill this month is $99 but I've been on the Business 30GB for 18 months and it's always been $29. Something looks off.
TKT-2025-02925,06/11/2025 07:41,chatbot,Ravi Garcia,Hamilton,Business 30GB,Auto-response,4,I've been sent to the wrong department four times and nobody seems able to help.
TKT-2025-02926,06/11/2025 09:03,social_facebook,Dev Anderson,Blenheim,Senior Easy Plan,,3,There's an unexpected roaming charge of $189 on my account for March. I did not travel internationally.
TKT-2025-02927,06/11/2025 09:03,email,Hassan Wang,Hamilton,Business 30GB,James T.,,What is the difference between Business 30GB and SmartPlan 20GB? I'm considering switching.
TKT-2025-02928,06/11/2025 10:00,web_form,Henry Jones,Tauranga,Pro Unlimited,Lisa C.,4,My voicemail isn't recording messages. Callers say they hear the greeting but nothing is saved.
TKT-2025-02929,06/11/2025 10:26,social_facebook,Daniel Patel,Tauranga,Youth 15GB,Amy S.,,My bill this month is $145 but I've been on the Youth 15GB for 18 months and it's always been $39. Something looks off.
TKT-2025-02930,06/11/2025 10:27,social_facebook,William Wright,Auckland,SmartPlan 20GB,,3,I cancelled my data boost add-on last last month but I'm still being billed $89 for it.
TKT-2025-02931,06/11/2025 13:31,social_twitter,Charlotte Wilson,Auckland,Youth 15GB,Fatima R.,4,My voicemail isn't recording messages. Callers say they hear the greeting but nothing is saved.
TKT-2025-02932,06/11/2025 15:22,web_form,Rangi Liu,Dunedin,Prepay 1GB,Aroha N.,3,I need to update the credit card on my account as my old card has expired.
TKT-2025-02933,06/11/2025 17:34,phone_transcript,Raj Wang,Christchurch,Pro Unlimited,Jake S.,,My account email address has changed and I can't receive verification codes anymore.
TKT-2025-02934,06/11/2025 17:42,live_chat,Isabella Walker,Wellington,Prepay 1GB,,4,Data works on 4G but switches off entirely when I move to a 5G area.
TKT-2025-02935,06/11/2025 23:30,web_form,Sophie Wilson,New Plymouth,Youth 15GB,Ngaio W.,3,Calls to landlines are cutting out after exactly 30 minutes every time.
TKT-2025-02936,07/11/2025 06:50,web_form,Sophie Tane,Christchurch,SmartPlan 20GB,Connor B.,3,My autopay failed this month and I was charged a $15 fee. I'd like this waived as a first-time issue.
TKT-2025-02937,07/11/2025 08:55,phone_transcript,Olivia Li,Whangarei,Pro Unlimited,Raj P.,4,My bill this month is $120 but I've been on the Pro Unlimited for 4 months and it's always been $79. Something looks off.
TKT-2025-02938,07/11/2025 09:10,email,Sophia Wang,Auckland,SmartPlan 20GB,Fatima R.,3,I need to update the credit card on my account as my old card has expired.
TKT-2025-02939,07/11/2025 09:50,social_facebook,Mia Ali,Christchurch,Youth 15GB,Mei W.,4,My Wi-Fi calling has stopped working and I need technical support.
TKT-2025-02940,07/11/2025 10:44,phone_transcript,Oliver Thompson,Invercargill,SmartPlan 20GB,Jake S.,3,My bill this month is $45 but I've been on the SmartPlan 20GB for 5 months and it's always been $99. Something looks off.
TKT-2025-02941,07/11/2025 14:00,web_form,Priya Li,Christchurch,Pro Unlimited,Amy S.,4,The agent I spoke to last Monday was very unhelpful and dismissive of my issue.
TKT-2025-02942,07/11/2025 16:39,web_form,James Patel,Auckland,Family Share 60GB,Mei W.,3,My voicemail isn't recording messages. Callers say they hear the greeting but nothing is saved.
TKT-2025-02943,07/11/2025 17:59,web_form,Mere Tane,Auckland,Business 30GB,Mei W.,4,I would like to add my partner to my account as an authorised person.
TKT-2025-02944,07/11/2025 19:45,chatbot,Pita Williams,Napier,Essential 3GB,Mei W.,,My data speed has been extremely slow recently - I'm getting under 1Mbps on Essential 3GB.
TKT-2025-02945,07/11/2025 21:43,email,Mei Tane,Nelson,Youth 15GB,Mei W.,3,Calls to landlines are cutting out after exactly 30 minutes every time.
TKT-2025-02946,08/11/2025 10:06,social_facebook,Ethan Thompson,Napier,Essential 3GB,Aroha N.,3,I'm unable to send MMS messages to other networks. Regular SMS works fine.
TKT-2025-02947,08/11/2025 16:24,live_chat,Priya Anderson,Wellington,Business 30GB,Sarah M.,2,I received no communication about a planned outage that affected my service for 3 hours.
TKT-2025-02948,09/11/2025 16:42,chatbot,George Thompson,Gisborne,Business 30GB,Priya K.,2,I'd like to add a data top-up to my Business 30GB. How long does it last?
TKT-2025-02949,10/11/2025 08:03,email,Hassan Johnson,Tauranga,Prepay 1GB,Auto-response,,I'd like to merge two accounts under my name into one.
TKT-2025-02950,10/11/2025 09:58,phone_transcript,Oliver Brown,Dunedin,Youth 15GB,Connor B.,,I can't make or receive calls while connected to Wi-Fi. The issue started 6 days ago.
TKT-2025-02951,10/11/2025 10:12,email,Hemi Martinez,Christchurch,Business Unlimited,Mei W.,3,Can you explain the 'network access charge' of $126 on my latest invoice? I don't know what this is.
TKT-2025-02952,10/11/2025 10:16,social_twitter,Sophie Johnson,Wellington,Family Share 60GB,Ngaio W.,4,My phone shows full signal but calls keep dropping mid-conversation.
TKT-2025-02953,10/11/2025 10:55,app_support,Harper Mitchell,Wellington,Business 30GB,Raj P.,3,I would like to change my current Business 30GB plan and need to understand my options.
TKT-2025-02954,10/11/2025 11:03,phone_transcript,Isabella Wang,Christchurch,Unlimited Max,James T.,4,My bill this month is $45 but I've been on the Unlimited Max for 11 months and it's always been $29. Something looks off.
TKT-2025-02955,10/11/2025 11:15,web_form,Olivia Taufa,Auckland,Unlimited Max,Amy S.,3,My bill this month is $126 but I've been on the Unlimited Max for 18 months and it's always been $29. Something looks off.
TKT-2025-02956,10/11/2025 14:31,phone_transcript,Rangi Roberts,Hamilton,Essential 3GB,Ngaio W.,3,I've forgotten my account PIN and I need to verify my identity to make changes.
TKT-2025-02957,11/11/2025 00:40,web_form,Charlie Brown,Wellington,Youth 15GB,,2,My data speed has been extremely slow recently - I'm getting under 1Mbps on Youth 15GB.
TKT-2025-02958,11/11/2025 01:54,email,Ethan Davies,Gisborne,Prepay 1GB,Mei W.,,I need a copy of my last 6 months of bills for a visa application.
TKT-2025-02959,11/11/2025 02:02,phone_transcript,Ethan Wright,Auckland,SmartPlan 20GB,Ngaio W.,5,I'm considering switching providers after this experience. I'd like to know my early exit options.
TKT-2025-02960,11/11/2025 08:25,chatbot,Olivia Tuimavave,Auckland,Senior Easy Plan,Sarah M.,5,I found my phone after reporting it lost. Can you reactivate my service?
TKT-2025-02961,11/11/2025 10:59,chatbot,Grace Davies,New Plymouth,SmartPlan 20GB,,,"I'm consistently getting poor signal in my new apartment in Central, New Plymouth."
TKT-2025-02962,11/11/2025 13:11,chatbot,Jin Anderson,Hamilton,Business 30GB,Priya K.,,Data works on 4G but switches off entirely when I move to a 5G area.
TKT-2025-02963,11/11/2025 13:34,email,Noah Smith,Auckland,Essential 3GB,,5,I was promised a callback within 24 hours and I'm still waiting after 11 days.
TKT-2025-02964,11/11/2025 13:49,web_form,Priya Ali,Hamilton,Business 30GB,,,I need to change my SIM card size as I've upgraded my phone.
TKT-2025-02965,11/11/2025 14:05,app_support,Fatima Ali,Auckland,Family Share 60GB,Ngaio W.,3,I believe I've been double-charged for my Family Share 60GB plan this month. Please investigate.
TKT-2025-02966,11/11/2025 14:09,web_form,Charlie Martinez,Christchurch,SmartPlan 20GB,Mei W.,2,My bill this month is $20 but I've been on the SmartPlan 20GB for 12 months and it's always been $99. Something looks off.
TKT-2025-02967,11/11/2025 14:36,email,Luisa Hassan,Whangarei,SmartPlan 20GB,James T.,4,My bill this month is $145 but I've been on the SmartPlan 20GB for 8 months and it's always been $99. Something looks off.
TKT-2025-02968,11/11/2025 15:34,chatbot,Tane Singh,Wellington,Youth 15GB,Amy S.,5,I've moved to a new country and want to check my device is unlocked before I leave.
TKT-2025-02969,11/11/2025 16:45,phone_transcript,Charlie Parata,Whanganui,Family Share 60GB,Lisa C.,,"Dear Support Team,

I am the account holder for business number ending in 6402. I would like to request a full audit of charges for the past 6 months as part of a financial review.

Kind regards,
Charlie Parata"
TKT-2025-02970,11/11/2025 16:46,social_twitter,Ravi Xu,New Plymouth,Unlimited Max,,,My bill this month is $210 but I've been on the Unlimited Max for 3 months and it's always been $49. Something looks off.
TKT-2025-02971,11/11/2025 17:24,phone_transcript,William Hassan,Auckland,Prepay 1GB,James T.,,I bought a new phone and I want to check it's compatible with your network.
TKT-2025-02972,11/11/2025 18:02,social_twitter,Chloe Walker,Christchurch,Business 30GB,David L.,,I've forgotten my account PIN and I need to verify my identity to make changes.
TKT-2025-02973,11/11/2025 19:08,phone_transcript,William Harris,Whangarei,Youth 15GB,Fatima R.,4,My account shows I'm using Youth 15GB but I upgraded to Pro Unlimited last month.
TKT-2025-02974,11/11/2025 20:55,web_form,Sophie Li,Tauranga,Essential 3GB,,2,Mobile data works but I can't make voice calls. I've tried restarting my phone multiple times.
TKT-2025-02975,12/11/2025 09:31,email,Oliver Evans,Christchurch,Prepay 1GB,Aroha N.,,I've lost my phone and need to suspend my service immediately.
TKT-2025-02976,12/11/2025 10:14,email,Daniel Miller,Palmerston North,Prepay 1GB,Amy S.,,I need a copy of my last 6 months of bills for a visa application.
TKT-2025-02977,12/11/2025 10:34,chatbot,Hemi Lee,Whangarei,Pro Unlimited,,4,I need a SIM card replacement for a trip abroad. My current one is too large for my new phone.
TKT-2025-02978,12/11/2025 12:02,chatbot,Evelyn Thompson,Napier,Essential 3GB,Ben H.,3,I want to downgrade my plan but I'm unsure of my contract obligations.
TKT-2025-02979,12/11/2025 12:07,app_support,Xiao Khan,Auckland,Unlimited Max,Connor B.,,I'm interested in switching my family of 4 to a shared plan. What are my options?
TKT-2025-02980,12/11/2025 12:22,email,Liam Liu,Whanganui,Essential 3GB,Auto-response,,I'd like to merge two accounts under my name into one.
TKT-2025-02981,12/11/2025 14:25,web_form,Hassan Heke,Christchurch,Prepay 1GB,Fatima R.,4,My bill this month is $89 but I've been on the Prepay 1GB for 7 months and it's always been $29. Something looks off.
TKT-2025-02982,12/11/2025 15:24,chatbot,Mei Ngata,Auckland,SmartPlan 20GB,Auto-response,5,Can you explain the 'network access charge' of $45 on my latest invoice? I don't know what this is.
TKT-2025-02983,12/11/2025 15:37,email,Aroha Wang,Christchurch,Business Unlimited,Ngaio W.,,I was promised a callback within 24 hours and I'm still waiting after 8 days.
TKT-2025-02984,12/11/2025 16:02,chatbot,Evelyn Kumar,Gisborne,Business Unlimited,Ben H.,,I've been charged for an international calling plan that I never added to my account.
TKT-2025-02985,12/11/2025 16:35,email,Mia Zhang,Tauranga,SmartPlan 20GB,Connor B.,4,There's an unexpected roaming charge of $189 on my account for November. I did not travel internationally.
TKT-2025-02986,12/11/2025 17:17,chatbot,George Thompson,Hamilton,Senior Easy Plan,Amy S.,5,I need to update my direct debit bank account details.
TKT-2025-02987,12/11/2025 18:52,chatbot,Harper Garcia,Dunedin,Family Share 60GB,James T.,2,I bought a new phone and I want to check it's compatible with your network.
TKT-2025-02988,13/11/2025 01:49,chatbot,Emma Jones,Christchurch,Pro Unlimited,,1,"Dear Support Team,

I am the account holder for business number ending in 8082. I would like to request a full audit of charges for the past 6 months as part of a financial review.

Kind regards,
Emma Jones"
TKT-2025-02989,13/11/2025 09:05,live_chat,Daniel Wang,Christchurch,Pro Unlimited,Lisa C.,3,My data speed has been extremely slow recently - I'm getting under 1Mbps on Pro Unlimited.
TKT-2025-02990,13/11/2025 10:18,app_support,Henry Khan,Wellington,Youth 15GB,Priya K.,,My bill this month is $30 but I've been on the Youth 15GB for 5 months and it's always been $79. Something looks off.
TKT-2025-02991,13/11/2025 10:30,chatbot,Faleolo Walker,Whanganui,SmartPlan 20GB,David L.,3,I've been sent to the wrong department four times and nobody seems able to help.
TKT-2025-02992,13/11/2025 10:50,email,Grace Johnson,Hamilton,Essential 3GB,David L.,,I can't make or receive calls while connected to Wi-Fi. The issue started 12 days ago.
TKT-2025-02993,13/11/2025 13:42,phone_transcript,Emma Davies,Christchurch,Youth 15GB,Mei W.,4,My bill this month is $75 but I've been on the Youth 15GB for 10 months and it's always been $99. Something looks off.
TKT-2025-02994,13/11/2025 14:54,chatbot,Daniel Johnson,Wellington,Business 30GB,Connor B.,2,My 4G signal keeps dropping to 3G at my home address even though coverage maps show 4G here.
TKT-2025-02995,13/11/2025 15:09,social_twitter,Charlie Faleolo,Queenstown,Prepay 1GB,Sarah M.,3,I've received a new phone but I'm having trouble transferring my number to the eSIM.
TKT-2025-02996,13/11/2025 15:58,web_form,Harper Harris,Palmerston North,SmartPlan 20GB,Connor B.,4,I'd like to add a second SIM to my account for a tablet.
TKT-2025-02997,13/11/2025 18:08,email,Sophia Wilson,Wellington,Senior Easy Plan,Mei W.,3,My bill this month is $210 but I've been on the Senior Easy Plan for 3 months and it's always been $39. Something looks off.
TKT-2025-02998,13/11/2025 18:48,web_form,Chloe Faleolo,Queenstown,Business 30GB,Priya K.,3,"I'm consistently getting poor signal in my new apartment in West, Queenstown."
TKT-2025-02999,13/11/2025 19:57,email,Sanjay Smith,Wellington,Senior Easy Plan,Sarah M.,5,I want to switch to a business plan but I'm not sure which tier suits my usage.
TKT-2025-03000,13/11/2025 20:33,chatbot,Raj Taylor,Invercargill,Youth 15GB,Sarah M.,4,My bill this month is $120 but I've been on the Youth 15GB for 11 months and it's always been $39. Something looks off.
TKT-2025-03001,13/11/2025 21:13,chatbot,Sophie Anderson,Auckland,SmartPlan 20GB,James T.,2,My bill this month is $145 but I've been on the SmartPlan 20GB for 15 months and it's always been $59. Something looks off.
TKT-2025-03002,14/11/2025 08:02,phone_transcript,Ethan Singh,Wellington,Family Share 60GB,Amy S.,,My bill this month is $30 but I've been on the Family Share 60GB for 17 months and it's always been $59. Something looks off.
TKT-2025-03003,14/11/2025 12:02,web_form,Pita Smith,Napier,Family Share 60GB,Lisa C.,3,Can I keep my number if I switch to a different plan? I've had this number for 10 years.
TKT-2025-03004,14/11/2025 16:08,phone_transcript,James Li,Hamilton,Youth 15GB,,5,My phone shows full signal but calls keep dropping mid-conversation.
TKT-2025-03005,14/11/2025 17:32,email,Sophia Taylor,Christchurch,Prepay 1GB,,3,I switched from Prepay 1GB to Business Unlimited mid-month and I think my pro-rata billing is wrong.
TKT-2025-03006,14/11/2025 17:47,live_chat,Priya Mitchell,Invercargill,Business 30GB,David L.,,I'd like an itemised bill for the last 3 months. The totals don't match what I expect.
TKT-2025-03007,14/11/2025 19:02,social_facebook,Jack Li,Wellington,Prepay 1GB,Jake S.,3,I was promised a callback within 24 hours and I'm still waiting after 4 days.
TKT-2025-03008,15/11/2025 14:28,phone_transcript,Fatima Ngata,Dunedin,Unlimited Max,Lisa C.,1,My voicemail isn't recording messages. Callers say they hear the greeting but nothing is saved.
TKT-2025-03009,16/11/2025 09:30,email,Thomas Thompson,Tauranga,Youth 15GB,,4,"I'm consistently getting poor signal in my new apartment in West, Tauranga."
TKT-2025-03010,16/11/2025 12:25,chatbot,Charlotte Parata,Wellington,Family Share 60GB,Mei W.,,I bought a new phone and I want to check it's compatible with your network.
TKT-2025-03011,16/11/2025 13:02,social_facebook,Dev Liu,Palmerston North,Essential 3GB,Lisa C.,5,There's a $30 reconnection fee on my bill but I never requested a disconnection.
TKT-2025-03012,16/11/2025 14:20,chatbot,William Wang,Wellington,Business Unlimited,James T.,3,Data works on 4G but switches off entirely when I move to a 5G area.
TKT-2025-03013,17/11/2025 06:11,phone_transcript,William Heke,Hamilton,Senior Easy Plan,Ngaio W.,,My bill this month is $60 but I've been on the Senior Easy Plan for 3 months and it's always been $49. Something looks off.
TKT-2025-03014,17/11/2025 06:58,chatbot,Sanjay Taufa,Auckland,SmartPlan 20GB,Ben H.,2,My bill this month is $15 but I've been on the SmartPlan 20GB for 6 months and it's always been $99. Something looks off.
TKT-2025-03015,17/11/2025 08:59,email,Ravi Tuimavave,Rotorua,Prepay 1GB,Sarah M.,5,I can't make or receive calls while connected to Wi-Fi. The issue started 12 days ago.
TKT-2025-03016,17/11/2025 09:18,email,Daniel Liu,Christchurch,SmartPlan 20GB,Amy S.,3,International roaming isn't working in Australia even though I have the roaming add-on active.
TKT-2025-03017,17/11/2025 09:48,email,Emma Evans,Gisborne,Unlimited Max,Auto-response,4,My hotspot feature stopped working after I updated my phone. I've checked the settings.
TKT-2025-03018,17/11/2025 10:38,social_facebook,Ethan Li,Auckland,Youth 15GB,Raj P.,2,I cancelled my data boost add-on last last week but I'm still being billed $189 for it.
TKT-2025-03019,17/11/2025 12:58,web_form,Sione Tuimavave,Wellington,Senior Easy Plan,Lisa C.,1,My bill this month is $30 but I've been on the Senior Easy Plan for 3 months and it's always been $59. Something looks off.
TKT-2025-03020,17/11/2025 14:23,web_form,Ravi Harris,Napier,Unlimited Max,Jake S.,4,My bill this month is $75 but I've been on the Unlimited Max for 4 months and it's always been $39. Something looks off.
TKT-2025-03021,17/11/2025 15:21,email,William Li,Auckland,Unlimited Max,Aroha N.,1,I was told I could upgrade mid-contract without fees but now I'm being quoted a break fee.
TKT-2025-03022,17/11/2025 17:16,live_chat,Oliver Xu,Auckland,Business Unlimited,Priya K.,2,My account email address has changed and I can't receive verification codes anymore.
TKT-2025-03023,17/11/2025 18:28,phone_transcript,George Thomas,Hamilton,Senior Easy Plan,Lisa C.,3,I'd like to merge two accounts under my name into one.
TKT-2025-03024,17/11/2025 23:11,email,Xiao Smith,New Plymouth,Senior Easy Plan,Lisa C.,3,I want to pause my plan for 3 months while I'm overseas. Is that possible?
TKT-2025-03025,18/11/2025 07:23,email,Isabella Evans,Palmerston North,Essential 3GB,Fatima R.,5,My bill this month is $30 but I've been on the Essential 3GB for 16 months and it's always been $39. Something looks off.
TKT-2025-03026,18/11/2025 08:03,phone_transcript,Faleolo Anderson,Whangarei,SmartPlan 20GB,Jake S.,3,Data works on 4G but switches off entirely when I move to a 5G area.
TKT-2025-03027,18/11/2025 08:24,web_form,James Williams,Auckland,Unlimited Max,Auto-response,,I was offered a promotional rate when I renewed but my current bill is full price.
TKT-2025-03028,18/11/2025 08:27,email,Ethan Parata,Christchurch,Business Unlimited,Auto-response,5,I ported my number last month and was charged by both carriers. I need a refund.
TKT-2025-03029,18/11/2025 09:55,chatbot,Charlotte Tane,Christchurch,Senior Easy Plan,Sarah M.,,I need a SIM card replacement for a trip abroad. My current one is too large for my new phone.
TKT-2025-03030,18/11/2025 10:39,web_form,Mia Khan,Auckland,Essential 3GB,Ben H.,4,I've been a customer for 10 years and the service quality has dropped significantly.
TKT-2025-03031,18/11/2025 11:00,social_twitter,Chloe Martin,Auckland,Essential 3GB,Amy S.,5,"Dear Support Team,

I am the account holder for business number ending in 9935. I would like to request a full audit of charges for the past 6 months as part of a financial review.

Kind regards,
Chloe Martin"
TKT-2025-03032,18/11/2025 11:18,social_twitter,Faleolo Khan,Dunedin,Youth 15GB,Mei W.,5,"Dear Support Team,

I am the account holder for business number ending in 7936. I would like to request a full audit of charges for the past 6 months as part of a financial review.

Kind regards,
Faleolo Khan"
TKT-2025-03033,18/11/2025 12:32,web_form,William Garcia,Christchurch,Business Unlimited,Ben H.,3,What is the difference between Business Unlimited and Unlimited Max? I'm considering switching.
TKT-2025-03034,18/11/2025 14:05,live_chat,Jack Davies,Whangarei,Prepay 1GB,Auto-response,4,"I'm consistently getting poor signal in my new apartment in Central, Whangarei."
TKT-2025-03035,18/11/2025 14:31,phone_transcript,Olivia Thompson,Christchurch,SmartPlan 20GB,Aroha N.,3,My bill this month is $120 but I've been on the SmartPlan 20GB for 13 months and it's always been $29. Something looks off.
TKT-2025-03036,18/11/2025 16:49,phone_transcript,George Thompson,Christchurch,Unlimited Max,,,I need to transfer ownership of this account to my business.
TKT-2025-03037,18/11/2025 17:53,web_form,Harper Parata,Auckland,Youth 15GB,James T.,,I want to escalate my complaint to a manager. My issue has been ongoing for 2 weeks.
TKT-2025-03038,19/11/2025 07:42,web_form,Grace Martin,Dunedin,SmartPlan 20GB,Aroha N.,5,I can't make or receive calls while connected to Wi-Fi. The issue started 12 days ago.
TKT-2025-03039,19/11/2025 08:01,email,Sophie Thompson,Auckland,Family Share 60GB,,5,My data speed has been extremely slow recently - I'm getting under 1Mbps on Family Share 60GB.
TKT-2025-03040,19/11/2025 09:20,live_chat,Chloe Parata,Wellington,Family Share 60GB,Ngaio W.,4,I ported my number last month and was charged by both carriers. I need a refund.
TKT-2025-03041,19/11/2025 10:10,social_facebook,William Tane,Christchurch,Family Share 60GB,Amy S.,5,My bill this month is $126 but I've been on the Family Share 60GB for 6 months and it's always been $49. Something looks off.
TKT-2025-03042,19/11/2025 11:28,email,Henry Nguyen,Auckland,Youth 15GB,Mei W.,,I've been charged for an international calling plan that I never added to my account.
TKT-2025-03043,19/11/2025 11:39,web_form,Olivia Miller,Blenheim,SmartPlan 20GB,,1,Can I keep my number if I switch to a different plan? I've had this number for 10 years.
TKT-2025-03044,19/11/2025 13:43,email,Tane Wang,Invercargill,Business 30GB,David L.,,"I'm consistently getting poor signal in my new apartment in East, Invercargill."
TKT-2025-03045,19/11/2025 14:30,email,Charlie Anderson,Hamilton,Senior Easy Plan,Amy S.,4,I found my phone after reporting it lost. Can you reactivate my service?
TKT-2025-03046,19/11/2025 17:34,chatbot,George Williams,Auckland,Essential 3GB,Amy S.,1,I want to switch to a business plan but I'm not sure which tier suits my usage.
TKT-2025-03047,20/11/2025 07:58,social_twitter,Liam Thompson,Dunedin,Unlimited Max,Tom F.,,I found my phone after reporting it lost. Can you reactivate my service?
TKT-2025-03048,20/11/2025 10:26,email,Charlotte Li,Auckland,SmartPlan 20GB,Fatima R.,4,I have a new 5G-capable phone but I'm not seeing 5G connectivity in Auckland where it should be available.
TKT-2025-03049,20/11/2025 10:56,web_form,Priya Thompson,Queenstown,Youth 15GB,Ngaio W.,2,My bill this month is $45 but I've been on the Youth 15GB for 16 months and it's always been $59. Something looks off.
TKT-2025-03050,20/11/2025 12:01,email,Harper Liu,Auckland,Senior Easy Plan,,4,My bill this month is $20 but I've been on the Senior Easy Plan for 6 months and it's always been $59. Something looks off.
TKT-2025-03051,20/11/2025 12:37,web_form,Priya Miller,Tauranga,Unlimited Max,Sarah M.,5,Mobile data works but I can't make voice calls. I've tried restarting my phone multiple times.
TKT-2025-03052,20/11/2025 17:51,chatbot,Oliver Khalil,Palmerston North,Family Share 60GB,Jake S.,3,I was told I could upgrade mid-contract without fees but now I'm being quoted a break fee.
TKT-2025-03053,20/11/2025 18:38,live_chat,Harper Walker,Auckland,Unlimited Max,Sarah M.,2,I cancelled my insurance add-on last last week but I'm still being billed $126 for it.
TKT-2025-03054,20/11/2025 19:56,web_form,James Roberts,Tauranga,Business Unlimited,Connor B.,5,International roaming isn't working in Australia even though I have the roaming add-on active.
TKT-2025-03055,20/11/2025 22:15,chatbot,Jack Kumar,Dunedin,Pro Unlimited,Connor B.,4,Calls to landlines are cutting out after exactly 30 minutes every time.
TKT-2025-03056,20/11/2025 22:57,email,Henry Jones,Wellington,Unlimited Max,Aroha N.,4,I can't make or receive calls while connected to Wi-Fi. The issue started 12 days ago.
TKT-2025-03057,21/11/2025 10:41,app_support,Mei Lee,Rotorua,Business 30GB,Raj P.,3,I bought a new phone and I want to check it's compatible with your network.
TKT-2025-03058,21/11/2025 10:56,web_form,Mere Khan,Invercargill,Essential 3GB,,2,I need to change my SIM card size as I've upgraded my phone.
TKT-2025-03059,21/11/2025 11:02,chatbot,Olivia Li,Rotorua,SmartPlan 20GB,Ben H.,2,I would like to add my partner to my account as an authorised person.
TKT-2025-03060,21/11/2025 12:51,social_facebook,Sophia Xu,Queenstown,Business Unlimited,Ben H.,2,"Since the network update last week, I've had no mobile coverage at my workplace."
TKT-2025-03061,21/11/2025 13:35,web_form,Sanjay Garcia,Dunedin,Pro Unlimited,Tom F.,4,The agent I spoke to last Monday was very unhelpful and dismissive of my issue.
TKT-2025-03062,21/11/2025 13:38,app_support,Tane Wilson,Rotorua,Prepay 1GB,David L.,,"I'm consistently getting poor signal in my new apartment in South, Rotorua."
TKT-2025-03063,21/11/2025 13:40,live_chat,Xiao Heke,Christchurch,SmartPlan 20GB,Priya K.,2,My 4G signal keeps dropping to 3G at my home address even though coverage maps show 4G here.
TKT-2025-03064,21/11/2025 14:31,web_form,Charlie Khan,Dunedin,Youth 15GB,Mei W.,,My bill this month is $210 but I've been on the Youth 15GB for 9 months and it's always been $39. Something looks off.
TKT-2025-03065,21/11/2025 14:51,web_form,Olivia Thomas,Auckland,Prepay 1GB,Raj P.,5,My phone shows full signal but calls keep dropping mid-conversation.
TKT-2025-03066,21/11/2025 16:31,social_twitter,Thomas Liu,Nelson,Unlimited Max,Jake S.,5,My bill this month is $126 but I've been on the Unlimited Max for 17 months and it's always been $89. Something looks off.
TKT-2025-03067,21/11/2025 16:58,phone_transcript,Grace Parata,Auckland,Business 30GB,Mei W.,,I want to escalate my complaint to a manager. My issue has been ongoing for 6 weeks.
TKT-2025-03068,21/11/2025 19:36,chatbot,Jack Anderson,Whangarei,Senior Easy Plan,Lisa C.,5,My data speed has been extremely slow recently - I'm getting under 1Mbps on Senior Easy Plan.
TKT-2025-03069,22/11/2025 21:26,chatbot,Raj Anderson,Christchurch,Family Share 60GB,Sarah M.,3,My data speed has been extremely slow recently - I'm getting under 1Mbps on Family Share 60GB.
TKT-2025-03070,23/11/2025 13:48,social_facebook,Emma Smith,Hamilton,Senior Easy Plan,,1,The agent I spoke to last Wednesday was very unhelpful and dismissive of my issue.
TKT-2025-03071,23/11/2025 14:17,social_twitter,Hassan Kumar,Wellington,Business Unlimited,,5,"Dear Support Team,

I am the account holder for business number ending in 3183. I would like to request a full audit of charges for the past 6 months as part of a financial review.

Kind regards,
Hassan Kumar"
TKT-2025-03072,23/11/2025 15:00,chatbot,Mere Brown,Tauranga,Unlimited Max,Sarah M.,,My bill this month is $89 but I've been on the Unlimited Max for 6 months and it's always been $59. Something looks off.
TKT-2025-03073,23/11/2025 15:29,social_facebook,Sophia Nguyen,Napier,Business 30GB,Ngaio W.,1,I was offered a promotional rate when I renewed but my current bill is full price.
TKT-2025-03074,23/11/2025 18:31,phone_transcript,Aroha Singh,Whangarei,Youth 15GB,,4,"I'm consistently getting poor signal in my new apartment in South, Whangarei."
TKT-2025-03075,23/11/2025 21:00,live_chat,Amelia Parata,Tauranga,Youth 15GB,Lisa C.,,I'd like an itemised bill for the last 3 months. The totals don't match what I expect.
TKT-2025-03076,23/11/2025 23:42,live_chat,Noah Harris,Hamilton,SmartPlan 20GB,Auto-response,2,I was given incorrect information by a customer service agent last week and it's caused real problems.
TKT-2025-03077,24/11/2025 09:54,social_twitter,James Anderson,Whanganui,Pro Unlimited,David L.,4,"I'm consistently getting poor signal in my new apartment in East, Whanganui."
TKT-2025-03078,24/11/2025 10:32,email,Thomas Thomas,Hamilton,Prepay 1GB,Priya K.,,Can you explain the 'network access charge' of $210 on my latest invoice? I don't know what this is.
TKT-2025-03079,24/11/2025 12:04,phone_transcript,Xiao Singh,Napier,Business Unlimited,Aroha N.,,Can you explain the 'network access charge' of $30 on my latest invoice? I don't know what this is.
TKT-2025-03080,24/11/2025 12:23,social_twitter,Isabella Davies,Auckland,Unlimited Max,Jake S.,,I want to switch to a business plan but I'm not sure which tier suits my usage.
TKT-2025-03081,24/11/2025 14:29,chatbot,Isabella Thompson,Palmerston North,Pro Unlimited,Auto-response,4,I would like to change my current Pro Unlimited plan and need to understand my options.
TKT-2025-03082,24/11/2025 17:32,chatbot,Noah Hassan,Auckland,Senior Easy Plan,Priya K.,1,My eSIM profile disappeared after a factory reset. How do I restore it?
TKT-2025-03083,25/11/2025 11:53,phone_transcript,Mei Thomas,Dunedin,Senior Easy Plan,Priya K.,4,I want to pause my plan for 3 months while I'm overseas. Is that possible?
TKT-2025-03084,25/11/2025 14:29,chatbot,Rangi Hassan,Auckland,SmartPlan 20GB,Mei W.,4,I'd like to add a data top-up to my SmartPlan 20GB. How long does it last?
TKT-2025-03085,25/11/2025 15:03,web_form,Harper Thompson,Dunedin,Business Unlimited,Auto-response,5,Calls to landlines are cutting out after exactly 30 minutes every time.
TKT-2025-03086,25/11/2025 15:44,email,Isabella Nguyen,Invercargill,Business Unlimited,Auto-response,,I found my phone after reporting it lost. Can you reactivate my service?
TKT-2025-03087,25/11/2025 16:04,web_form,Oliver Brown,Tauranga,Youth 15GB,Raj P.,4,I've forgotten my account PIN and I need to verify my identity to make changes.
TKT-2025-03088,25/11/2025 17:01,web_form,Sanjay Williams,Tauranga,Business Unlimited,Sarah M.,2,I'm travelling to Gisborne next week and wanted to flag that I've had poor coverage there previously.
TKT-2025-03089,25/11/2025 17:28,web_form,Ravi Smith,Auckland,SmartPlan 20GB,Mei W.,5,I can't see my usage history beyond 60 days in the app. I need records for a dispute.
TKT-2025-03090,25/11/2025 18:47,social_twitter,Fatima Tuimavave,Hamilton,Prepay 1GB,Raj P.,1,I need to transfer ownership of this account to my business.
TKT-2025-03091,25/11/2025 23:05,chatbot,Sanjay Evans,Hamilton,Business Unlimited,Tom F.,3,My bill this month is $189 but I've been on the Business Unlimited for 17 months and it's always been $39. Something looks off.
TKT-2025-03092,26/11/2025 07:39,web_form,Jack Williams,Wellington,Essential 3GB,Auto-response,4,My account is showing as suspended but I haven't missed a payment.
TKT-2025-03093,26/11/2025 08:02,email,Aroha Tuimavave,Auckland,Unlimited Max,Sarah M.,3,My bill this month is $99 but I've been on the Unlimited Max for 13 months and it's always been $49. Something looks off.
TKT-2025-03094,26/11/2025 09:41,phone_transcript,Noah Jones,Wellington,Unlimited Max,Sarah M.,4,I've forgotten my account PIN and I need to verify my identity to make changes.
TKT-2025-03095,26/11/2025 10:50,social_facebook,Aroha Patel,Dunedin,Family Share 60GB,,2,I've been charged for an international calling plan that I never added to my account.
TKT-2025-03096,26/11/2025 11:00,email,Mei Taufa,Auckland,SmartPlan 20GB,Jake S.,5,I need to transfer ownership of this account to my business.
TKT-2025-03097,26/11/2025 11:21,live_chat,Daniel Ali,Auckland,Youth 15GB,David L.,,My voicemail isn't recording messages. Callers say they hear the greeting but nothing is saved.
TKT-2025-03098,26/11/2025 11:23,phone_transcript,Ravi Martin,Wellington,Unlimited Max,Jake S.,4,I'm experiencing intermittent data dropouts throughout the day in Wellington. This has been happening for 10 days.
TKT-2025-03099,26/11/2025 12:01,web_form,Sanjay Davies,Gisborne,SmartPlan 20GB,Priya K.,,My student discount isn't being applied to my current bill. I submitted my student ID last month.
TKT-2025-03100,26/11/2025 17:25,app_support,Sione Tane,Wellington,Family Share 60GB,James T.,4,My account is locked after too many failed login attempts.
TKT-2025-03101,27/11/2025 01:19,email,Thomas Martin,Palmerston North,Youth 15GB,Lisa C.,4,I'd like to add a data top-up to my Youth 15GB. How long does it last?
TKT-2025-03102,27/11/2025 10:37,social_twitter,Aroha Patel,Auckland,Business Unlimited,Mei W.,3,My data speed has been extremely slow recently - I'm getting under 1Mbps on Business Unlimited.
TKT-2025-03103,27/11/2025 13:50,chatbot,Luisa Taylor,Auckland,Youth 15GB,Ngaio W.,4,I'm getting 'SIM not provisioned' errors intermittently. My SIM is less than 6 months old.
TKT-2025-03104,27/11/2025 14:18,phone_transcript,Daniel Thompson,Christchurch,Unlimited Max,Auto-response,5,My 4G signal keeps dropping to 3G at my home address even though coverage maps show 4G here.
TKT-2025-03105,27/11/2025 14:42,web_form,Tane Brown,Auckland,Senior Easy Plan,James T.,5,My 4G signal keeps dropping to 3G at my home address even though coverage maps show 4G here.
TKT-2025-03106,27/11/2025 16:13,phone_transcript,Sophie Harris,Palmerston North,Senior Easy Plan,Tom F.,3,What is the difference between Senior Easy Plan and Youth 15GB? I'm considering switching.
TKT-2025-03107,27/11/2025 19:39,chatbot,Daniel Heke,Wellington,Youth 15GB,Ben H.,4,I would like to change my current Youth 15GB plan and need to understand my options.
TKT-2025-03108,27/11/2025 19:44,social_facebook,Charlie Kumar,Auckland,Business Unlimited,Amy S.,1,My bill shows a late payment fee of $30 but I paid on time. I have bank confirmation.
TKT-2025-03109,27/11/2025 20:12,email,Xiao Thompson,Tauranga,Pro Unlimited,Ben H.,5,International roaming isn't working in Australia even though I have the roaming add-on active.
TKT-2025-03110,27/11/2025 20:55,chatbot,Charlie Kumar,Queenstown,Business Unlimited,Amy S.,2,What is the difference between Business Unlimited and Family Share 60GB? I'm considering switching.
TKT-2025-03111,27/11/2025 21:17,app_support,Amelia Heke,Auckland,Youth 15GB,Fatima R.,3,I need a copy of my last 6 months of bills for a visa application.
TKT-2025-03112,28/11/2025 08:06,web_form,Ethan Faleolo,Hamilton,Unlimited Max,Lisa C.,3,I have a new 5G-capable phone but I'm not seeing 5G connectivity in Hamilton where it should be available.
TKT-2025-03113,28/11/2025 09:26,live_chat,Thomas Tuimavave,Auckland,Family Share 60GB,Ben H.,4,I've forgotten my account PIN and I need to verify my identity to make changes.
TKT-2025-03114,28/11/2025 11:06,phone_transcript,Rangi Anderson,Palmerston North,Essential 3GB,Ben H.,,Data works on 4G but switches off entirely when I move to a 5G area.
TKT-2025-03115,28/11/2025 11:38,social_facebook,Sanjay Walker,Auckland,Pro Unlimited,Auto-response,4,I ported my number last month and was charged by both carriers. I need a refund.
TKT-2025-03116,28/11/2025 12:22,phone_transcript,Tane Walker,Dunedin,SmartPlan 20GB,Connor B.,5,My bill this month is $189 but I've been on the SmartPlan 20GB for 15 months and it's always been $49. Something looks off.
TKT-2025-03117,28/11/2025 13:42,web_form,Charlie Taufa,Dunedin,Pro Unlimited,Raj P.,2,My student discount isn't being applied to my current bill. I submitted my student ID last month.
TKT-2025-03118,28/11/2025 14:17,email,Pita Taufa,Wellington,Senior Easy Plan,Sarah M.,4,I was promised a discount when I signed up but my bill doesn't reflect it. I'm being charged $15 instead of $99.
TKT-2025-03119,28/11/2025 16:07,email,Raj Heke,Auckland,Family Share 60GB,,,Can you explain the 'network access charge' of $45 on my latest invoice? I don't know what this is.
TKT-2025-03120,28/11/2025 17:39,app_support,Evelyn Singh,Wellington,Unlimited Max,Raj P.,5,I was offered a promotional rate when I renewed but my current bill is full price.
TKT-2025-03121,28/11/2025 19:10,web_form,Sione Taylor,Blenheim,Family Share 60GB,Ngaio W.,4,My bill this month is $89 but I've been on the Family Share 60GB for 8 months and it's always been $29. Something looks off.
TKT-2025-03122,28/11/2025 20:31,phone_transcript,Luisa Johnson,Palmerston North,Business 30GB,Lisa C.,5,My bill this month is $145 but I've been on the Business 30GB for 3 months and it's always been $39. Something looks off.
TKT-2025-03123,29/11/2025 10:16,phone_transcript,Sanjay Wang,Christchurch,Essential 3GB,Auto-response,3,"Dear Support Team,

I am the account holder for business number ending in 1761. I would like to request a full audit of charges for the past 6 months as part of a financial review.

Kind regards,
Sanjay Wang"
TKT-2025-03124,29/11/2025 17:08,web_form,Luisa Kumar,Napier,Unlimited Max,Sarah M.,4,My bill this month is $189 but I've been on the Unlimited Max for 15 months and it's always been $49. Something looks off.
TKT-2025-03125,29/11/2025 18:24,social_twitter,Hassan Wright,Invercargill,SmartPlan 20GB,Priya K.,4,My bill this month is $99 but I've been on the SmartPlan 20GB for 14 months and it's always been $39. Something looks off.
TKT-2025-03126,29/11/2025 22:36,email,Raj Khan,Tauranga,Unlimited Max,Ngaio W.,4,My bill this month is $145 but I've been on the Unlimited Max for 4 months and it's always been $79. Something looks off.
TKT-2025-03127,30/11/2025 08:01,web_form,Sanjay Heke,Christchurch,Family Share 60GB,,,My bill this month is $89 but I've been on the Family Share 60GB for 2 months and it's always been $39. Something looks off.
TKT-2025-03128,30/11/2025 09:53,app_support,Raj Taufa,Wellington,Essential 3GB,,,I'm unable to send MMS messages to other networks. Regular SMS works fine.
TKT-2025-03129,30/11/2025 15:45,social_facebook,Sophie Liu,Auckland,Business Unlimited,James T.,5,My bill this month is $120 but I've been on the Business Unlimited for 15 months and it's always been $39. Something looks off.
TKT-2025-03130,01/12/2025 07:08,live_chat,Mere Anderson,Auckland,Senior Easy Plan,Raj P.,4,My bill this month is $120 but I've been on the Senior Easy Plan for 6 months and it's always been $39. Something looks off.
TKT-2025-03131,01/12/2025 10:55,email,Mei Patel,Auckland,Prepay 1GB,David L.,3,I've been charged for an international calling plan that I never added to my account.
TKT-2025-03132,01/12/2025 11:43,social_twitter,Liam Wright,Rotorua,Business 30GB,Raj P.,5,There's an unexpected roaming charge of $15 on my account for July. I did not travel internationally.
TKT-2025-03133,01/12/2025 13:33,chatbot,Hassan Tuimavave,Hamilton,Essential 3GB,,4,My bill this month is $75 but I've been on the Essential 3GB for 13 months and it's always been $39. Something looks off.
TKT-2025-03134,01/12/2025 16:01,live_chat,Noah Xu,Queenstown,Prepay 1GB,James T.,4,My bill this month is $126 but I've been on the Prepay 1GB for 6 months and it's always been $39. Something looks off.
TKT-2025-03135,01/12/2025 16:17,phone_transcript,Sanjay Johnson,Tauranga,Youth 15GB,Connor B.,,My bill this month is $189 but I've been on the Youth 15GB for 8 months and it's always been $39. Something looks off.
TKT-2025-03136,01/12/2025 16:39,live_chat,Evelyn Li,Tauranga,Youth 15GB,Connor B.,3,I need to update my direct debit bank account details.
TKT-2025-03137,01/12/2025 18:03,web_form,James Wang,Christchurch,Business Unlimited,Ngaio W.,3,I'd like an itemised bill for the last 3 months. The totals don't match what I expect.
TKT-2025-03138,01/12/2025 19:50,chatbot,Oliver Tuimavave,Queenstown,Unlimited Max,James T.,,I want to remove the insurance add-on from my plan. I've been paying for it for 2 years without using it.
TKT-2025-03139,02/12/2025 00:28,live_chat,Emma Brown,Whangarei,Business 30GB,Raj P.,,My bill this month is $210 but I've been on the Business 30GB for 14 months and it's always been $59. Something looks off.
TKT-2025-03140,02/12/2025 02:59,web_form,Jack Jones,Christchurch,SmartPlan 20GB,Amy S.,2,I was promised a discount when I signed up but my bill doesn't reflect it. I'm being charged $99 instead of $39.
TKT-2025-03141,02/12/2025 06:43,email,Xiao Harris,Hamilton,Pro Unlimited,Fatima R.,4,I've been charged for an international calling plan that I never added to my account.
TKT-2025-03142,02/12/2025 07:06,app_support,Olivia Thompson,Auckland,Senior Easy Plan,Fatima R.,4,"Dear Support Team,

I am the account holder for business number ending in 3363. I would like to request a full audit of charges for the past 6 months as part of a financial review.

Kind regards,
Olivia Thompson"
TKT-2025-03143,02/12/2025 07:11,chatbot,Oliver Tuimavave,Auckland,Essential 3GB,James T.,,My bill this month is $145 but I've been on the Essential 3GB for 2 months and it's always been $79. Something looks off.
TKT-2025-03144,02/12/2025 08:28,phone_transcript,Oliver Patel,Rotorua,Unlimited Max,Lisa C.,5,My bill this month is $15 but I've been on the Unlimited Max for 7 months and it's always been $39. Something looks off.
TKT-2025-03145,02/12/2025 09:32,live_chat,Noah Patel,Rotorua,Senior Easy Plan,,2,Can you explain the 'network access charge' of $189 on my latest invoice? I don't know what this is.
TKT-2025-03146,02/12/2025 10:28,chatbot,Hassan Tuimavave,Whanganui,Unlimited Max,Aroha N.,3,My bill this month is $126 but I've been on the Unlimited Max for 10 months and it's always been $29. Something looks off.
TKT-2025-03147,02/12/2025 10:57,social_facebook,Ravi Liu,Hamilton,Business Unlimited,Raj P.,4,My 4G signal keeps dropping to 3G at my home address even though coverage maps show 4G here.
TKT-2025-03148,02/12/2025 11:39,phone_transcript,Charlotte Zhang,Auckland,Youth 15GB,,,My bill this month is $99 but I've been on the Youth 15GB for 8 months and it's always been $39. Something looks off.
TKT-2025-03149,02/12/2025 12:58,email,Luisa Singh,Dunedin,Senior Easy Plan,Connor B.,3,I can't make or receive calls while connected to Wi-Fi. The issue started 6 days ago.
TKT-2025-03150,02/12/2025 13:13,web_form,Anika Ngata,Wellington,Unlimited Max,Priya K.,5,I can't see my usage history beyond 60 days in the app. I need records for a dispute.
TKT-2025-03151,02/12/2025 13:26,email,Mere Harris,Christchurch,Prepay 1GB,Ngaio W.,3,My bill this month is $15 but I've been on the Prepay 1GB for 17 months and it's always been $59. Something looks off.
TKT-2025-03152,02/12/2025 13:55,chatbot,George Brown,Auckland,Senior Easy Plan,Aroha N.,5,My bill this month is $20 but I've been on the Senior Easy Plan for 11 months and it's always been $89. Something looks off.
TKT-2025-03153,02/12/2025 14:22,social_facebook,Ethan Brown,Auckland,Business Unlimited,Tom F.,5,I need to update the credit card on my account as my old card has expired.
TKT-2025-03154,02/12/2025 15:57,web_form,Jin Miller,Auckland,SmartPlan 20GB,Connor B.,5,My bill this month is $145 but I've been on the SmartPlan 20GB for 7 months and it's always been $59. Something looks off.
TKT-2025-03155,02/12/2025 20:55,phone_transcript,Fatima Roberts,Auckland,Youth 15GB,,,My hotspot feature stopped working after I updated my phone. I've checked the settings.
TKT-2025-03156,03/12/2025 06:45,chatbot,Oliver Evans,Palmerston North,Business 30GB,Auto-response,2,My bill this month is $60 but I've been on the Business 30GB for 7 months and it's always been $59. Something looks off.
TKT-2025-03157,03/12/2025 09:09,social_facebook,Mei Tuimavave,Christchurch,Unlimited Max,Jake S.,3,I've received a new phone but I'm having trouble transferring my number to the eSIM.
TKT-2025-03158,03/12/2025 09:21,web_form,Luisa Kumar,Tauranga,Senior Easy Plan,Fatima R.,5,My bill this month is $45 but I've been on the Senior Easy Plan for 8 months and it's always been $89. Something looks off.
TKT-2025-03159,03/12/2025 10:47,email,Chloe Faleolo,Christchurch,Essential 3GB,Tom F.,5,My bill this month is $45 but I've been on the Essential 3GB for 16 months and it's always been $39. Something looks off.
TKT-2025-03160,03/12/2025 11:54,phone_transcript,Liam Nguyen,Auckland,Essential 3GB,Jake S.,1,My bill this month is $145 but I've been on the Essential 3GB for 4 months and it's always been $49. Something looks off.
TKT-2025-03161,03/12/2025 13:27,live_chat,Liam Jones,Wellington,Business Unlimited,Jake S.,2,I bought a new phone and I want to check it's compatible with your network.
TKT-2025-03162,03/12/2025 14:12,phone_transcript,Sophie Thompson,Invercargill,Family Share 60GB,James T.,5,My data speed has been extremely slow recently - I'm getting under 1Mbps on Family Share 60GB.
TKT-2025-03163,03/12/2025 14:39,email,Tane Khan,Wellington,Unlimited Max,Ngaio W.,,There's a $30 reconnection fee on my bill but I never requested a disconnection.
TKT-2025-03164,03/12/2025 14:53,web_form,Rangi Wang,Christchurch,Pro Unlimited,David L.,4,My bill this month is $99 but I've been on the Pro Unlimited for 5 months and it's always been $49. Something looks off.
TKT-2025-03165,03/12/2025 15:02,web_form,Ravi Thompson,Auckland,Essential 3GB,,2,My autopay failed this month and I was charged a $15 fee. I'd like this waived as a first-time issue.
TKT-2025-03166,03/12/2025 16:08,social_facebook,Jack Anderson,Nelson,SmartPlan 20GB,Tom F.,,I've been charged for an international calling plan that I never added to my account.
TKT-2025-03167,03/12/2025 16:13,web_form,Emma Ali,Dunedin,Pro Unlimited,Ngaio W.,3,I would like to change my current Pro Unlimited plan and need to understand my options.
TKT-2025-03168,03/12/2025 17:09,live_chat,Hemi Taylor,Wellington,Unlimited Max,Raj P.,2,Data works on 4G but switches off entirely when I move to a 5G area.
TKT-2025-03169,03/12/2025 17:38,email,Aroha Mitchell,Wellington,Senior Easy Plan,,3,My bill this month is $120 but I've been on the Senior Easy Plan for 2 months and it's always been $99. Something looks off.
TKT-2025-03170,03/12/2025 19:08,live_chat,Rangi Ali,Auckland,Business Unlimited,Auto-response,5,My bill this month is $210 but I've been on the Business Unlimited for 7 months and it's always been $49. Something looks off.
TKT-2025-03171,03/12/2025 19:59,web_form,Harper Davies,Christchurch,Prepay 1GB,Mei W.,5,I've been a customer for 3 years and the service quality has dropped significantly.
TKT-2025-03172,03/12/2025 20:35,chatbot,Dev Ngata,Napier,Pro Unlimited,,3,Data works on 4G but switches off entirely when I move to a 5G area.
TKT-2025-03173,04/12/2025 07:12,phone_transcript,George Thompson,Napier,Pro Unlimited,David L.,,I was promised a discount when I signed up but my bill doesn't reflect it. I'm being charged $126 instead of $79.
TKT-2025-03174,04/12/2025 08:39,phone_transcript,Jack Brown,Christchurch,Family Share 60GB,Tom F.,3,I can't see my usage history beyond 60 days in the app. I need records for a dispute.
TKT-2025-03175,04/12/2025 09:31,email,Mei Tane,Christchurch,Youth 15GB,,,My voicemail isn't recording messages. Callers say they hear the greeting but nothing is saved.
TKT-2025-03176,04/12/2025 10:37,app_support,Grace Evans,Auckland,SmartPlan 20GB,Lisa C.,3,I can't make or receive calls while connected to Wi-Fi. The issue started 7 days ago.
TKT-2025-03177,04/12/2025 11:40,phone_transcript,Sophie Liu,Napier,Prepay 1GB,Raj P.,1,"Since the network update last week, I've had no mobile coverage at my workplace."
TKT-2025-03178,04/12/2025 12:35,web_form,Mere Davies,Palmerston North,Business 30GB,David L.,3,I was promised a discount when I signed up but my bill doesn't reflect it. I'm being charged $75 instead of $89.
TKT-2025-03179,04/12/2025 12:35,app_support,Jack Jones,Auckland,SmartPlan 20GB,James T.,4,I've received a new phone but I'm having trouble transferring my number to the eSIM.
TKT-2025-03180,04/12/2025 12:36,phone_transcript,Amelia Ngata,Dunedin,Unlimited Max,,3,I'm considering switching providers after this experience. I'd like to know my early exit options.
TKT-2025-03181,04/12/2025 13:49,email,Pita Parata,Christchurch,Prepay 1GB,Priya K.,,"Dear Support Team,

I am the account holder for business number ending in 1931. I would like to request a full audit of charges for the past 6 months as part of a financial review.

Kind regards,
Pita Parata"
TKT-2025-03182,04/12/2025 20:23,web_form,Xiao Martinez,Auckland,Business 30GB,,3,I was given incorrect information by a customer service agent last week and it's caused real problems.
TKT-2025-03183,05/12/2025 12:09,email,Luisa Evans,Wellington,SmartPlan 20GB,Lisa C.,,I need to transfer ownership of this account to my business.
TKT-2025-03184,05/12/2025 14:17,web_form,Ethan Khan,Christchurch,Family Share 60GB,Amy S.,3,I'm getting 'SIM not provisioned' errors intermittently. My SIM is less than 6 months old.
TKT-2025-03185,05/12/2025 14:39,chatbot,Chloe Khan,Wellington,Prepay 1GB,Amy S.,4,My bill this month is $75 but I've been on the Prepay 1GB for 12 months and it's always been $39. Something looks off.
TKT-2025-03186,05/12/2025 20:22,email,Jin Jones,Christchurch,Business Unlimited,Connor B.,,I want to remove the insurance add-on from my plan. I've been paying for it for 2 years without using it.
TKT-2025-03187,06/12/2025 11:01,web_form,Anika Thomas,Auckland,Family Share 60GB,Tom F.,1,My bill this month is $45 but I've been on the Family Share 60GB for 3 months and it's always been $79. Something looks off.
TKT-2025-03188,06/12/2025 11:58,app_support,Luisa Nguyen,Auckland,Prepay 1GB,Jake S.,4,I'm experiencing intermittent data dropouts throughout the day in Auckland. This has been happening for 2 days.
TKT-2025-03189,06/12/2025 15:20,chatbot,Emma Harris,Dunedin,Prepay 1GB,Lisa C.,3,I have a new 5G-capable phone but I'm not seeing 5G connectivity in Dunedin where it should be available.
TKT-2025-03190,06/12/2025 15:27,chatbot,Emma Roberts,Rotorua,Family Share 60GB,,,"I'm consistently getting poor signal in my new apartment in Valley, Rotorua."
TKT-2025-03191,07/12/2025 05:33,email,Raj Lee,Tauranga,Essential 3GB,Mei W.,4,Mobile data works but I can't make voice calls. I've tried restarting my phone multiple times.
TKT-2025-03192,07/12/2025 08:46,web_form,Sanjay Mitchell,Hamilton,Essential 3GB,Ben H.,2,I want to make a formal complaint about the wait times on your phone line. I waited 60 minutes today.
TKT-2025-03193,07/12/2025 09:49,live_chat,Grace Nguyen,Auckland,Business 30GB,Sarah M.,4,My bill this month is $210 but I've been on the Business 30GB for 9 months and it's always been $39. Something looks off.
TKT-2025-03194,07/12/2025 14:37,email,Chloe Khalil,Auckland,SmartPlan 20GB,Fatima R.,5,My hotspot feature stopped working after I updated my phone. I've checked the settings.
TKT-2025-03195,08/12/2025 07:40,email,Xiao Faleolo,Wellington,Youth 15GB,Jake S.,3,I want to remove an authorised user from my account.
TKT-2025-03196,08/12/2025 09:55,phone_transcript,Amelia Singh,Dunedin,Business Unlimited,Raj P.,3,I've been a customer for 8 years and the service quality has dropped significantly.
TKT-2025-03197,08/12/2025 10:02,phone_transcript,Anika Liu,Whangarei,Unlimited Max,Aroha N.,3,Data works on 4G but switches off entirely when I move to a 5G area.
TKT-2025-03198,08/12/2025 10:49,web_form,Anika Kumar,Napier,Essential 3GB,Auto-response,4,Calls to landlines are cutting out after exactly 30 minutes every time.
TKT-2025-03199,08/12/2025 11:52,social_facebook,Evelyn Parata,Auckland,Senior Easy Plan,Tom F.,,There's an unexpected roaming charge of $60 on my account for May. I did not travel internationally.
TKT-2025-03200,08/12/2025 12:06,web_form,Hassan Walker,Auckland,Pro Unlimited,Fatima R.,1,I'm experiencing intermittent data dropouts throughout the day in Auckland. This has been happening for 14 days.
TKT-2025-03201,08/12/2025 12:28,phone_transcript,Sanjay Tuimavave,Tauranga,SmartPlan 20GB,Sarah M.,4,I ported my number last month and was charged by both carriers. I need a refund.
TKT-2025-03202,08/12/2025 12:55,social_facebook,Fatima Tuimavave,Tauranga,Family Share 60GB,Priya K.,3,I need to change my SIM card size as I've upgraded my phone.
TKT-2025-03203,08/12/2025 13:44,phone_transcript,Tane Miller,Wellington,Senior Easy Plan,Tom F.,1,"Since the network update last week, I've had no mobile coverage at my workplace."
TKT-2025-03204,08/12/2025 14:03,social_facebook,Luisa Li,Christchurch,Unlimited Max,Ben H.,,"Dear Support Team,

I am the account holder for business number ending in 1192. I would like to request a full audit of charges for the past 6 months as part of a financial review.

Kind regards,
Luisa Li"
TKT-2025-03205,08/12/2025 17:50,chatbot,Dev Heke,Auckland,Business Unlimited,,4,Can you explain the 'network access charge' of $210 on my latest invoice? I don't know what this is.
TKT-2025-03206,09/12/2025 07:03,web_form,Isabella Walker,Napier,Prepay 1GB,David L.,3,"I'm consistently getting poor signal in my new apartment in Central, Napier."
TKT-2025-03207,09/12/2025 08:08,social_facebook,Pita Ali,Napier,Family Share 60GB,Ben H.,2,My bill this month is $20 but I've been on the Family Share 60GB for 6 months and it's always been $79. Something looks off.
TKT-2025-03208,09/12/2025 08:19,email,Daniel Liu,Christchurch,SmartPlan 20GB,James T.,3,My bill this month is $45 but I've been on the SmartPlan 20GB for 9 months and it's always been $79. Something looks off.
TKT-2025-03209,09/12/2025 08:29,email,Xiao Liu,Napier,Prepay 1GB,Raj P.,5,I was promised a discount when I signed up but my bill doesn't reflect it. I'm being charged $189 instead of $29.
TKT-2025-03210,09/12/2025 09:01,email,Chloe Taufa,Rotorua,Business 30GB,James T.,3,I ported my number last month and was charged by both carriers. I need a refund.
TKT-2025-03211,09/12/2025 09:49,phone_transcript,Sophia Khalil,Whanganui,Senior Easy Plan,Tom F.,,I need to update the credit card on my account as my old card has expired.
TKT-2025-03212,09/12/2025 14:03,chatbot,Sanjay Thompson,Christchurch,Pro Unlimited,Priya K.,4,I've forgotten my account PIN and I need to verify my identity to make changes.
TKT-2025-03213,09/12/2025 18:46,phone_transcript,Pita Hassan,Wellington,Family Share 60GB,Fatima R.,4,I've moved to a new country and want to check my device is unlocked before I leave.
TKT-2025-03214,10/12/2025 06:06,email,Luisa Mitchell,Tauranga,SmartPlan 20GB,Sarah M.,5,My SIM card is damaged and I need a replacement sent to my address.
TKT-2025-03215,10/12/2025 10:10,phone_transcript,Xiao Williams,Christchurch,Pro Unlimited,Aroha N.,3,The agent I spoke to last Monday was very unhelpful and dismissive of my issue.
TKT-2025-03216,10/12/2025 10:47,social_twitter,George Smith,New Plymouth,Business Unlimited,Aroha N.,3,"Since the network update last week, I've had no mobile coverage at my workplace."
TKT-2025-03217,10/12/2025 13:39,social_facebook,Noah Thomas,Wellington,Senior Easy Plan,Lisa C.,3,I'd like to add a second SIM to my account for a tablet.
TKT-2025-03218,10/12/2025 14:03,email,Oliver Wang,Christchurch,Essential 3GB,James T.,3,I'm experiencing intermittent data dropouts throughout the day in Christchurch. This has been happening for 2 days.
TKT-2025-03219,10/12/2025 14:04,live_chat,Raj Taylor,Napier,Essential 3GB,Jake S.,,I need to transfer ownership of this account to my business.
TKT-2025-03220,10/12/2025 15:07,email,Tane Davies,Timaru,SmartPlan 20GB,Aroha N.,3,"I'm consistently getting poor signal in my new apartment in Central, Timaru."
TKT-2025-03221,10/12/2025 16:02,app_support,Rangi Martinez,Hamilton,Youth 15GB,Sarah M.,4,"I'm consistently getting poor signal in my new apartment in Heights, Hamilton."
TKT-2025-03222,10/12/2025 20:43,chatbot,Anika Tuimavave,Tauranga,Unlimited Max,Ben H.,,I'm unable to send MMS messages to other networks. Regular SMS works fine.
TKT-2025-03223,11/12/2025 08:45,app_support,Hemi Taufa,Wellington,Pro Unlimited,Amy S.,3,I would like to change my current Pro Unlimited plan and need to understand my options.
TKT-2025-03224,11/12/2025 08:52,email,Liam Zhang,Nelson,Prepay 1GB,Jake S.,,"Dear Support Team,

I am the account holder for business number ending in 6308. I would like to request a full audit of charges for the past 6 months as part of a financial review.

Kind regards,
Liam Zhang"
TKT-2025-03225,11/12/2025 10:58,phone_transcript,Sanjay Thompson,Tauranga,Senior Easy Plan,,,I was offered a promotional rate when I renewed but my current bill is full price.
TKT-2025-03226,11/12/2025 11:29,social_twitter,Sophie Garcia,Wellington,Family Share 60GB,Sarah M.,2,Can I keep my number if I switch to a different plan? I've had this number for 10 years.
TKT-2025-03227,11/12/2025 12:20,phone_transcript,Chloe Garcia,Auckland,Business 30GB,James T.,3,My hotspot feature stopped working after I updated my phone. I've checked the settings.
TKT-2025-03228,11/12/2025 16:22,email,Hassan Roberts,Wellington,Essential 3GB,Tom F.,,Can you explain the 'network access charge' of $99 on my latest invoice? I don't know what this is.
TKT-2025-03229,11/12/2025 18:05,email,Ravi Johnson,Whanganui,Business 30GB,Mei W.,4,I'm interested in switching my family of 4 to a shared plan. What are my options?
TKT-2025-03230,11/12/2025 20:37,social_twitter,Noah Harris,Dunedin,Business 30GB,Ben H.,3,Data works on 4G but switches off entirely when I move to a 5G area.
TKT-2025-03231,12/12/2025 08:02,web_form,Aroha Li,Whangarei,Unlimited Max,Mei W.,3,"I'm consistently getting poor signal in my new apartment in CBD, Whangarei."
TKT-2025-03232,12/12/2025 08:12,chatbot,Sophie Johnson,Hamilton,Business 30GB,Fatima R.,,My bill this month is $210 but I've been on the Business 30GB for 3 months and it's always been $59. Something looks off.
TKT-2025-03233,12/12/2025 08:55,phone_transcript,Liam Jones,Nelson,Prepay 1GB,Lisa C.,5,I bought a new phone and I want to check it's compatible with your network.
TKT-2025-03234,12/12/2025 13:16,chatbot,Fatima Thompson,Hamilton,SmartPlan 20GB,James T.,,I'm travelling to Whanganui next week and wanted to flag that I've had poor coverage there previously.
TKT-2025-03235,12/12/2025 14:04,web_form,Aroha Mitchell,Tauranga,Essential 3GB,Ben H.,3,My account is showing as suspended but I haven't missed a payment.
TKT-2025-03236,12/12/2025 16:48,email,Tane Brown,Christchurch,Youth 15GB,,3,My bill this month is $20 but I've been on the Youth 15GB for 10 months and it's always been $79. Something looks off.
TKT-2025-03237,12/12/2025 21:54,phone_transcript,Priya Martinez,Wellington,SmartPlan 20GB,Jake S.,4,My account email address has changed and I can't receive verification codes anymore.
TKT-2025-03238,13/12/2025 18:53,web_form,Daniel Thompson,Auckland,Business Unlimited,,3,My account shows I'm using Business Unlimited but I upgraded to Pro Unlimited last month.
TKT-2025-03239,14/12/2025 13:05,social_twitter,Dev Williams,Napier,SmartPlan 20GB,Tom F.,4,I bought a new phone and I want to check it's compatible with your network.
TKT-2025-03240,14/12/2025 13:11,email,Charlie Tane,Dunedin,Business Unlimited,Tom F.,3,I'm getting 'SIM not provisioned' errors intermittently. My SIM is less than 6 months old.
TKT-2025-03241,15/12/2025 09:17,live_chat,Ravi Taufa,Hamilton,Family Share 60GB,Fatima R.,5,My bill this month is $30 but I've been on the Family Share 60GB for 9 months and it's always been $39. Something looks off.
TKT-2025-03242,15/12/2025 10:13,email,Emma Mitchell,Auckland,Youth 15GB,Tom F.,2,My phone shows full signal but calls keep dropping mid-conversation.
TKT-2025-03243,15/12/2025 11:35,live_chat,Pita Jones,Auckland,Pro Unlimited,Ngaio W.,1,I was promised a callback within 24 hours and I'm still waiting after 2 days.
TKT-2025-03244,15/12/2025 11:40,phone_transcript,Isabella Nguyen,Auckland,Business 30GB,Aroha N.,3,My bill this month is $20 but I've been on the Business 30GB for 14 months and it's always been $29. Something looks off.
TKT-2025-03245,15/12/2025 15:31,live_chat,Liam Anderson,Dunedin,Unlimited Max,,3,I'd like to add a data top-up to my Unlimited Max. How long does it last?
TKT-2025-03246,15/12/2025 18:22,chatbot,Hemi Patel,Christchurch,Business Unlimited,Lisa C.,4,What is the difference between Business Unlimited and Prepay 1GB? I'm considering switching.
TKT-2025-03247,15/12/2025 18:42,chatbot,Dev Mitchell,Wellington,Senior Easy Plan,David L.,,"To Whom It May Concern,

I am writing to formally dispute a charge of $75 applied to my account on 1/4/2025. I have not received adequate explanation despite contacting support twice.

Yours sincerely,
Dev Mitchell"
TKT-2025-03248,15/12/2025 20:30,chatbot,Chloe Wang,Auckland,Unlimited Max,Lisa C.,3,Can I get a SIM card for my elderly mother? She needs something very simple.
TKT-2025-03249,15/12/2025 21:25,phone_transcript,Grace Walker,Auckland,Family Share 60GB,Aroha N.,3,I want to downgrade my plan but I'm unsure of my contract obligations.
TKT-2025-03250,16/12/2025 09:14,web_form,Jack Johnson,Timaru,Youth 15GB,Jake S.,,What is the difference between Youth 15GB and Family Share 60GB? I'm considering switching.
TKT-2025-03251,16/12/2025 09:38,chatbot,Aroha Martinez,New Plymouth,Pro Unlimited,Ben H.,4,I want to pause my plan for 3 months while I'm overseas. Is that possible?
TKT-2025-03252,16/12/2025 11:12,email,Luisa Smith,Auckland,Senior Easy Plan,,4,What is the difference between Senior Easy Plan and Business 30GB? I'm considering switching.
TKT-2025-03253,16/12/2025 11:38,phone_transcript,Rangi Smith,Rotorua,Unlimited Max,Amy S.,4,I'd like to add a second SIM to my account for a tablet.
TKT-2025-03254,16/12/2025 13:42,social_facebook,Raj Heke,Wellington,SmartPlan 20GB,James T.,4,I'm moving to Blenheim next month and would like to check coverage maps before deciding whether to stay with you.
TKT-2025-03255,16/12/2025 14:09,phone_transcript,Mia Wang,Wellington,Senior Easy Plan,Aroha N.,,My 4G signal keeps dropping to 3G at my home address even though coverage maps show 4G here.
TKT-2025-03256,16/12/2025 14:17,web_form,Sanjay Patel,Tauranga,Essential 3GB,Mei W.,2,I'd like to add international roaming to my account for a trip to Australia next month.
TKT-2025-03257,16/12/2025 15:44,chatbot,Emma Miller,Hamilton,Youth 15GB,Aroha N.,,My bill shows a late payment fee of $89 but I paid on time. I have bank confirmation.
TKT-2025-03258,16/12/2025 15:57,chatbot,Thomas Heke,Auckland,SmartPlan 20GB,James T.,4,"I'm consistently getting poor signal in my new apartment in Heights, Auckland."
TKT-2025-03259,16/12/2025 16:28,chatbot,Charlie Li,Auckland,Family Share 60GB,Lisa C.,5,I'm moving to Gisborne next month and would like to check coverage maps before deciding whether to stay with you.
TKT-2025-03260,16/12/2025 16:41,phone_transcript,Ethan Parata,Hamilton,Essential 3GB,Sarah M.,3,I'd like to add a second SIM to my account for a tablet.
TKT-2025-03261,16/12/2025 19:15,social_twitter,Olivia Wilson,Auckland,SmartPlan 20GB,Lisa C.,3,I want to switch to a business plan but I'm not sure which tier suits my usage.
TKT-2025-03262,16/12/2025 19:29,phone_transcript,Ravi Smith,Auckland,Business Unlimited,Jake S.,2,I cancelled my insurance add-on last two weeks ago but I'm still being billed $60 for it.
TKT-2025-03263,16/12/2025 21:43,web_form,Hassan Harris,Wellington,Prepay 1GB,Aroha N.,1,I'm interested in switching my family of 4 to a shared plan. What are my options?
TKT-2025-03264,16/12/2025 22:06,web_form,Harper Harris,Wellington,Senior Easy Plan,Tom F.,,I want to remove the insurance add-on from my plan. I've been paying for it for 2 years without using it.
TKT-2025-03265,17/12/2025 00:52,social_facebook,Evelyn Miller,Hamilton,Family Share 60GB,Ben H.,5,My bill this month is $145 but I've been on the Family Share 60GB for 3 months and it's always been $99. Something looks off.
TKT-2025-03266,17/12/2025 08:31,email,Sophia Brown,Nelson,Unlimited Max,Lisa C.,4,I'd like to add international roaming to my account for a trip to the UK next month.
TKT-2025-03267,17/12/2025 08:32,email,Isabella Patel,Auckland,Business Unlimited,Priya K.,5,I want to remove an authorised user from my account.
TKT-2025-03268,17/12/2025 08:51,email,Ava Brown,Whanganui,Business 30GB,Priya K.,3,I was told I could upgrade mid-contract without fees but now I'm being quoted a break fee.
TKT-2025-03269,17/12/2025 09:53,web_form,Daniel Kumar,Auckland,SmartPlan 20GB,Mei W.,4,I can't see my usage history beyond 60 days in the app. I need records for a dispute.
TKT-2025-03270,17/12/2025 12:00,web_form,Mia Mitchell,Wellington,Senior Easy Plan,Fatima R.,,"Dear Support Team,

I am the account holder for business number ending in 6962. I would like to request a full audit of charges for the past 6 months as part of a financial review.

Kind regards,
Mia Mitchell"
TKT-2025-03271,17/12/2025 12:15,chatbot,Mere Taufa,Nelson,Senior Easy Plan,Priya K.,4,I want to pause my plan for 3 months while I'm overseas. Is that possible?
TKT-2025-03272,17/12/2025 13:40,email,James Lee,Christchurch,Unlimited Max,Priya K.,1,There's an unexpected roaming charge of $75 on my account for April. I did not travel internationally.
TKT-2025-03273,17/12/2025 14:36,phone_transcript,Priya Wright,Christchurch,Family Share 60GB,James T.,2,I'm moving to Palmerston North next month and would like to check coverage maps before deciding whether to stay with you.
TKT-2025-03274,17/12/2025 14:40,web_form,Noah Thompson,Christchurch,Pro Unlimited,Auto-response,4,My number isn't receiving calls from overseas. Domestic calls are fine.
TKT-2025-03275,17/12/2025 17:12,email,Harper Thompson,Rotorua,Unlimited Max,Priya K.,3,"I'm consistently getting poor signal in my new apartment in South, Rotorua."
TKT-2025-03276,17/12/2025 17:25,email,Noah Thompson,Rotorua,Youth 15GB,Ben H.,3,I'd like to add a second SIM to my account for a tablet.
TKT-2025-03277,17/12/2025 17:29,email,Sione Thomas,Auckland,Prepay 1GB,Aroha N.,3,I need a copy of my last 6 months of bills for a visa application.
TKT-2025-03278,18/12/2025 08:15,live_chat,Noah Anderson,Dunedin,Business 30GB,Raj P.,,My student discount isn't being applied to my current bill. I submitted my student ID last month.
TKT-2025-03279,18/12/2025 09:36,chatbot,Sophia Davies,Christchurch,Business Unlimited,Lisa C.,4,I want to pause my plan for 3 months while I'm overseas. Is that possible?
TKT-2025-03280,18/12/2025 10:06,chatbot,Mere Evans,Christchurch,Prepay 1GB,Connor B.,2,Can I keep my number if I switch to a different plan? I've had this number for 10 years.
TKT-2025-03281,18/12/2025 10:52,social_facebook,Aroha Jones,Dunedin,Youth 15GB,Tom F.,3,I need to update my direct debit bank account details.
TKT-2025-03282,18/12/2025 11:04,social_facebook,Dev Martin,Auckland,Youth 15GB,,5,I'm unable to send MMS messages to other networks. Regular SMS works fine.
TKT-2025-03283,18/12/2025 13:31,web_form,Priya Taylor,Queenstown,Business 30GB,David L.,5,"Dear Support Team,

I am the account holder for business number ending in 1164. I would like to request a full audit of charges for the past 6 months as part of a financial review.

Kind regards,
Priya Taylor"
TKT-2025-03284,18/12/2025 14:11,live_chat,Charlie Johnson,Gisborne,Unlimited Max,,3,My bill this month is $45 but I've been on the Unlimited Max for 17 months and it's always been $29. Something looks off.
TKT-2025-03285,18/12/2025 15:44,web_form,Evelyn Brown,New Plymouth,Business Unlimited,Ben H.,5,I'm moving to Tauranga next month and would like to check coverage maps before deciding whether to stay with you.
TKT-2025-03286,18/12/2025 15:59,email,Priya Evans,Auckland,SmartPlan 20GB,James T.,,"Dear Support Team,

I am the account holder for business number ending in 7429. I would like to request a full audit of charges for the past 6 months as part of a financial review.

Kind regards,
Priya Evans"
TKT-2025-03287,18/12/2025 16:23,social_twitter,Charlie Williams,Wellington,Senior Easy Plan,Mei W.,5,What is the difference between Senior Easy Plan and Unlimited Max? I'm considering switching.
TKT-2025-03288,18/12/2025 17:44,phone_transcript,Thomas Singh,Timaru,Unlimited Max,,4,I want to pause my plan for 3 months while I'm overseas. Is that possible?
TKT-2025-03289,18/12/2025 18:59,phone_transcript,Anika Thompson,Christchurch,Family Share 60GB,,2,I'd like to add international roaming to my account for a trip to Australia next month.
TKT-2025-03290,18/12/2025 21:28,live_chat,Raj Khalil,Wellington,Family Share 60GB,Ngaio W.,3,"Dear Support Team,

I am the account holder for business number ending in 9536. I would like to request a full audit of charges for the past 6 months as part of a financial review.

Kind regards,
Raj Khalil"
TKT-2025-03291,19/12/2025 07:29,phone_transcript,Harper Taylor,Auckland,SmartPlan 20GB,Raj P.,5,I was told I could upgrade mid-contract without fees but now I'm being quoted a break fee.
TKT-2025-03292,19/12/2025 07:54,email,Noah Thompson,Auckland,Pro Unlimited,Aroha N.,2,I'd like to add international roaming to my account for a trip to the UK next month.
TKT-2025-03293,19/12/2025 09:43,phone_transcript,Charlotte Thomas,Gisborne,Senior Easy Plan,,5,I'm moving to Hamilton next month and would like to check coverage maps before deciding whether to stay with you.
TKT-2025-03294,19/12/2025 10:20,phone_transcript,Fatima Johnson,New Plymouth,Unlimited Max,Priya K.,3,I cancelled my roaming add-on last last week but I'm still being billed $20 for it.
TKT-2025-03295,19/12/2025 11:25,email,Rangi Martin,Nelson,Prepay 1GB,Auto-response,3,I was told I could upgrade mid-contract without fees but now I'm being quoted a break fee.
TKT-2025-03296,19/12/2025 11:50,email,Charlie Jones,Christchurch,Senior Easy Plan,Ben H.,5,I was promised a discount when I signed up but my bill doesn't reflect it. I'm being charged $189 instead of $49.
TKT-2025-03297,19/12/2025 12:47,phone_transcript,Dev Walker,Queenstown,Youth 15GB,Ben H.,1,I'm interested in switching my family of 4 to a shared plan. What are my options?
TKT-2025-03298,19/12/2025 13:04,phone_transcript,Sophie Williams,Palmerston North,Business Unlimited,Aroha N.,3,I'm considering switching providers after this experience. I'd like to know my early exit options.
TKT-2025-03299,19/12/2025 13:30,social_facebook,Anika Mitchell,Dunedin,Pro Unlimited,Jake S.,4,I was told I could upgrade mid-contract without fees but now I'm being quoted a break fee.
TKT-2025-03300,19/12/2025 17:44,social_facebook,Jin Ali,Dunedin,Unlimited Max,Sarah M.,5,I want to pause my plan for 3 months while I'm overseas. Is that possible?
TKT-2025-03301,19/12/2025 20:06,chatbot,Charlie Walker,Christchurch,SmartPlan 20GB,Fatima R.,4,I'm moving to Napier next month and would like to check coverage maps before deciding whether to stay with you.
TKT-2025-03302,20/12/2025 06:11,email,William Faleolo,Hamilton,Pro Unlimited,Tom F.,4,Calls to landlines are cutting out after exactly 30 minutes every time.
TKT-2025-03303,20/12/2025 09:43,chatbot,Anika Ngata,Auckland,Youth 15GB,Ngaio W.,,My phone shows full signal but calls keep dropping mid-conversation.
TKT-2025-03304,20/12/2025 11:18,social_twitter,Harper Tuimavave,Auckland,SmartPlan 20GB,Amy S.,3,What is the difference between SmartPlan 20GB and Business 30GB? I'm considering switching.
TKT-2025-03305,20/12/2025 12:00,chatbot,James Evans,Christchurch,SmartPlan 20GB,,3,I'm interested in switching my family of 4 to a shared plan. What are my options?
TKT-2025-03306,20/12/2025 13:21,social_facebook,Grace Liu,Wellington,Business 30GB,Sarah M.,4,I have a new 5G-capable phone but I'm not seeing 5G connectivity in Wellington where it should be available.
TKT-2025-03307,20/12/2025 13:29,social_facebook,Fatima Kumar,Whangarei,SmartPlan 20GB,Tom F.,3,My bill this month is $20 but I've been on the SmartPlan 20GB for 7 months and it's always been $39. Something looks off.
TKT-2025-03308,20/12/2025 14:59,phone_transcript,Olivia Taylor,Tauranga,SmartPlan 20GB,Priya K.,,What is the difference between SmartPlan 20GB and Prepay 1GB? I'm considering switching.
TKT-2025-03309,20/12/2025 15:07,social_twitter,Raj Anderson,Auckland,Business 30GB,Mei W.,5,Can I get a SIM card for my elderly mother? She needs something very simple.
TKT-2025-03310,20/12/2025 15:57,web_form,Grace Williams,Auckland,Senior Easy Plan,Ben H.,5,My bill this month is $30 but I've been on the Senior Easy Plan for 11 months and it's always been $59. Something looks off.
TKT-2025-03311,20/12/2025 18:42,web_form,Faleolo Walker,Christchurch,SmartPlan 20GB,Sarah M.,5,I'd like to add international roaming to my account for a trip to Japan next month.
TKT-2025-03312,20/12/2025 19:21,phone_transcript,Faleolo Taufa,Tauranga,SmartPlan 20GB,Mei W.,3,My bill this month is $20 but I've been on the SmartPlan 20GB for 15 months and it's always been $39. Something looks off.
TKT-2025-03313,20/12/2025 19:56,social_twitter,Ethan Faleolo,Tauranga,Prepay 1GB,Amy S.,,My student discount isn't being applied to my current bill. I submitted my student ID last month.
TKT-2025-03314,20/12/2025 22:20,email,Thomas Wang,Whangarei,Pro Unlimited,Lisa C.,3,I'd like to add a data top-up to my Pro Unlimited. How long does it last?
TKT-2025-03315,21/12/2025 07:30,email,Tane Garcia,Tauranga,Business Unlimited,Aroha N.,3,I was offered a promotional rate when I renewed but my current bill is full price.
TKT-2025-03316,21/12/2025 09:49,web_form,Charlie Khan,Auckland,SmartPlan 20GB,Mei W.,5,My bill this month is $20 but I've been on the SmartPlan 20GB for 9 months and it's always been $29. Something looks off.
TKT-2025-03317,21/12/2025 10:14,social_twitter,Pita Brown,Wellington,Business 30GB,Ben H.,3,I want to remove an authorised user from my account.
TKT-2025-03318,22/12/2025 05:33,social_facebook,Tane Heke,Rotorua,Essential 3GB,Fatima R.,,I would like to change my current Essential 3GB plan and need to understand my options.
TKT-2025-03319,22/12/2025 11:50,email,Noah Davies,Tauranga,Business Unlimited,Sarah M.,,I was promised a discount when I signed up but my bill doesn't reflect it. I'm being charged $210 instead of $79.
TKT-2025-03320,22/12/2025 12:42,email,James Li,Palmerston North,Pro Unlimited,Auto-response,,I can't make or receive calls while connected to Wi-Fi. The issue started 8 days ago.
TKT-2025-03321,22/12/2025 13:28,web_form,Sophia Patel,Wellington,Business Unlimited,Ngaio W.,,I want to switch to a business plan but I'm not sure which tier suits my usage.
TKT-2025-03322,22/12/2025 16:56,chatbot,Xiao Jones,Auckland,Unlimited Max,,3,Calls to landlines are cutting out after exactly 30 minutes every time.
TKT-2025-03323,22/12/2025 18:06,email,Ravi Patel,Rotorua,Pro Unlimited,Sarah M.,4,I'm interested in switching my family of 4 to a shared plan. What are my options?
TKT-2025-03324,22/12/2025 19:09,web_form,Harper Ngata,Rotorua,Business Unlimited,Lisa C.,1,I want to remove the insurance add-on from my plan. I've been paying for it for 2 years without using it.
TKT-2025-03325,22/12/2025 19:11,email,Evelyn Liu,Auckland,Business 30GB,James T.,3,I want to switch to a business plan but I'm not sure which tier suits my usage.
TKT-2025-03326,22/12/2025 19:32,chatbot,Henry Smith,Rotorua,Business Unlimited,Mei W.,,I've been charged $15 and I don't recognise this charge. Could a billing specialist please review my account?
TKT-2025-03327,22/12/2025 20:02,chatbot,Aroha Zhang,Wellington,Youth 15GB,Ben H.,3,I'm moving to Whangarei next month and would like to check coverage maps before deciding whether to stay with you.
TKT-2025-03328,22/12/2025 20:02,web_form,Mere Mitchell,Tauranga,Youth 15GB,Priya K.,,I was told I could upgrade mid-contract without fees but now I'm being quoted a break fee.
TKT-2025-03329,22/12/2025 22:18,web_form,Jin Wright,Auckland,Family Share 60GB,Sarah M.,,I would like to change my current Family Share 60GB plan and need to understand my options.
TKT-2025-03330,23/12/2025 03:03,web_form,Hemi Brown,Auckland,Essential 3GB,Priya K.,,Can I keep my number if I switch to a different plan? I've had this number for 10 years.
TKT-2025-03331,23/12/2025 10:12,live_chat,Evelyn Parata,Hamilton,Senior Easy Plan,Ben H.,3,"I'm consistently getting poor signal in my new apartment in West, Hamilton."
TKT-2025-03332,23/12/2025 10:28,social_twitter,Thomas Parata,Christchurch,Business 30GB,Fatima R.,3,My bill this month is $45 but I've been on the Business 30GB for 8 months and it's always been $39. Something looks off.
TKT-2025-03333,23/12/2025 14:02,email,Priya Williams,Hamilton,Prepay 1GB,,4,I want to downgrade my plan but I'm unsure of my contract obligations.
TKT-2025-03334,23/12/2025 14:30,web_form,Liam Ali,Palmerston North,Pro Unlimited,Connor B.,4,Can I keep my number if I switch to a different plan? I've had this number for 10 years.
TKT-2025-03335,23/12/2025 16:07,phone_transcript,Luisa Garcia,Auckland,Pro Unlimited,Tom F.,3,My student discount isn't being applied to my current bill. I submitted my student ID last month.
TKT-2025-03336,23/12/2025 16:16,email,Hemi Khan,Auckland,Youth 15GB,Jake S.,,My account is showing as suspended but I haven't missed a payment.
TKT-2025-03337,23/12/2025 16:38,social_twitter,Aroha Taufa,Nelson,Business Unlimited,Raj P.,3,I've been sent to the wrong department four times and nobody seems able to help.
TKT-2025-03338,23/12/2025 21:31,chatbot,Evelyn Li,Wellington,Pro Unlimited,Amy S.,4,My bill this month is $89 but I've been on the Pro Unlimited for 14 months and it's always been $49. Something looks off.
TKT-2025-03339,24/12/2025 00:10,phone_transcript,Sophia Martinez,Auckland,Youth 15GB,Mei W.,3,My bill this month is $75 but I've been on the Youth 15GB for 13 months and it's always been $59. Something looks off.
TKT-2025-03340,24/12/2025 07:27,social_twitter,Priya Taylor,Tauranga,Business 30GB,Aroha N.,,I'm considering switching providers after this experience. I'd like to know my early exit options.
TKT-2025-03341,24/12/2025 07:29,chatbot,Faleolo Smith,Auckland,Essential 3GB,,4,My bill this month is $45 but I've been on the Essential 3GB for 8 months and it's always been $89. Something looks off.
TKT-2025-03342,24/12/2025 08:25,email,Isabella Nguyen,New Plymouth,Essential 3GB,Sarah M.,,What is the difference between Essential 3GB and SmartPlan 20GB? I'm considering switching.
TKT-2025-03343,24/12/2025 08:47,email,William Martin,Auckland,Youth 15GB,Lisa C.,2,I've forgotten my account PIN and I need to verify my identity to make changes.
TKT-2025-03344,24/12/2025 09:32,social_twitter,Raj Wright,New Plymouth,Prepay 1GB,Auto-response,5,I want to escalate my complaint to a manager. My issue has been ongoing for 5 weeks.
TKT-2025-03345,24/12/2025 10:48,email,Raj Faleolo,Whangarei,Senior Easy Plan,David L.,,There's an unexpected roaming charge of $145 on my account for August. I did not travel internationally.
TKT-2025-03346,24/12/2025 11:20,email,Ava Wilson,New Plymouth,Unlimited Max,Sarah M.,4,I'm interested in switching my family of 4 to a shared plan. What are my options?
TKT-2025-03347,24/12/2025 11:46,social_facebook,Ethan Wright,Hamilton,Business Unlimited,Raj P.,4,My 4G signal keeps dropping to 3G at my home address even though coverage maps show 4G here.
TKT-2025-03348,24/12/2025 11:48,web_form,Thomas Wright,Tauranga,Pro Unlimited,Ben H.,5,My bill this month is $210 but I've been on the Pro Unlimited for 14 months and it's always been $89. Something looks off.
TKT-2025-03349,24/12/2025 11:57,web_form,Jin Williams,Christchurch,Prepay 1GB,David L.,3,My bill this month is $89 but I've been on the Prepay 1GB for 15 months and it's always been $29. Something looks off.
TKT-2025-03350,24/12/2025 11:57,social_facebook,Faleolo Williams,Hamilton,Prepay 1GB,,3,My bill this month is $15 but I've been on the Prepay 1GB for 10 months and it's always been $59. Something looks off.
TKT-2025-03351,24/12/2025 12:07,social_facebook,Faleolo Smith,Hamilton,Senior Easy Plan,Ben H.,,I'd like to add a second SIM to my account for a tablet.
TKT-2025-03352,24/12/2025 12:14,phone_transcript,Rangi Harris,New Plymouth,Business Unlimited,Sarah M.,5,My bill this month is $210 but I've been on the Business Unlimited for 2 months and it's always been $99. Something looks off.
TKT-2025-03353,24/12/2025 12:52,web_form,Sophie Parata,Auckland,Unlimited Max,Fatima R.,4,I cancelled my data boost add-on last last week but I'm still being billed $20 for it.
TKT-2025-03354,24/12/2025 13:14,chatbot,Ethan Ali,Whanganui,Family Share 60GB,Sarah M.,4,I need to change my SIM card size as I've upgraded my phone.
TKT-2025-03355,24/12/2025 13:34,web_form,Ava Williams,Nelson,Unlimited Max,Aroha N.,5,"Dear Support Team,

I am the account holder for business number ending in 7673. I would like to request a full audit of charges for the past 6 months as part of a financial review.

Kind regards,
Ava Williams"
TKT-2025-03356,24/12/2025 14:07,web_form,Thomas Khan,Rotorua,Business Unlimited,,3,I'd like to add international roaming to my account for a trip to Singapore next month.
TKT-2025-03357,24/12/2025 14:11,live_chat,Rangi Li,Wellington,Family Share 60GB,Fatima R.,4,I've forgotten my account PIN and I need to verify my identity to make changes.
TKT-2025-03358,24/12/2025 14:15,phone_transcript,Aroha Davies,Rotorua,Prepay 1GB,Auto-response,5,Can you explain the 'network access charge' of $126 on my latest invoice? I don't know what this is.
TKT-2025-03359,24/12/2025 14:40,chatbot,Fatima Wang,Auckland,Business Unlimited,Fatima R.,4,My bill this month is $20 but I've been on the Business Unlimited for 12 months and it's always been $39. Something looks off.
TKT-2025-03360,24/12/2025 14:46,email,William Taylor,Auckland,Unlimited Max,James T.,,My bill this month is $120 but I've been on the Unlimited Max for 4 months and it's always been $99. Something looks off.
TKT-2025-03361,24/12/2025 15:44,email,Ravi Li,Christchurch,Youth 15GB,Ngaio W.,4,My bill this month is $89 but I've been on the Youth 15GB for 8 months and it's always been $29. Something looks off.
TKT-2025-03362,24/12/2025 15:50,email,Liam Wang,New Plymouth,Senior Easy Plan,Priya K.,3,"Dear Support Team,

I am the account holder for business number ending in 2034. I would like to request a full audit of charges for the past 6 months as part of a financial review.

Kind regards,
Liam Wang"
TKT-2025-03363,24/12/2025 16:30,web_form,Mei Tuimavave,Tauranga,Family Share 60GB,Sarah M.,2,I've been charged $189 and I don't recognise this charge. Could a billing specialist please review my account?
TKT-2025-03364,24/12/2025 17:32,social_facebook,Oliver Walker,Palmerston North,Prepay 1GB,Amy S.,,There's an unexpected roaming charge of $20 on my account for May. I did not travel internationally.
TKT-2025-03365,24/12/2025 18:38,email,Ethan Brown,Auckland,SmartPlan 20GB,Amy S.,3,My bill this month is $89 but I've been on the SmartPlan 20GB for 16 months and it's always been $59. Something looks off.
TKT-2025-03366,24/12/2025 19:38,chatbot,Henry Brown,Auckland,Family Share 60GB,Lisa C.,,I've been charged for an international calling plan that I never added to my account.
TKT-2025-03367,24/12/2025 21:37,live_chat,Ravi Martin,Auckland,Senior Easy Plan,Mei W.,5,I've been sent to the wrong department four times and nobody seems able to help.
TKT-2025-03368,25/12/2025 08:33,web_form,Hassan Brown,Palmerston North,Unlimited Max,Tom F.,4,My bill this month is $20 but I've been on the Unlimited Max for 17 months and it's always been $39. Something looks off.
TKT-2025-03369,25/12/2025 09:39,email,George Williams,Tauranga,Unlimited Max,Lisa C.,,The agent I spoke to last Monday was very unhelpful and dismissive of my issue.
TKT-2025-03370,25/12/2025 10:15,social_facebook,Luisa Johnson,Wellington,Business Unlimited,Raj P.,5,My bill this month is $75 but I've been on the Business Unlimited for 14 months and it's always been $99. Something looks off.
TKT-2025-03371,25/12/2025 10:18,live_chat,Amelia Taufa,Queenstown,SmartPlan 20GB,Tom F.,4,"Dear Support Team,

I am the account holder for business number ending in 8721. I would like to request a full audit of charges for the past 6 months as part of a financial review.

Kind regards,
Amelia Taufa"
TKT-2025-03372,25/12/2025 10:35,chatbot,Henry Miller,Auckland,Business 30GB,Fatima R.,4,My bill this month is $189 but I've been on the Business 30GB for 5 months and it's always been $39. Something looks off.
TKT-2025-03373,25/12/2025 10:36,chatbot,Oliver Johnson,Auckland,Prepay 1GB,Ngaio W.,4,My bill this month is $210 but I've been on the Prepay 1GB for 17 months and it's always been $89. Something looks off.
TKT-2025-03374,25/12/2025 11:21,web_form,Mei Kumar,Whangarei,Prepay 1GB,Priya K.,4,My bill this month is $75 but I've been on the Prepay 1GB for 2 months and it's always been $59. Something looks off.
TKT-2025-03375,25/12/2025 12:25,live_chat,Anika Ali,Palmerston North,Unlimited Max,James T.,,I'd like an itemised bill for the last 3 months. The totals don't match what I expect.
TKT-2025-03376,25/12/2025 13:36,social_twitter,Olivia Wright,Auckland,Unlimited Max,Raj P.,3,My bill this month is $120 but I've been on the Unlimited Max for 8 months and it's always been $79. Something looks off.
TKT-2025-03377,25/12/2025 14:10,phone_transcript,Olivia Tane,Wellington,Senior Easy Plan,Priya K.,3,My bill this month is $75 but I've been on the Senior Easy Plan for 8 months and it's always been $29. Something looks off.
TKT-2025-03378,25/12/2025 14:18,web_form,Sanjay Evans,Napier,Prepay 1GB,,1,My number isn't receiving calls from overseas. Domestic calls are fine.
TKT-2025-03379,25/12/2025 15:25,chatbot,Sione Xu,Whanganui,Business Unlimited,Fatima R.,4,My bill this month is $30 but I've been on the Business Unlimited for 3 months and it's always been $79. Something looks off.
TKT-2025-03380,25/12/2025 15:42,email,Sophia Thomas,Auckland,Unlimited Max,Jake S.,2,My bill this month is $145 but I've been on the Unlimited Max for 17 months and it's always been $29. Something looks off.
TKT-2025-03381,25/12/2025 16:03,phone_transcript,Olivia Davies,Auckland,Business 30GB,Connor B.,4,My bill this month is $75 but I've been on the Business 30GB for 5 months and it's always been $79. Something looks off.
TKT-2025-03382,25/12/2025 16:15,social_twitter,Fatima Roberts,Christchurch,Business 30GB,Mei W.,2,My bill this month is $120 but I've been on the Business 30GB for 14 months and it's always been $79. Something looks off.
TKT-2025-03383,25/12/2025 16:42,phone_transcript,Sione Patel,Wellington,Family Share 60GB,Amy S.,,I'd like an itemised bill for the last 3 months. The totals don't match what I expect.
TKT-2025-03384,25/12/2025 16:42,social_facebook,Oliver Zhang,Auckland,Business Unlimited,Auto-response,4,There's an unexpected roaming charge of $60 on my account for March. I did not travel internationally.
TKT-2025-03385,25/12/2025 19:42,phone_transcript,Faleolo Tuimavave,Auckland,Unlimited Max,Connor B.,3,My bill this month is $75 but I've been on the Unlimited Max for 18 months and it's always been $79. Something looks off.
TKT-2025-03386,25/12/2025 20:10,email,Luisa Patel,Hamilton,Unlimited Max,Ben H.,3,I'm unable to send MMS messages to other networks. Regular SMS works fine.
TKT-2025-03387,25/12/2025 20:37,social_twitter,Liam Wang,Rotorua,Business Unlimited,Tom F.,1,I would like to change my current Business Unlimited plan and need to understand my options.
TKT-2025-03388,25/12/2025 22:42,phone_transcript,Luisa Mitchell,New Plymouth,Unlimited Max,Auto-response,,My bill this month is $189 but I've been on the Unlimited Max for 17 months and it's always been $79. Something looks off.
TKT-2025-03389,25/12/2025 22:54,chatbot,Sanjay Martinez,Auckland,Family Share 60GB,Ben H.,2,My bill this month is $210 but I've been on the Family Share 60GB for 3 months and it's always been $29. Something looks off.
TKT-2025-03390,25/12/2025 23:16,web_form,Ravi Zhang,Hamilton,Pro Unlimited,David L.,1,I want to escalate my complaint to a manager. My issue has been ongoing for 2 weeks.
TKT-2025-03391,26/12/2025 07:24,web_form,Sophia Khalil,Auckland,Unlimited Max,Amy S.,5,My bill this month is $189 but I've been on the Unlimited Max for 13 months and it's always been $79. Something looks off.
TKT-2025-03392,26/12/2025 07:53,live_chat,Isabella Tane,Napier,SmartPlan 20GB,,3,My voicemail isn't recording messages. Callers say they hear the greeting but nothing is saved.
TKT-2025-03393,26/12/2025 08:03,live_chat,Mia Ngata,Napier,Prepay 1GB,Ngaio W.,4,My bill this month is $99 but I've been on the Prepay 1GB for 5 months and it's always been $79. Something looks off.
TKT-2025-03394,26/12/2025 08:06,live_chat,Ava Johnson,Auckland,Prepay 1GB,Fatima R.,4,My bill this month is $45 but I've been on the Prepay 1GB for 4 months and it's always been $39. Something looks off.
TKT-2025-03395,26/12/2025 08:10,chatbot,Sophie Patel,Rotorua,Senior Easy Plan,,1,My bill this month is $15 but I've been on the Senior Easy Plan for 18 months and it's always been $99. Something looks off.
TKT-2025-03396,26/12/2025 08:20,phone_transcript,Luisa Zhang,Wellington,Business 30GB,Auto-response,1,I want to downgrade my plan but I'm unsure of my contract obligations.
TKT-2025-03397,26/12/2025 08:33,chatbot,Fatima Wilson,Wellington,Business Unlimited,Mei W.,4,My hotspot feature stopped working after I updated my phone. I've checked the settings.
TKT-2025-03398,26/12/2025 09:04,email,Thomas Davies,Christchurch,Prepay 1GB,Ben H.,,I'd like an itemised bill for the last 3 months. The totals don't match what I expect.
TKT-2025-03399,26/12/2025 09:30,email,Ava Taylor,Wellington,Business Unlimited,James T.,3,My bill this month is $145 but I've been on the Business Unlimited for 16 months and it's always been $39. Something looks off.
TKT-2025-03400,26/12/2025 09:36,email,Rangi Walker,Dunedin,Business 30GB,James T.,4,My bill this month is $189 but I've been on the Business 30GB for 13 months and it's always been $79. Something looks off.
TKT-2025-03401,26/12/2025 09:55,social_facebook,Hemi Nguyen,Christchurch,Unlimited Max,Ngaio W.,,I've been charged $89 and I don't recognise this charge. Could a billing specialist please review my account?
TKT-2025-03402,26/12/2025 10:05,email,James Anderson,Wellington,Family Share 60GB,Aroha N.,,Can you explain the 'network access charge' of $120 on my latest invoice? I don't know what this is.
TKT-2025-03403,26/12/2025 10:10,email,Hemi Kumar,Whanganui,Pro Unlimited,Sarah M.,2,I was promised a discount when I signed up but my bill doesn't reflect it. I'm being charged $210 instead of $89.
TKT-2025-03404,26/12/2025 10:25,web_form,Aroha Wilson,Nelson,Pro Unlimited,,,My bill this month is $60 but I've been on the Pro Unlimited for 3 months and it's always been $89. Something looks off.
TKT-2025-03405,26/12/2025 10:29,web_form,Aroha Li,Auckland,Senior Easy Plan,Connor B.,4,My bill this month is $60 but I've been on the Senior Easy Plan for 2 months and it's always been $59. Something looks off.
TKT-2025-03406,26/12/2025 10:36,social_facebook,Raj Jones,Christchurch,Senior Easy Plan,,4,My bill this month is $126 but I've been on the Senior Easy Plan for 16 months and it's always been $59. Something looks off.
TKT-2025-03407,26/12/2025 11:35,social_twitter,Pita Singh,Queenstown,Business Unlimited,Aroha N.,3,My bill this month is $99 but I've been on the Business Unlimited for 7 months and it's always been $89. Something looks off.
TKT-2025-03408,26/12/2025 11:40,chatbot,Mere Wang,New Plymouth,Business 30GB,,2,My bill this month is $89 but I've been on the Business 30GB for 7 months and it's always been $79. Something looks off.
TKT-2025-03409,26/12/2025 11:46,chatbot,Hassan Ali,Whanganui,Youth 15GB,Raj P.,1,My bill this month is $15 but I've been on the Youth 15GB for 7 months and it's always been $79. Something looks off.
TKT-2025-03410,26/12/2025 12:00,social_facebook,Mei Patel,Whanganui,Unlimited Max,Amy S.,3,I would like to change my current Unlimited Max plan and need to understand my options.
TKT-2025-03411,26/12/2025 13:03,web_form,Chloe Smith,Auckland,Prepay 1GB,James T.,,I cancelled my insurance add-on last last week but I'm still being billed $30 for it.
TKT-2025-03412,26/12/2025 14:52,web_form,Daniel Thompson,Nelson,Senior Easy Plan,,3,I was promised a discount when I signed up but my bill doesn't reflect it. I'm being charged $75 instead of $29.
TKT-2025-03413,26/12/2025 15:23,chatbot,Emma Faleolo,Napier,Unlimited Max,Raj P.,,My bill this month is $120 but I've been on the Unlimited Max for 7 months and it's always been $39. Something looks off.
TKT-2025-03414,26/12/2025 15:24,chatbot,Sione Martinez,Queenstown,Senior Easy Plan,Connor B.,4,My bill this month is $120 but I've been on the Senior Easy Plan for 13 months and it's always been $99. Something looks off.
TKT-2025-03415,26/12/2025 16:37,social_twitter,Hassan Tuimavave,Tauranga,Unlimited Max,Connor B.,,There's a $30 reconnection fee on my bill but I never requested a disconnection.
TKT-2025-03416,26/12/2025 16:56,email,Rangi Ngata,Whangarei,Family Share 60GB,Ngaio W.,,I ported my number last month and was charged by both carriers. I need a refund.
TKT-2025-03417,26/12/2025 17:36,web_form,Aroha Miller,Napier,Youth 15GB,James T.,4,Can I get a SIM card for my elderly mother? She needs something very simple.
TKT-2025-03418,26/12/2025 17:37,chatbot,Chloe Harris,Hamilton,Essential 3GB,Ben H.,4,I switched from Essential 3GB to Business Unlimited mid-month and I think my pro-rata billing is wrong.
TKT-2025-03419,26/12/2025 17:42,app_support,Dev Nguyen,Auckland,Pro Unlimited,Amy S.,3,My account email address has changed and I can't receive verification codes anymore.
TKT-2025-03420,26/12/2025 18:07,email,Ravi Taylor,Hamilton,Business Unlimited,,,I'm experiencing intermittent data dropouts throughout the day in Hamilton. This has been happening for 5 days.
TKT-2025-03421,26/12/2025 19:09,live_chat,Faleolo Johnson,Christchurch,Senior Easy Plan,Ngaio W.,,I cancelled my insurance add-on last last week but I'm still being billed $45 for it.
TKT-2025-03422,26/12/2025 21:03,app_support,William Liu,Tauranga,Youth 15GB,,3,My bill this month is $126 but I've been on the Youth 15GB for 5 months and it's always been $39. Something looks off.
TKT-2025-03423,26/12/2025 21:12,phone_transcript,Pita Thompson,Auckland,Senior Easy Plan,Raj P.,,My bill this month is $99 but I've been on the Senior Easy Plan for 17 months and it's always been $59. Something looks off.
TKT-2025-03424,26/12/2025 22:50,app_support,Ava Thomas,Auckland,Business 30GB,Aroha N.,2,I need to change my SIM card size as I've upgraded my phone.
TKT-2025-03425,26/12/2025 23:48,social_facebook,Sophia Roberts,Auckland,Youth 15GB,Ben H.,5,Can you explain the 'network access charge' of $15 on my latest invoice? I don't know what this is.
TKT-2025-03426,27/12/2025 01:11,email,Jin Thompson,Auckland,Pro Unlimited,Raj P.,1,My bill this month is $20 but I've been on the Pro Unlimited for 17 months and it's always been $79. Something looks off.
TKT-2025-03427,27/12/2025 07:56,phone_transcript,Chloe Xu,Auckland,Essential 3GB,David L.,4,I'm experiencing intermittent data dropouts throughout the day in Auckland. This has been happening for 12 days.
TKT-2025-03428,27/12/2025 12:13,social_twitter,Ravi Williams,Auckland,Unlimited Max,Amy S.,,My bill this month is $120 but I've been on the Unlimited Max for 11 months and it's always been $79. Something looks off.
TKT-2025-03429,27/12/2025 12:52,chatbot,Hemi Miller,Whangarei,Prepay 1GB,Auto-response,5,My bill this month is $126 but I've been on the Prepay 1GB for 13 months and it's always been $59. Something looks off.
TKT-2025-03430,27/12/2025 16:23,chatbot,Sione Wilson,Auckland,Business 30GB,Ngaio W.,,My bill this month is $75 but I've been on the Business 30GB for 6 months and it's always been $39. Something looks off.
TKT-2025-03431,27/12/2025 23:17,chatbot,Charlotte Roberts,Napier,Unlimited Max,Sarah M.,3,I cancelled my international calling add-on last last week but I'm still being billed $99 for it.
TKT-2025-03432,28/12/2025 09:16,web_form,Olivia Thompson,Auckland,Youth 15GB,Ben H.,4,My bill this month is $120 but I've been on the Youth 15GB for 8 months and it's always been $49. Something looks off.
TKT-2025-03433,28/12/2025 09:32,web_form,Daniel Ngata,Auckland,Youth 15GB,Sarah M.,3,"I'm consistently getting poor signal in my new apartment in Central, Auckland."
TKT-2025-03434,28/12/2025 13:38,chatbot,Emma Davies,Hamilton,Youth 15GB,Sarah M.,3,My bill this month is $45 but I've been on the Youth 15GB for 8 months and it's always been $39. Something looks off.
TKT-2025-03435,28/12/2025 15:00,web_form,Pita Faleolo,Christchurch,Prepay 1GB,Priya K.,1,My bill this month is $89 but I've been on the Prepay 1GB for 10 months and it's always been $49. Something looks off.
TKT-2025-03436,28/12/2025 15:12,live_chat,Hemi Garcia,Auckland,Pro Unlimited,Ben H.,3,I have a new 5G-capable phone but I'm not seeing 5G connectivity in Auckland where it should be available.
TKT-2025-03437,28/12/2025 15:59,chatbot,Thomas Thompson,Auckland,Business Unlimited,Ngaio W.,3,My bill this month is $120 but I've been on the Business Unlimited for 9 months and it's always been $29. Something looks off.
TKT-2025-03438,28/12/2025 19:37,phone_transcript,Isabella Jones,Auckland,Youth 15GB,James T.,,I ported my number last month and was charged by both carriers. I need a refund.
TKT-2025-03439,28/12/2025 23:30,app_support,William Davies,Christchurch,Unlimited Max,Raj P.,2,My bill this month is $45 but I've been on the Unlimited Max for 2 months and it's always been $49. Something looks off.
TKT-2025-03440,29/12/2025 01:07,email,Raj Jones,Christchurch,Business Unlimited,Ben H.,3,My bill this month is $15 but I've been on the Business Unlimited for 17 months and it's always been $89. Something looks off.
TKT-2025-03441,29/12/2025 07:48,web_form,Evelyn Ngata,Wellington,Business Unlimited,Raj P.,2,My bill this month is $120 but I've been on the Business Unlimited for 6 months and it's always been $79. Something looks off.
TKT-2025-03442,29/12/2025 08:24,live_chat,Dev Ali,Wellington,SmartPlan 20GB,Connor B.,,My bill shows a late payment fee of $145 but I paid on time. I have bank confirmation.
TKT-2025-03443,29/12/2025 08:29,email,Harper Mitchell,Auckland,Family Share 60GB,Jake S.,2,My bill this month is $75 but I've been on the Family Share 60GB for 10 months and it's always been $89. Something looks off.
TKT-2025-03444,29/12/2025 08:41,social_twitter,Sophia Lee,Wellington,Senior Easy Plan,Sarah M.,,My bill this month is $89 but I've been on the Senior Easy Plan for 3 months and it's always been $39. Something looks off.
TKT-2025-03445,29/12/2025 08:45,email,Mere Evans,Tauranga,Senior Easy Plan,Amy S.,3,I've received a new phone but I'm having trouble transferring my number to the eSIM.
TKT-2025-03446,29/12/2025 09:37,web_form,Oliver Thompson,Palmerston North,Unlimited Max,Mei W.,4,My number isn't receiving calls from overseas. Domestic calls are fine.
TKT-2025-03447,29/12/2025 10:05,email,Emma Martinez,Christchurch,Pro Unlimited,Connor B.,,My bill this month is $30 but I've been on the Pro Unlimited for 15 months and it's always been $39. Something looks off.
TKT-2025-03448,29/12/2025 10:53,chatbot,Hemi Harris,Wellington,Family Share 60GB,Jake S.,3,I was promised a callback within 24 hours and I'm still waiting after 13 days.
TKT-2025-03449,29/12/2025 11:17,phone_transcript,Sione Wilson,Whangarei,Business 30GB,Auto-response,5,I bought a new phone and I want to check it's compatible with your network.
TKT-2025-03450,29/12/2025 11:25,chatbot,Jack Ngata,Hamilton,Pro Unlimited,Aroha N.,3,My bill this month is $99 but I've been on the Pro Unlimited for 3 months and it's always been $29. Something looks off.
TKT-2025-03451,29/12/2025 11:35,phone_transcript,Daniel Liu,Wellington,Business 30GB,Ngaio W.,2,My bill this month is $20 but I've been on the Business 30GB for 15 months and it's always been $39. Something looks off.
TKT-2025-03452,29/12/2025 11:48,chatbot,Sophia Harris,Wellington,SmartPlan 20GB,James T.,4,I found my phone after reporting it lost. Can you reactivate my service?
TKT-2025-03453,29/12/2025 11:58,live_chat,Chloe Harris,Auckland,Family Share 60GB,Ngaio W.,2,I want to downgrade my plan but I'm unsure of my contract obligations.
TKT-2025-03454,29/12/2025 13:08,web_form,Tane Kumar,Wellington,Senior Easy Plan,,3,My bill this month is $99 but I've been on the Senior Easy Plan for 2 months and it's always been $49. Something looks off.
TKT-2025-03455,29/12/2025 14:33,email,Emma Wilson,Auckland,Prepay 1GB,Priya K.,3,Mobile data works but I can't make voice calls. I've tried restarting my phone multiple times.
TKT-2025-03456,29/12/2025 15:27,phone_transcript,George Johnson,Palmerston North,Unlimited Max,Amy S.,3,My bill this month is $60 but I've been on the Unlimited Max for 8 months and it's always been $39. Something looks off.
TKT-2025-03457,29/12/2025 15:27,web_form,Evelyn Taylor,Auckland,Business Unlimited,Mei W.,5,There's an unexpected roaming charge of $120 on my account for February. I did not travel internationally.
TKT-2025-03458,29/12/2025 15:35,web_form,Isabella Brown,Wellington,Pro Unlimited,Lisa C.,,My bill this month is $75 but I've been on the Pro Unlimited for 5 months and it's always been $59. Something looks off.
TKT-2025-03459,29/12/2025 16:07,social_facebook,Liam Anderson,Auckland,Prepay 1GB,Aroha N.,5,I'm getting 'SIM not provisioned' errors intermittently. My SIM is less than 6 months old.
TKT-2025-03460,29/12/2025 19:42,chatbot,Sione Walker,Hamilton,Family Share 60GB,Jake S.,1,There's an unexpected roaming charge of $145 on my account for July. I did not travel internationally.
TKT-2025-03461,29/12/2025 19:49,email,Ethan Lee,Wellington,Essential 3GB,Lisa C.,,I switched from Essential 3GB to Family Share 60GB mid-month and I think my pro-rata billing is wrong.
TKT-2025-03462,29/12/2025 21:30,chatbot,Anika Faleolo,Christchurch,Business Unlimited,Ngaio W.,,My bill this month is $189 but I've been on the Business Unlimited for 15 months and it's always been $39. Something looks off.
TKT-2025-03463,30/12/2025 07:43,web_form,Mere Taylor,Auckland,Youth 15GB,Aroha N.,,I'd like to add a data top-up to my Youth 15GB. How long does it last?
TKT-2025-03464,30/12/2025 09:05,web_form,Mere Miller,Auckland,Pro Unlimited,Priya K.,3,My bill this month is $210 but I've been on the Pro Unlimited for 9 months and it's always been $59. Something looks off.
TKT-2025-03465,30/12/2025 09:35,email,Mia Heke,Palmerston North,Business 30GB,Mei W.,,My bill this month is $120 but I've been on the Business 30GB for 13 months and it's always been $59. Something looks off.
TKT-2025-03466,30/12/2025 09:55,web_form,Isabella Parata,Rotorua,Unlimited Max,Fatima R.,,My bill this month is $60 but I've been on the Unlimited Max for 3 months and it's always been $49. Something looks off.
TKT-2025-03467,30/12/2025 10:24,chatbot,Sanjay Khalil,Auckland,SmartPlan 20GB,Ngaio W.,4,My bill this month is $45 but I've been on the SmartPlan 20GB for 2 months and it's always been $59. Something looks off.
TKT-2025-03468,30/12/2025 10:51,chatbot,Hassan Wang,Auckland,Youth 15GB,,1,My account email address has changed and I can't receive verification codes anymore.
TKT-2025-03469,30/12/2025 10:52,social_facebook,Amelia Parata,Auckland,Pro Unlimited,,4,Can you explain the 'network access charge' of $60 on my latest invoice? I don't know what this is.
TKT-2025-03470,30/12/2025 10:56,live_chat,Evelyn Mitchell,Wellington,Essential 3GB,Ngaio W.,4,I bought a new phone and I want to check it's compatible with your network.
TKT-2025-03471,30/12/2025 12:19,live_chat,Ethan Smith,Auckland,SmartPlan 20GB,David L.,2,I believe I've been double-charged for my SmartPlan 20GB plan this month. Please investigate.
TKT-2025-03472,30/12/2025 13:10,web_form,Thomas Jones,Christchurch,Senior Easy Plan,,4,I need to update my direct debit bank account details.
TKT-2025-03473,30/12/2025 14:53,email,Jin Khan,Auckland,Business 30GB,Lisa C.,,I was promised a discount when I signed up but my bill doesn't reflect it. I'm being charged $126 instead of $89.
TKT-2025-03474,30/12/2025 16:14,social_facebook,Daniel Nguyen,Tauranga,Senior Easy Plan,Auto-response,4,My bill this month is $20 but I've been on the Senior Easy Plan for 2 months and it's always been $99. Something looks off.
TKT-2025-03475,30/12/2025 16:38,social_facebook,Olivia Anderson,Auckland,Unlimited Max,James T.,4,My bill this month is $75 but I've been on the Unlimited Max for 8 months and it's always been $39. Something looks off.
TKT-2025-03476,30/12/2025 17:47,app_support,Olivia Thompson,Wellington,Prepay 1GB,Auto-response,2,I want to pause my plan for 3 months while I'm overseas. Is that possible?
TKT-2025-03477,30/12/2025 18:07,chatbot,Noah Martin,Christchurch,Family Share 60GB,Tom F.,3,My bill this month is $145 but I've been on the Family Share 60GB for 5 months and it's always been $99. Something looks off.
TKT-2025-03478,30/12/2025 19:56,chatbot,Isabella Williams,Blenheim,Unlimited Max,Jake S.,,I want to downgrade my plan but I'm unsure of my contract obligations.
TKT-2025-03479,30/12/2025 22:55,chatbot,Sanjay Thomas,Christchurch,Unlimited Max,Sarah M.,4,My bill this month is $99 but I've been on the Unlimited Max for 9 months and it's always been $49. Something looks off.
TKT-2025-03480,31/12/2025 08:04,chatbot,Jin Anderson,Tauranga,Pro Unlimited,Aroha N.,3,I can't make or receive calls while connected to Wi-Fi. The issue started 5 days ago.
TKT-2025-03481,31/12/2025 08:37,chatbot,James Taufa,Wellington,Business Unlimited,Sarah M.,4,My bill this month is $45 but I've been on the Business Unlimited for 12 months and it's always been $49. Something looks off.
TKT-2025-03482,31/12/2025 09:34,web_form,Jack Hassan,Auckland,Essential 3GB,Ngaio W.,4,I've called three times about the same billing issue and it still hasn't been resolved. This is unacceptable.
TKT-2025-03483,31/12/2025 09:42,web_form,Jack Ngata,Nelson,SmartPlan 20GB,Jake S.,,My bill this month is $189 but I've been on the SmartPlan 20GB for 18 months and it's always been $29. Something looks off.
TKT-2025-03484,31/12/2025 10:08,email,Oliver Taylor,Auckland,Essential 3GB,,3,My bill this month is $20 but I've been on the Essential 3GB for 7 months and it's always been $29. Something looks off.
TKT-2025-03485,31/12/2025 10:20,social_twitter,Xiao Evans,Christchurch,Unlimited Max,David L.,,My bill this month is $45 but I've been on the Unlimited Max for 12 months and it's always been $29. Something looks off.
TKT-2025-03486,31/12/2025 11:24,web_form,Chloe Singh,Tauranga,SmartPlan 20GB,Priya K.,4,My bill this month is $45 but I've been on the SmartPlan 20GB for 18 months and it's always been $39. Something looks off.
TKT-2025-03487,31/12/2025 12:51,email,Pita Thomas,Wellington,Senior Easy Plan,David L.,3,My bill this month is $75 but I've been on the Senior Easy Plan for 6 months and it's always been $89. Something looks off.
TKT-2025-03488,31/12/2025 13:03,phone_transcript,Xiao Kumar,Wellington,Pro Unlimited,Sarah M.,2,I want to switch to a business plan but I'm not sure which tier suits my usage.
TKT-2025-03489,31/12/2025 13:07,web_form,Charlotte Johnson,Dunedin,Unlimited Max,Mei W.,2,Calls to landlines are cutting out after exactly 30 minutes every time.
TKT-2025-03490,31/12/2025 13:29,phone_transcript,Hemi Thompson,Wellington,Family Share 60GB,Amy S.,,My bill this month is $126 but I've been on the Family Share 60GB for 4 months and it's always been $99. Something looks off.
TKT-2025-03491,31/12/2025 14:20,email,Olivia Garcia,Auckland,Essential 3GB,Lisa C.,,I need to update my direct debit bank account details.
TKT-2025-03492,31/12/2025 14:53,phone_transcript,Aroha Evans,Auckland,Pro Unlimited,,3,My bill this month is $210 but I've been on the Pro Unlimited for 4 months and it's always been $99. Something looks off.
TKT-2025-03493,31/12/2025 15:34,social_twitter,George Martinez,Wellington,Business 30GB,Aroha N.,4,I've been charged for an international calling plan that I never added to my account.
TKT-2025-03494,31/12/2025 15:44,web_form,Ravi Garcia,Timaru,Unlimited Max,David L.,3,My number isn't receiving calls from overseas. Domestic calls are fine.
TKT-2025-03495,31/12/2025 16:51,email,Luisa Miller,Auckland,Pro Unlimited,Connor B.,4,My bill this month is $210 but I've been on the Pro Unlimited for 10 months and it's always been $79. Something looks off.
TKT-2025-03496,31/12/2025 17:36,social_facebook,Tane Khan,Tauranga,Pro Unlimited,James T.,,My bill this month is $30 but I've been on the Pro Unlimited for 10 months and it's always been $39. Something looks off.
TKT-2025-03497,31/12/2025 18:18,social_twitter,Faleolo Williams,Dunedin,Prepay 1GB,Aroha N.,4,I switched from Prepay 1GB to Youth 15GB mid-month and I think my pro-rata billing is wrong.
TKT-2025-03498,31/12/2025 19:26,phone_transcript,Chloe Williams,Whangarei,Unlimited Max,Mei W.,,I've been charged $20 and I don't recognise this charge. Could a billing specialist please review my account?
TKT-2025-03499,31/12/2025 19:54,email,Harper Anderson,Rotorua,Pro Unlimited,Connor B.,3,I was given incorrect information by a customer service agent last week and it's caused real problems.
TKT-2025-03500,31/12/2025 21:55,chatbot,Sione Martin,Christchurch,Business Unlimited,,3,I can't make or receive calls while connected to Wi-Fi. The issue started 14 days ago.
